{"stats":{"minecraft:custom":{"minecraft:mob_kills":271,"minecraft:interact_with_crafting_table":3,"minecraft:open_barrel":9,"minecraft:damage_dealt_resisted":19513,"minecraft:leave_game":16,"minecraft:time_since_death":1162,"minecraft:climb_one_cm":14010,"minecraft:damage_resisted":3001,"minecraft:time_since_rest":538,"minecraft:sprint_one_cm":577621,"minecraft:damage_taken":17257,"minecraft:walk_one_cm":440354,"tombstone:sneak_grave":11,"minecraft:drop":37,"minecraft:damage_dealt":248,"minecraft:swim_one_cm":111343,"minecraft:player_kills":6,"minecraft:fly_one_cm":1379177,"minecraft:open_chest":12,"minecraft:crouch_one_cm":37724,"minecraft:play_time":198202,"minecraft:deaths":30,"minecraft:sneak_time":20678,"minecraft:walk_under_water_one_cm":36385,"minecraft:jump":4659,"minecraft:walk_on_water_one_cm":94855,"minecraft:total_world_time":198202,"minecraft:fall_one_cm":149866},"minecraft:mined":{"minecraft:light_blue_stained_glass_pane":4,"minecraft:blue_stained_glass_pane":2,"minecraft:glass_pane":3,"minecraft:candle":1,"minecraft:blue_stained_glass":4,"minecraft:light_gray_terracotta":2,"minecraft:gray_stained_glass_pane":2,"minecraft:granite":7,"minecraft:grass_block":7,"minecraft:gray_stained_glass":16,"minecraft:white_stained_glass":2,"minecraft:glass":2,"minecraft:cobblestone":3,"minecraft:spruce_leaves":7,"minecraft:moss_block":1,"minecraft:spawner":1,"minecraft:light_blue_stained_glass":2,"minecraft:large_fern":1,"minecraft:ice":1,"minecraft:birch_leaves":2,"minecraft:smooth_stone_slab":1,"minecraft:grass":4,"minecraft:coal_ore":3,"minecraft:oak_log":4,"minecraft:dirt":7,"minecraft:stone":60,"minecraft:stone_bricks":4,"jujutsucraft:cursed_block":1,"minecraft:oak_leaves":4},"minecraft:dropped":{"minecraft:wheat_seeds":3,"jujutsucraft:uniform_normal_leggings":1,"minecraft:smooth_stone_slab":2,"tombstone:gift":1,"jujutsucraft:sword_black":1,"minecraft:granite":1,"minecraft:grass_block":1,"jujutsucraft:uniform_normal_chestplate":1,"minecraft:cod":3,"minecraft:stick":6,"minecraft:spruce_leaves":1,"minecraft:dirt":9,"minecraft:light_blue_stained_glass":1,"minecraft:white_concrete":2,"minecraft:oak_sapling":9,"tombstone:grave_dust":3,"minecraft:stone_bricks":4,"minecraft:bone_meal":1,"minecraft:wooden_pickaxe":1,"jujutsucraft:uniform_normal_boots":1,"minecraft:oak_leaves":2,"minecraft:spruce_sapling":1},"minecraft:picked_up":{"minecraft:spruce_leaves":1,"minecraft:oak_log":5,"minecraft:dirt":14,"tombstone:gift":1,"minecraft:smooth_stone_slab":2,"minecraft:stone_bricks":5,"minecraft:wheat_seeds":2,"minecraft:candle":4,"jujutsucraft:sword_black":1,"minecraft:oak_planks":16,"minecraft:stick":6,"minecraft:stone":1,"minecraft:gravel":1,"minecraft:spruce_sapling":1,"tombstone:grave_dust":1,"minecraft:grass_block":3,"minecraft:light_blue_stained_glass":1,"jujutsucraft:item_master_reverse_cursed_technique":1,"minecraft:granite":14,"minecraft:bone_meal":1,"minecraft:white_concrete":2,"minecraft:oak_sapling":8,"minecraft:cod":3,"minecraft:coal":3,"minecraft:oak_leaves":2,"minecraft:cobblestone":101},"minecraft:crafted":{"minecraft:oak_planks":16,"minecraft:crafting_table":3,"minecraft:wooden_pickaxe":1,"minecraft:stick":8,"minecraft:stone_pickaxe":2},"minecraft:killed_by":{"jujutsucraft:cursed_spirit_grade_24":1,"jujutsucraft:cursed_spirit_grade_01":1,"jujutsucraft:kechizu":1,"minecraft:player":5,"jujutsucraft:cursed_spirit_grade_11":1,"jujutsucraft:negi_toshihisa":2,"jujutsucraft:cursed_spirit_grade_05":4,"jujutsucraft:cursed_spirit_grade_26":1,"jujutsucraft:nanami_kento":1,"jujutsucraft:curse_user_1":2,"jujutsucraft:cursed_spirit_grade_314":1,"jujutsucraft:cursed_spirit_grade_21":1,"jujutsucraft:curse_user":3},"minecraft:used":{"minecraft:stone_pickaxe":78,"minecraft:oak_planks":13,"minecraft:wooden_pickaxe":13,"minecraft:stone":1,"jujutsucraft:uniform_normal_boots":1,"minecraft:oak_leaves":1,"minecraft:dirt":6,"minecraft:crafting_table":3,"minecraft:granite":13,"jujutsucraft:uniform_normal_chestplate":1,"jujutsucraft:supreme_martial_solution":5,"minecraft:oak_log":1,"minecraft:grass_block":2,"minecraft:gravel":1,"minecraft:cobblestone":93,"jujutsucraft:uniform_normal_leggings":1,"tombstone:gift":3,"minecraft:candle":4},"minecraft:killed":{"jujutsucraft:cursed_spirit_grade_32":3,"jujutsucraft:cursed_spirit_grade_31":1,"jujutsucraft:cursed_spirit_grade_33":33,"minecraft:pig":1,"jujutsucraft:nanako":2,"jujutsucraft:jujutsu_sorcerer":1,"minecraft:salmon":61,"minecraft:bat":1,"jujutsucraft:cursed_spirit_grade_37":1,"jujutsucraft:cursed_spirit_grade_318":1,"jujutsucraft:cursed_spirit_grade_316":1,"jujutsucraft:curse_user_1":4,"minecraft:cod":37,"jujutsucraft:curse_user":4,"minecraft:squid":9,"minecraft:sheep":2,"jujutsucraft:cursed_spirit_grade_39":13,"jujutsucraft:cursed_spirit_grade_312":1,"jujutsucraft:cursed_spirit_grade_314":8,"jujutsucraft:cursed_spirit_grade_313":2,"jujutsucraft:crow":5,"jujutsucraft:cursed_spirit_grade_311":7,"jujutsucraft:cursed_spirit_grade_310":3,"jujutsucraft:negi_toshihisa":1,"minecraft:chicken":2,"jujutsucraft:cursed_spirit_grade_36":8,"jujutsucraft:cursed_spirit_grade_317":11,"jujutsucraft:cursed_spirit_grade_315":7,"jujutsucraft:cursed_spirit_grade_38":4,"jujutsucraft:cursed_spirit_grade_34":19,"jujutsucraft:cursed_spirit_grade_319":4,"jujutsucraft:q":2}},"DataVersion":3465}