{"stat.drop.minecraft.stone_pickaxe":1,"stat.useItem.minecraft.iron_axe":11,"stat.leaveGame":1,"stat.mineBlock.minecraft.cobblestone":27,"stat.craftItem.tombstone.grave_key":1,"stat.mineBlock.srparasites.infestedbush":3,"stat.mineBlock.srparasites.gore":1,"stat.mineBlock.minecraft.concrete":3,"stat.mineBlock.minecraft.sandstone":14,"stat.pickup.srparasites.parasitecanister":7,"stat.swimOneCm":42851,"stat.useItem.minecraft.concrete_powder":6,"stat.useItem.minecraft.planks":12,"stat.climbOneCm":13052,"stat.drop.minecraft.cobblestone":29,"stat.useItem.minecraft.stone_slab2":42,"stat.useItem.minecraft.water_bucket":18,"stat.drop.minecraft.poisonous_potato":4,"stat.pickup.minecraft.sand":28,"stat.craftItem.minecraft.furnace":1,"stat.useItem.minecraft.egg":2,"stat.mineBlock.nocubessrpnests.nestegg":14,"stat.craftItem.spartanshields.shield_basic_iron":1,"stat.craftItem.minecraft.iron_boots":1,"stat.pickup.minecraft.cobblestone_wall":24,"stat.craftItem.minecraft.stone_pickaxe":2,"stat.useItem.srparasites.parasitecanister":1,"stat.pickup.minecraft.cobblestone":477,"stat.flyOneCm":696022,"stat.pickup.minecraft.sandstone":18,"stat.mineBlock.minecraft.sand":29,"stat.drop.minecraft.wheat_seeds":2,"stat.mineBlock.minecraft.iron_ore":87,"stat.timeSinceDeath":39332,"stat.craftItem.spartanshields.shield_basic_wood":1,"stat.hopperInspected":1,"stat.useItem.minecraft.iron_pickaxe":52,"stat.craftItem.minecraft.wooden_pickaxe":1,"stat.pickup.minecraft.mossy_cobblestone":39,"stat.useItem.minecraft.potato":136,"stat.pickup.cgm.basic_ammo":32,"stat.pickup.minecraft.stonebrick":2,"stat.furnaceInteraction":55,"stat.craftItem.minecraft.concrete_powder":8,"stat.mineBlock.minecraft.coal_ore":40,"stat.talkedToVillager":17,"stat.pickup.cgm.advanced_ammo":64,"stat.craftItem.nocubessrpnests.crateorganicsample":1,"stat.pickup.minecraft.furnace":1,"stat.craftItem.minecraft.stone_slab2":0,"stat.mineBlock.cgm.workbench":1,"stat.pickup.tombstone.bone_needle":1,"stat.sprintOneCm":379977,"stat.drop.waterstrainer.strainer_survivalist":2,"stat.pickup.minecraft.iron_chestplate":1,"stat.mineBlock.minecraft.stone_slab":2,"stat.pickup.minecraft.skull":1,"stat.pickup.cgm.workbench":1,"stat.craftItem.minecraft.stick":4,"stat.useItem.minecraft.stone_slab":3,"stat.pickup.nocubessrpnests.neststonelight":2,"stat.mineBlock.minecraft.fence":1,"stat.useItem.minecraft.flint_and_steel":12,"stat.pickup.nocubessrpnests.organicsample":21,"stat.mineBlock.minecraft.crafting_table":3,"stat.craftItem.ironchest.iron_chest":2,"stat.useItem.minecraft.diamond_pickaxe":114,"stat.useItem.minecraft.carrot":12,"stat.pickup.dynamictrees.oakseed":18,"stat.deaths":6,"stat.drop":18,"stat.pickup.minecraft.egg":2,"stat.playOneMinute":159700,"stat.craftItem.minecraft.iron_pickaxe":1,"stat.craftItem.minecraft.dye":1,"stat.drop.minecraft.torch":1,"stat.mineBlock.minecraft.tallgrass":13,"stat.diveOneCm":115713,"stat.drop.minecraft.diamond_pickaxe":2,"stat.pickup.minecraft.cooked_mutton":3,"stat.chestOpened":11,"stat.mineBlock.minecraft.mossy_cobblestone":2,"stat.useItem.minecraft.stone":9,"stat.pickup.minecraft.gravel":9,"stat.mineBlock.minecraft.deadbush":1,"stat.craftItem.minecraft.iron_nugget":27,"stat.jump":3076,"stat.useItem.minecraft.sand":5,"stat.pickup.minecraft.fence":1,"stat.pickup.minecraft.coal":78,"stat.pickup.minecraft.iron_helmet":1,"stat.fallOneCm":89951,"stat.pickup.minecraft.iron_ingot":45,"stat.pickup.minecraft.carrot":27,"stat.crouchOneCm":52089,"stat.mineBlock.minecraft.chest":1,"stat.craftItem.minecraft.iron_ingot":69,"stat.craftItem.minecraft.chest":1,"stat.pickup.minecraft.dirt":2,"stat.mineBlock.minecraft.concrete_powder":3,"stat.craftingTableInteraction":33,"stat.pickup.minecraft.iron_ore":87,"stat.boatOneCm":6761,"stat.pickup.minecraft.iron_axe":2,"stat.mineBlock.minecraft.glass_pane":3,"stat.damageTaken":3434,"stat.pickup.minecraft.leather":6,"stat.mineBlock.minecraft.furnace":1,"stat.mineBlock.minecraft.red_flower":1,"stat.useItem.minecraft.wooden_pickaxe":7,"stat.pickup.minecraft.planks":9,"stat.pickup.minecraft.reeds":3,"stat.craftItem.cgm.workbench":1,"stat.pickup.minecraft.bed":1,"stat.pickup.minecraft.concrete":3,"tombstone:undead_killed":1,"stat.useItem.tombstone.grave_key":2,"stat.pickup.minecraft.wheat_seeds":4,"stat.pickup.minecraft.potato":354,"stat.pickup.srparasites.canisteractive":1,"stat.mineBlock.minecraft.gravel":11,"stat.useItem.minecraft.stone_pickaxe":236,"stat.craftItem.minecraft.iron_leggings":1,"stat.damageDealt":352,"stat.sleepInBed":3,"stat.craftItem.minecraft.baked_potato":176,"stat.mineBlock.minecraft.dirt":1,"stat.useItem.minecraft.crafting_table":1,"stat.pickup.minecraft.poisonous_potato":4,"stat.craftItem.minecraft.iron_sword":1,"stat.drop.minecraft.iron_axe":1,"stat.pickup.minecraft.flint_and_steel":1,"stat.pickup.minecraft.boat":2,"stat.walkOneCm":242470,"stat.useItem.minecraft.torch":2,"stat.playerKills":1,"stat.pickup.minecraft.stick":23,"stat.pickup.minecraft.diamond_pickaxe":2,"stat.pickup.minecraft.crafting_table":3,"stat.useItem.minecraft.cobblestone":157,"stat.craftItem.minecraft.crafting_table":2,"stat.mineBlock.nocubessrpnests.neststonelight":2,"stat.mineBlock.minecraft.double_plant":2,"stat.pickup.cgm.handgun":1,"stat.drop.srparasites.parasitecanister":1,"stat.pickup.cgm.rifle":1,"stat.mineBlock.srparasites.canisteractive":1,"stat.useItem.dynamictrees.oakseed":14,"stat.pickup.minecraft.log":36,"stat.useItem.tombstone.gift":2,"stat.pickup.minecraft.stone":84,"stat.drop.minecraft.planks":1,"stat.drop.minecraft.potato":2,"stat.pickup.minecraft.ender_pearl":1,"stat.pickup.minecraft.apple":1,"stat.pickup.minecraft.ladder":2,"stat.killEntity.Skeleton":1,"stat.craftItem.minecraft.bucket":1,"stat.craftItem.minecraft.planks":44,"stat.useItem.minecraft.iron_sword":4,"stat.mineBlock.srparasites.infestremain":5,"stat.pickup.minecraft.concrete_powder":3,"stat.pickup.waterstrainer.strainer_survivalist":2,"stat.mobKills":12,"stat.useItem.minecraft.boat":2,"stat.useItem.minecraft.mossy_cobblestone":3,"stat.pickup.minecraft.diamond":4,"stat.pickup.minecraft.torch":5,"stat.mineBlock.srparasites.parasitecanister":3,"stat.pickup.minecraft.red_flower":1,"stat.sneakTime":22454,"stat.pickup.nocubessrpnests.crateorganicsample":1,"stat.useItem.minecraft.baked_potato":9,"stat.pickup.minecraft.stone_slab":4,"stat.mineBlock.minecraft.stone":190,"stat.pickup.minecraft.chest":1}