{"stats":{"minecraft:custom":{"minecraft:mob_kills":167,"minecraft:interact_with_crafting_table":3,"minecraft:open_barrel":9,"minecraft:damage_dealt_resisted":10785,"minecraft:leave_game":14,"minecraft:time_since_death":4518,"minecraft:climb_one_cm":9565,"minecraft:damage_resisted":1269,"minecraft:time_since_rest":2859,"minecraft:sprint_one_cm":453767,"minecraft:damage_taken":13287,"minecraft:walk_one_cm":348888,"tombstone:sneak_grave":11,"minecraft:drop":31,"minecraft:damage_dealt":153,"minecraft:swim_one_cm":94667,"minecraft:fly_one_cm":1003794,"minecraft:player_kills":4,"minecraft:open_chest":9,"minecraft:crouch_one_cm":22636,"minecraft:play_time":159783,"minecraft:deaths":22,"minecraft:sneak_time":14772,"minecraft:walk_under_water_one_cm":30222,"minecraft:jump":3660,"minecraft:walk_on_water_one_cm":83329,"minecraft:total_world_time":159783,"minecraft:fall_one_cm":111287},"minecraft:mined":{"minecraft:light_blue_stained_glass_pane":4,"minecraft:glass_pane":3,"minecraft:gray_stained_glass_pane":2,"minecraft:light_gray_terracotta":2,"minecraft:granite":7,"minecraft:grass_block":6,"minecraft:gray_stained_glass":4,"minecraft:cobblestone":3,"minecraft:spruce_leaves":7,"minecraft:moss_block":1,"minecraft:spawner":1,"minecraft:light_blue_stained_glass":2,"minecraft:large_fern":1,"minecraft:grass":4,"minecraft:oak_log":4,"minecraft:coal_ore":3,"minecraft:dirt":6,"minecraft:stone_bricks":4,"minecraft:stone":60,"jujutsucraft:cursed_block":1,"minecraft:oak_leaves":1},"minecraft:dropped":{"minecraft:wheat_seeds":3,"jujutsucraft:uniform_normal_leggings":1,"tombstone:gift":1,"jujutsucraft:sword_black":1,"minecraft:granite":1,"minecraft:grass_block":1,"jujutsucraft:uniform_normal_chestplate":1,"minecraft:cod":3,"minecraft:stick":3,"minecraft:dirt":9,"minecraft:light_blue_stained_glass":1,"minecraft:oak_sapling":8,"tombstone:grave_dust":3,"minecraft:stone_bricks":4,"minecraft:bone_meal":1,"minecraft:wooden_pickaxe":1,"jujutsucraft:uniform_normal_boots":1,"minecraft:oak_leaves":1,"minecraft:spruce_sapling":1},"minecraft:picked_up":{"minecraft:spruce_leaves":1,"minecraft:oak_log":5,"minecraft:dirt":12,"tombstone:gift":1,"minecraft:stone_bricks":4,"minecraft:wheat_seeds":2,"jujutsucraft:sword_black":1,"minecraft:oak_planks":16,"minecraft:stick":4,"minecraft:stone":1,"minecraft:gravel":1,"minecraft:spruce_sapling":1,"tombstone:grave_dust":1,"minecraft:grass_block":2,"minecraft:light_blue_stained_glass":1,"minecraft:granite":14,"minecraft:bone_meal":1,"minecraft:white_concrete":2,"minecraft:oak_sapling":8,"minecraft:cod":3,"minecraft:coal":3,"minecraft:oak_leaves":1,"minecraft:cobblestone":99},"minecraft:crafted":{"minecraft:oak_planks":16,"minecraft:crafting_table":3,"minecraft:wooden_pickaxe":1,"minecraft:stick":8,"minecraft:stone_pickaxe":2},"minecraft:killed_by":{"jujutsucraft:cursed_spirit_grade_24":1,"jujutsucraft:cursed_spirit_grade_01":1,"jujutsucraft:kechizu":1,"minecraft:player":2,"jujutsucraft:cursed_spirit_grade_05":4,"jujutsucraft:negi_toshihisa":1,"jujutsucraft:curse_user_1":2,"jujutsucraft:cursed_spirit_grade_314":1,"jujutsucraft:curse_user":3},"minecraft:used":{"minecraft:stone_pickaxe":75,"minecraft:oak_planks":13,"minecraft:wooden_pickaxe":13,"jujutsucraft:uniform_normal_boots":1,"minecraft:stone":1,"minecraft:oak_leaves":1,"minecraft:dirt":3,"minecraft:crafting_table":3,"minecraft:granite":13,"jujutsucraft:uniform_normal_chestplate":1,"jujutsucraft:supreme_martial_solution":3,"minecraft:oak_log":1,"minecraft:grass_block":1,"minecraft:gravel":1,"minecraft:cobblestone":93,"jujutsucraft:uniform_normal_leggings":1,"tombstone:gift":3},"minecraft:killed":{"jujutsucraft:cursed_spirit_grade_31":1,"jujutsucraft:cursed_spirit_grade_33":14,"minecraft:pig":1,"jujutsucraft:nanako":1,"jujutsucraft:jujutsu_sorcerer":1,"minecraft:salmon":37,"minecraft:bat":1,"jujutsucraft:cursed_spirit_grade_318":1,"jujutsucraft:cursed_spirit_grade_316":1,"jujutsucraft:curse_user_1":3,"minecraft:cod":37,"jujutsucraft:curse_user":3,"minecraft:squid":8,"minecraft:sheep":2,"jujutsucraft:cursed_spirit_grade_39":5,"jujutsucraft:cursed_spirit_grade_313":1,"jujutsucraft:cursed_spirit_grade_314":3,"jujutsucraft:crow":4,"jujutsucraft:cursed_spirit_grade_311":5,"jujutsucraft:cursed_spirit_grade_310":1,"minecraft:chicken":2,"jujutsucraft:cursed_spirit_grade_36":5,"jujutsucraft:cursed_spirit_grade_317":8,"jujutsucraft:cursed_spirit_grade_38":1,"jujutsucraft:cursed_spirit_grade_34":7,"jujutsucraft:cursed_spirit_grade_319":3}},"DataVersion":3465}