{"stats":{"minecraft:killed_by":{"jujutsucraft:cursed_spirit_grade_24":1,"minecraft:player":2,"jujutsucraft:negi_toshihisa":1,"jujutsucraft:cursed_spirit_grade_05":1,"jujutsucraft:curse_user_1":1,"jujutsucraft:cursed_spirit_grade_314":1,"jujutsucraft:curse_user":2},"minecraft:dropped":{"jujutsucraft:uniform_normal_leggings":1,"tombstone:gift":1,"jujutsucraft:sword_black":1,"minecraft:granite":1,"minecraft:grass_block":1,"jujutsucraft:uniform_normal_chestplate":1,"minecraft:cod":1,"minecraft:stick":2,"minecraft:dirt":9,"minecraft:light_blue_stained_glass":1,"minecraft:oak_sapling":7,"tombstone:grave_dust":1,"minecraft:stone_bricks":4,"minecraft:bone_meal":1,"minecraft:wooden_pickaxe":1,"jujutsucraft:uniform_normal_boots":1,"minecraft:oak_leaves":1,"minecraft:spruce_sapling":1},"minecraft:killed":{"jujutsucraft:cursed_spirit_grade_33":5,"minecraft:salmon":34,"minecraft:bat":1,"minecraft:cod":16,"jujutsucraft:curse_user":2,"minecraft:squid":6,"minecraft:sheep":2,"jujutsucraft:cursed_spirit_grade_39":3,"jujutsucraft:cursed_spirit_grade_313":1,"jujutsucraft:cursed_spirit_grade_314":3,"jujutsucraft:crow":2,"jujutsucraft:cursed_spirit_grade_311":1,"jujutsucraft:cursed_spirit_grade_310":1,"minecraft:chicken":2,"jujutsucraft:cursed_spirit_grade_36":3,"jujutsucraft:cursed_spirit_grade_317":4,"jujutsucraft:cursed_spirit_grade_34":4,"jujutsucraft:cursed_spirit_grade_319":2},"minecraft:crafted":{"minecraft:oak_planks":16,"minecraft:crafting_table":3,"minecraft:wooden_pickaxe":1,"minecraft:stick":8,"minecraft:stone_pickaxe":2},"minecraft:mined":{"minecraft:light_blue_stained_glass_pane":4,"minecraft:glass_pane":3,"minecraft:light_gray_terracotta":2,"minecraft:granite":7,"minecraft:grass_block":3,"minecraft:gray_stained_glass":4,"minecraft:cobblestone":3,"minecraft:spruce_leaves":7,"minecraft:spawner":1,"minecraft:large_fern":1,"minecraft:coal_ore":3,"minecraft:oak_log":4,"minecraft:dirt":6,"minecraft:stone":42,"minecraft:stone_bricks":4,"jujutsucraft:cursed_block":1},"minecraft:used":{"minecraft:stone_pickaxe":57,"minecraft:oak_planks":13,"minecraft:wooden_pickaxe":13,"jujutsucraft:uniform_normal_boots":1,"minecraft:stone":1,"minecraft:oak_leaves":1,"minecraft:crafting_table":3,"minecraft:granite":13,"jujutsucraft:uniform_normal_chestplate":1,"minecraft:oak_log":1,"minecraft:gravel":1,"minecraft:cobblestone":43,"jujutsucraft:uniform_normal_leggings":1,"tombstone:gift":3},"minecraft:custom":{"minecraft:mob_kills":99,"minecraft:open_barrel":9,"minecraft:interact_with_crafting_table":3,"minecraft:damage_dealt_resisted":3556,"minecraft:leave_game":9,"minecraft:time_since_death":24206,"minecraft:damage_resisted":16,"minecraft:climb_one_cm":5720,"minecraft:time_since_rest":23690,"minecraft:sprint_one_cm":305063,"minecraft:damage_taken":8288,"minecraft:walk_one_cm":260760,"tombstone:sneak_grave":11,"minecraft:drop":24,"minecraft:damage_dealt":28,"minecraft:swim_one_cm":50491,"minecraft:fly_one_cm":575299,"minecraft:player_kills":4,"minecraft:open_chest":7,"minecraft:crouch_one_cm":17588,"minecraft:play_time":116288,"minecraft:deaths":13,"minecraft:sneak_time":10255,"minecraft:walk_under_water_one_cm":25501,"minecraft:jump":2537,"minecraft:walk_on_water_one_cm":58495,"minecraft:total_world_time":116288,"minecraft:fall_one_cm":73522},"minecraft:picked_up":{"minecraft:oak_log":5,"minecraft:dirt":9,"tombstone:gift":1,"minecraft:stone_bricks":4,"jujutsucraft:sword_black":1,"minecraft:oak_planks":16,"minecraft:stone":1,"minecraft:gravel":1,"minecraft:spruce_sapling":1,"tombstone:grave_dust":1,"minecraft:light_blue_stained_glass":1,"minecraft:grass_block":2,"minecraft:granite":14,"minecraft:bone_meal":1,"minecraft:oak_sapling":7,"minecraft:cod":1,"minecraft:coal":3,"minecraft:oak_leaves":1,"minecraft:cobblestone":81}},"DataVersion":3465}