{"stats":{"minecraft:custom":{"minecraft:mob_kills":324,"minecraft:interact_with_crafting_table":3,"minecraft:open_barrel":9,"minecraft:damage_dealt_resisted":25055,"minecraft:leave_game":17,"minecraft:time_since_death":6764,"minecraft:climb_one_cm":14259,"minecraft:damage_resisted":3479,"minecraft:time_since_rest":4750,"minecraft:sprint_one_cm":611563,"minecraft:damage_taken":17977,"minecraft:walk_one_cm":456656,"tombstone:sneak_grave":11,"minecraft:drop":38,"minecraft:damage_dealt":347,"minecraft:swim_one_cm":129731,"minecraft:player_kills":6,"minecraft:fly_one_cm":1475799,"minecraft:open_chest":16,"minecraft:crouch_one_cm":41351,"minecraft:play_time":208859,"minecraft:deaths":31,"minecraft:sneak_time":22458,"minecraft:walk_under_water_one_cm":38427,"minecraft:jump":4934,"minecraft:walk_on_water_one_cm":105319,"minecraft:total_world_time":208859,"minecraft:fall_one_cm":167684},"minecraft:mined":{"minecraft:light_blue_stained_glass_pane":4,"minecraft:glass_pane":3,"minecraft:blue_stained_glass_pane":2,"minecraft:candle":1,"minecraft:blue_stained_glass":4,"minecraft:light_gray_terracotta":2,"minecraft:gray_stained_glass_pane":2,"minecraft:granite":7,"minecraft:grass_block":7,"minecraft:gray_stained_glass":16,"minecraft:white_stained_glass_pane":4,"minecraft:white_stained_glass":4,"minecraft:glass":6,"minecraft:cobblestone":3,"minecraft:spruce_leaves":7,"minecraft:moss_block":1,"minecraft:spawner":1,"minecraft:light_blue_stained_glass":4,"minecraft:large_fern":1,"minecraft:ice":1,"minecraft:birch_leaves":2,"minecraft:smooth_stone_slab":1,"minecraft:grass":4,"minecraft:coal_ore":3,"minecraft:oak_log":4,"minecraft:gravel":3,"minecraft:dirt":7,"minecraft:stone":60,"minecraft:stone_bricks":4,"jujutsucraft:cursed_block":1,"minecraft:oak_leaves":4},"minecraft:dropped":{"minecraft:snow_block":2,"minecraft:wheat_seeds":3,"jujutsucraft:uniform_normal_leggings":1,"minecraft:smooth_stone_slab":2,"tombstone:gift":1,"jujutsucraft:sword_black":1,"minecraft:granite":1,"minecraft:grass_block":1,"jujutsucraft:uniform_normal_chestplate":1,"minecraft:cod":3,"minecraft:stick":6,"minecraft:spruce_leaves":1,"minecraft:dirt":9,"minecraft:light_blue_stained_glass":1,"minecraft:white_concrete":2,"minecraft:oak_sapling":9,"tombstone:grave_dust":3,"minecraft:stone_bricks":4,"minecraft:bone_meal":1,"minecraft:wooden_pickaxe":1,"jujutsucraft:uniform_normal_boots":1,"minecraft:oak_leaves":2,"minecraft:spruce_sapling":1},"minecraft:picked_up":{"minecraft:spruce_leaves":1,"minecraft:oak_log":5,"minecraft:dirt":14,"tombstone:gift":1,"minecraft:smooth_stone_slab":2,"minecraft:stone_bricks":5,"minecraft:wheat_seeds":2,"minecraft:candle":4,"jujutsucraft:sword_black":1,"minecraft:oak_planks":16,"minecraft:stick":6,"minecraft:stone":1,"minecraft:gravel":4,"minecraft:spruce_sapling":1,"tombstone:grave_dust":1,"minecraft:grass_block":3,"minecraft:light_blue_stained_glass":1,"jujutsucraft:item_master_reverse_cursed_technique":1,"minecraft:granite":14,"minecraft:bone_meal":1,"minecraft:white_concrete":2,"minecraft:oak_sapling":8,"minecraft:cod":3,"minecraft:coal":3,"minecraft:oak_leaves":2,"minecraft:cobblestone":101},"minecraft:crafted":{"minecraft:oak_planks":16,"minecraft:crafting_table":3,"minecraft:wooden_pickaxe":1,"minecraft:stick":8,"minecraft:stone_pickaxe":2},"minecraft:killed_by":{"jujutsucraft:cursed_spirit_grade_24":1,"jujutsucraft:cursed_spirit_grade_01":1,"jujutsucraft:kechizu":1,"minecraft:player":5,"jujutsucraft:cursed_spirit_grade_11":1,"jujutsucraft:negi_toshihisa":2,"jujutsucraft:cursed_spirit_grade_05":4,"jujutsucraft:cursed_spirit_grade_26":1,"jujutsucraft:nanami_kento":1,"jujutsucraft:curse_user_1":2,"jujutsucraft:cursed_spirit_grade_314":1,"jujutsucraft:cursed_spirit_grade_29":1,"jujutsucraft:cursed_spirit_grade_21":1,"jujutsucraft:curse_user":3},"minecraft:used":{"minecraft:stone_pickaxe":78,"minecraft:oak_planks":13,"minecraft:wooden_pickaxe":13,"minecraft:stone":1,"jujutsucraft:uniform_normal_boots":1,"minecraft:oak_leaves":1,"minecraft:dirt":6,"minecraft:crafting_table":3,"minecraft:granite":13,"jujutsucraft:uniform_normal_chestplate":1,"jujutsucraft:supreme_martial_solution":5,"minecraft:oak_log":1,"minecraft:grass_block":2,"minecraft:stone_bricks":1,"minecraft:gravel":4,"minecraft:cobblestone":93,"jujutsucraft:uniform_normal_leggings":1,"tombstone:gift":3,"minecraft:candle":4},"minecraft:killed":{"jujutsucraft:mimiko":1,"jujutsucraft:cursed_spirit_grade_32":4,"jujutsucraft:cursed_spirit_grade_31":4,"jujutsucraft:cursed_spirit_grade_33":38,"minecraft:pig":1,"jujutsucraft:nanako":2,"jujutsucraft:jujutsu_sorcerer":1,"minecraft:salmon":68,"minecraft:bat":1,"jujutsucraft:cursed_spirit_grade_37":1,"jujutsucraft:cursed_spirit_grade_318":5,"jujutsucraft:cursed_spirit_grade_316":1,"jujutsucraft:curse_user_1":4,"minecraft:cod":45,"jujutsucraft:curse_user":4,"minecraft:squid":9,"minecraft:sheep":2,"jujutsucraft:cursed_spirit_grade_39":14,"jujutsucraft:cursed_spirit_grade_314":10,"jujutsucraft:cursed_spirit_grade_312":2,"jujutsucraft:cursed_spirit_grade_313":2,"jujutsucraft:crow":5,"jujutsucraft:cursed_spirit_grade_311":7,"jujutsucraft:cursed_spirit_grade_310":4,"jujutsucraft:negi_toshihisa":1,"minecraft:chicken":2,"jujutsucraft:cursed_spirit_grade_36":12,"jujutsucraft:cursed_spirit_grade_317":15,"jujutsucraft:cursed_spirit_grade_315":7,"jujutsucraft:cursed_spirit_grade_38":5,"jujutsucraft:cursed_spirit_grade_34":25,"jujutsucraft:cursed_spirit_grade_319":7,"jujutsucraft:q":2}},"DataVersion":3465}