{"stat.leaveGame":3,"stat.mineBlock.minecraft.sandstone":14,"stat.pickup.srparasites.parasitecanister":8,"stat.useItem.minecraft.planks":12,"stat.useItem.minecraft.water_bucket":18,"stat.drop.minecraft.poisonous_potato":4,"stat.pickup.minecraft.rotten_flesh":1,"stat.pickup.minecraft.sand":54,"stat.mineBlock.nocubessrpnests.nestegg":14,"stat.pickup.minecraft.cobblestone_wall":24,"stat.useItem.srparasites.parasitecanister":1,"stat.mineBlock.minecraft.sand":34,"stat.drop.minecraft.sand":8,"stat.craftItem.spartanshields.shield_basic_wood":1,"stat.hopperInspected":4,"stat.useItem.minecraft.iron_pickaxe":52,"stat.drop.minecraft.sandstone_stairs":1,"stat.craftItem.minecraft.wooden_pickaxe":1,"stat.craftItem.minecraft.glass_pane":16,"stat.furnaceInteraction":57,"stat.pickup.srparasites.lurecomponent4":1,"stat.pickup.minecraft.furnace":1,"stat.mineBlock.cgm.workbench":1,"stat.pickup.tombstone.bone_needle":1,"stat.drop.waterstrainer.strainer_survivalist":2,"stat.pickup.minecraft.iron_chestplate":1,"stat.pickup.minecraft.skull":1,"stat.pickup.cgm.workbench":1,"stat.craftItem.nocubessrpsurvival.rottenegg":3,"stat.pickup.nocubessrpnests.neststonelight":2,"stat.mineBlock.minecraft.fence":1,"stat.useItem.minecraft.flint_and_steel":12,"stat.pickup.srparasites.infestedstain":2,"stat.craftItem.ironchest.iron_chest":2,"stat.killEntity.Husk":1,"stat.pickup.dynamictrees.oakseed":18,"stat.pickup.ironchest.iron_chest":1,"stat.deaths":13,"stat.pickup.minecraft.egg":3,"stat.playOneMinute":219597,"stat.craftItem.minecraft.iron_pickaxe":1,"stat.drop.minecraft.torch":1,"stat.mineBlock.minecraft.tallgrass":13,"stat.pickup.minecraft.cooked_mutton":3,"stat.chestOpened":22,"stat.useItem.minecraft.stone":9,"stat.craftItem.minecraft.iron_nugget":63,"stat.fallOneCm":128670,"stat.drop.minecraft.dye":7,"stat.pickup.minecraft.carrot":27,"stat.crouchOneCm":63963,"stat.mineBlock.minecraft.chest":1,"stat.craftItem.minecraft.iron_ingot":69,"stat.craftItem.minecraft.chest":1,"stat.mineBlock.minecraft.concrete_powder":3,"stat.craftingTableInteraction":40,"stat.pickup.nocubessrparmory.twistedarmorbody":1,"stat.pickup.minecraft.dye":9,"stat.pickup.minecraft.planks":9,"stat.pickup.minecraft.wheat_seeds":6,"stat.pickup.minecraft.lead":2,"stat.mineBlock.minecraft.gravel":11,"stat.useItem.minecraft.stone_pickaxe":236,"stat.craftItem.minecraft.iron_leggings":1,"stat.mineBlock.minecraft.dirt":1,"stat.pickup.minecraft.poisonous_potato":4,"stat.drop.minecraft.iron_axe":1,"stat.pickup.minecraft.flint_and_steel":1,"stat.useItem.minecraft.torch":2,"stat.pickup.minecraft.crafting_table":6,"stat.useItem.minecraft.cobblestone":157,"stat.craftItem.minecraft.crafting_table":2,"stat.mineBlock.nocubessrpnests.neststonelight":2,"stat.mineBlock.minecraft.double_plant":2,"stat.drop.srparasites.parasitecanister":1,"stat.useItem.dynamictrees.oakseed":14,"stat.pickup.minecraft.log":36,"stat.drop.srparasites.infestedstain":1,"stat.drop.minecraft.planks":1,"stat.pickup.minecraft.wooden_door":1,"stat.pickup.minecraft.apple":1,"stat.useItem.minecraft.glass_pane":6,"stat.pickup.srparasites.bone":1,"stat.craftItem.minecraft.bucket":1,"stat.craftItem.minecraft.planks":44,"stat.useItem.minecraft.iron_sword":111,"stat.pickup.waterstrainer.strainer_survivalist":2,"stat.useItem.carryon.entity_item":8,"stat.pickup.nocubessrparmory.twistedarmorhelmet":1,"stat.useItem.roost.chicken":1,"stat.pickup.minecraft.red_flower":1,"stat.sneakTime":27976,"stat.pickup.nocubessrparmory.twistedarmorboots":1,"stat.pickup.nocubessrpnests.crateorganicsample":1,"stat.useItem.minecraft.baked_potato":30,"stat.pickup.minecraft.stone_slab":4,"stat.pickup.minecraft.chest":1,"stat.drop.minecraft.stone_pickaxe":1,"stat.useItem.minecraft.iron_axe":11,"stat.mineBlock.minecraft.cobblestone":27,"stat.craftItem.tombstone.grave_key":1,"stat.mineBlock.srparasites.infestedbush":5,"stat.mineBlock.srparasites.gore":1,"stat.mineBlock.minecraft.concrete":3,"stat.swimOneCm":102026,"stat.useItem.minecraft.concrete_powder":6,"stat.climbOneCm":24565,"stat.drop.minecraft.cobblestone":29,"stat.useItem.minecraft.stone_slab2":49,"stat.craftItem.minecraft.furnace":1,"stat.useItem.minecraft.egg":3,"stat.craftItem.spartanshields.shield_basic_iron":1,"stat.craftItem.minecraft.iron_boots":1,"stat.craftItem.minecraft.stone_pickaxe":2,"stat.pickup.minecraft.cobblestone":479,"stat.flyOneCm":1022582,"stat.pickup.minecraft.sandstone":32,"stat.drop.minecraft.wheat_seeds":2,"stat.mineBlock.minecraft.iron_ore":87,"stat.timeSinceDeath":2210,"stat.pickup.minecraft.mossy_cobblestone":39,"stat.useItem.minecraft.potato":136,"stat.pickup.cgm.basic_ammo":32,"stat.pickup.minecraft.stonebrick":2,"stat.craftItem.minecraft.concrete_powder":8,"stat.mineBlock.minecraft.coal_ore":40,"stat.killEntity.Creeper":9,"stat.talkedToVillager":20,"stat.pickup.cgm.advanced_ammo":128,"stat.craftItem.nocubessrpnests.crateorganicsample":1,"stat.craftItem.minecraft.stone_slab2":0,"stat.pickup.minecraft.sandstone_stairs":20,"stat.killEntity.Squid":5,"stat.sprintOneCm":513643,"stat.mineBlock.minecraft.stone_slab":2,"stat.craftItem.minecraft.stick":4,"stat.useItem.minecraft.stone_slab":3,"stat.useItem.carryon.tile_item":6,"stat.pickup.nocubessrpnests.organicsample":21,"stat.mineBlock.minecraft.crafting_table":3,"stat.useItem.minecraft.diamond_pickaxe":114,"stat.useItem.minecraft.carrot":12,"stat.drop":32,"stat.killEntity.Zombie":1,"stat.craftItem.minecraft.dye":1,"stat.diveOneCm":252678,"stat.drop.minecraft.diamond_pickaxe":2,"stat.mineBlock.minecraft.mossy_cobblestone":2,"stat.pickup.cgm.scope":1,"stat.pickup.minecraft.gravel":9,"stat.mineBlock.minecraft.deadbush":1,"stat.drop.minecraft.sandstone":2,"stat.jump":4382,"stat.useItem.minecraft.sand":19,"stat.pickup.minecraft.fence":1,"stat.pickup.minecraft.coal":78,"stat.pickup.minecraft.iron_helmet":1,"stat.pickup.minecraft.iron_ingot":45,"stat.pickup.minecraft.gunpowder":12,"stat.pickup.minecraft.dirt":2,"stat.pickup.minecraft.iron_ore":87,"stat.boatOneCm":19579,"stat.pickup.minecraft.iron_axe":2,"stat.mineBlock.minecraft.glass_pane":3,"stat.damageTaken":7855,"stat.pickup.minecraft.leather":6,"stat.mineBlock.minecraft.furnace":1,"stat.mineBlock.minecraft.red_flower":1,"stat.useItem.minecraft.wooden_pickaxe":7,"stat.pickup.srparasites.assimilated_flesh":1,"stat.pickup.minecraft.reeds":11,"stat.craftItem.cgm.workbench":1,"stat.pickup.minecraft.bed":1,"stat.pickup.minecraft.concrete":3,"tombstone:undead_killed":3,"stat.useItem.tombstone.grave_key":2,"stat.pickup.minecraft.potato":354,"stat.pickup.srparasites.canisteractive":2,"stat.damageDealt":6149,"stat.craftItem.minecraft.glass":6,"stat.sleepInBed":4,"stat.craftItem.minecraft.baked_potato":176,"stat.useItem.minecraft.crafting_table":1,"stat.craftItem.minecraft.iron_sword":1,"stat.pickup.minecraft.boat":3,"stat.walkOneCm":338474,"stat.playerKills":8,"stat.pickup.minecraft.stick":23,"stat.pickup.minecraft.diamond_pickaxe":2,"stat.pickup.cgm.handgun":1,"stat.pickup.cgm.rifle":1,"stat.mineBlock.srparasites.canisteractive":1,"stat.useItem.tombstone.gift":2,"stat.drop.minecraft.iron_chestplate":1,"stat.pickup.minecraft.stone":90,"stat.drop.minecraft.potato":2,"stat.pickup.minecraft.ender_pearl":2,"stat.pickup.minecraft.ladder":2,"stat.killEntity.Skeleton":1,"stat.killEntity.Chicken":1,"stat.mineBlock.srparasites.infestremain":5,"stat.killEntity.Spider":5,"stat.pickup.minecraft.concrete_powder":3,"stat.pickup.nocubessrparmory.twistedarmorlegs":1,"stat.mobKills":46,"stat.useItem.minecraft.boat":3,"stat.useItem.minecraft.mossy_cobblestone":3,"stat.pickup.minecraft.diamond":4,"stat.pickup.minecraft.torch":5,"stat.mineBlock.srparasites.parasitecanister":3,"stat.mineBlock.minecraft.stone":190}