{"stat.mineBlock.minecraft.mossy_cobblestone":2,"stat.useItem.minecraft.stone":9,"stat.useItem.minecraft.iron_axe":8,"stat.pickup.minecraft.gravel":8,"stat.leaveGame":1,"stat.mineBlock.minecraft.cobblestone":21,"stat.mineBlock.minecraft.deadbush":1,"stat.mineBlock.minecraft.concrete":3,"stat.mineBlock.minecraft.sandstone":14,"stat.craftItem.minecraft.iron_nugget":27,"stat.jump":1969,"stat.swimOneCm":10496,"stat.useItem.minecraft.sand":5,"stat.pickup.minecraft.fence":1,"stat.pickup.minecraft.coal":78,"stat.useItem.minecraft.concrete_powder":6,"stat.fallOneCm":57653,"stat.pickup.minecraft.iron_ingot":45,"stat.useItem.minecraft.planks":11,"stat.climbOneCm":13052,"stat.pickup.minecraft.carrot":27,"stat.crouchOneCm":18975,"stat.craftItem.minecraft.iron_ingot":69,"stat.pickup.minecraft.dirt":2,"stat.useItem.minecraft.stone_slab2":26,"stat.mineBlock.minecraft.concrete_powder":3,"stat.useItem.minecraft.water_bucket":6,"stat.craftingTableInteraction":27,"stat.pickup.minecraft.iron_ore":87,"stat.drop.minecraft.poisonous_potato":3,"stat.pickup.minecraft.sand":22,"stat.craftItem.minecraft.furnace":1,"stat.pickup.minecraft.iron_axe":2,"stat.mineBlock.nocubessrpnests.nestegg":14,"stat.craftItem.spartanshields.shield_basic_iron":1,"stat.mineBlock.minecraft.glass_pane":3,"stat.craftItem.minecraft.iron_boots":1,"stat.damageTaken":1857,"stat.pickup.minecraft.leather":6,"stat.pickup.minecraft.cobblestone_wall":24,"stat.craftItem.minecraft.stone_pickaxe":2,"stat.mineBlock.minecraft.furnace":1,"stat.mineBlock.minecraft.red_flower":1,"stat.useItem.minecraft.wooden_pickaxe":7,"stat.pickup.minecraft.cobblestone":404,"stat.pickup.minecraft.planks":9,"stat.pickup.minecraft.reeds":3,"stat.craftItem.cgm.workbench":1,"stat.flyOneCm":412399,"stat.pickup.minecraft.sandstone":13,"stat.pickup.minecraft.concrete":3,"stat.pickup.minecraft.wheat_seeds":4,"stat.mineBlock.minecraft.sand":29,"stat.pickup.minecraft.potato":284,"stat.drop.minecraft.wheat_seeds":2,"stat.mineBlock.minecraft.gravel":10,"stat.useItem.minecraft.stone_pickaxe":236,"stat.craftItem.minecraft.iron_leggings":1,"stat.damageDealt":56,"stat.mineBlock.minecraft.iron_ore":87,"stat.timeSinceDeath":87200,"stat.craftItem.minecraft.baked_potato":176,"stat.craftItem.spartanshields.shield_basic_wood":1,"stat.mineBlock.minecraft.dirt":1,"stat.useItem.minecraft.crafting_table":1,"stat.useItem.minecraft.iron_pickaxe":13,"stat.craftItem.minecraft.wooden_pickaxe":1,"stat.pickup.minecraft.poisonous_potato":3,"stat.craftItem.minecraft.iron_sword":1,"stat.pickup.minecraft.mossy_cobblestone":39,"stat.drop.minecraft.iron_axe":1,"stat.pickup.minecraft.flint_and_steel":1,"stat.walkOneCm":158542,"stat.useItem.minecraft.torch":1,"stat.pickup.minecraft.stick":23,"stat.useItem.minecraft.potato":108,"stat.pickup.cgm.basic_ammo":32,"stat.pickup.minecraft.diamond_pickaxe":2,"stat.pickup.minecraft.crafting_table":3,"stat.useItem.minecraft.cobblestone":68,"stat.craftItem.minecraft.crafting_table":2,"stat.furnaceInteraction":41,"stat.mineBlock.nocubessrpnests.neststonelight":2,"stat.craftItem.minecraft.concrete_powder":8,"stat.mineBlock.minecraft.double_plant":2,"stat.pickup.cgm.handgun":1,"stat.mineBlock.minecraft.coal_ore":40,"stat.pickup.cgm.rifle":1,"stat.useItem.dynamictrees.oakseed":14,"stat.talkedToVillager":10,"stat.pickup.minecraft.log":36,"stat.pickup.cgm.advanced_ammo":64,"stat.craftItem.nocubessrpnests.crateorganicsample":1,"stat.pickup.minecraft.furnace":1,"stat.craftItem.minecraft.stone_slab2":0,"stat.pickup.minecraft.stone":20,"stat.drop.minecraft.planks":1,"stat.pickup.tombstone.bone_needle":1,"stat.sprintOneCm":254821,"stat.drop.waterstrainer.strainer_survivalist":2,"stat.pickup.minecraft.iron_chestplate":1,"stat.mineBlock.minecraft.stone_slab":2,"stat.pickup.minecraft.apple":1,"stat.pickup.minecraft.ladder":2,"stat.pickup.minecraft.skull":1,"stat.craftItem.minecraft.stick":4,"stat.useItem.minecraft.stone_slab":3,"stat.craftItem.minecraft.bucket":1,"stat.craftItem.minecraft.planks":44,"stat.pickup.nocubessrpnests.neststonelight":2,"stat.mineBlock.minecraft.fence":1,"stat.useItem.minecraft.flint_and_steel":9,"stat.pickup.nocubessrpnests.organicsample":21,"stat.mineBlock.minecraft.crafting_table":3,"stat.useItem.minecraft.diamond_pickaxe":114,"stat.pickup.minecraft.concrete_powder":3,"stat.useItem.minecraft.carrot":10,"stat.pickup.waterstrainer.strainer_survivalist":2,"stat.pickup.dynamictrees.oakseed":18,"stat.deaths":1,"stat.useItem.minecraft.mossy_cobblestone":3,"stat.drop":11,"stat.pickup.minecraft.diamond":4,"stat.playOneMinute":95049,"stat.pickup.minecraft.torch":2,"stat.pickup.minecraft.red_flower":1,"stat.sneakTime":9120,"stat.craftItem.minecraft.iron_pickaxe":1,"stat.pickup.nocubessrpnests.crateorganicsample":1,"stat.craftItem.minecraft.dye":1,"stat.pickup.minecraft.stone_slab":4,"stat.mineBlock.minecraft.stone":160,"stat.mineBlock.minecraft.tallgrass":13,"stat.diveOneCm":18411,"stat.drop.minecraft.diamond_pickaxe":2}