{"stat.useItem.minecraft.iron_axe":5,"stat.pickup.minecraft.gravel":6,"stat.mineBlock.minecraft.cobblestone":9,"stat.mineBlock.minecraft.concrete":3,"stat.mineBlock.minecraft.sandstone":4,"stat.craftItem.minecraft.iron_nugget":18,"stat.jump":1422,"stat.swimOneCm":10254,"stat.useItem.minecraft.sand":5,"stat.pickup.minecraft.fence":1,"stat.pickup.minecraft.coal":76,"stat.useItem.minecraft.concrete_powder":6,"stat.fallOneCm":46862,"stat.pickup.minecraft.iron_ingot":42,"stat.useItem.minecraft.planks":11,"stat.climbOneCm":192,"stat.pickup.minecraft.carrot":27,"stat.crouchOneCm":15619,"stat.craftItem.minecraft.iron_ingot":61,"stat.pickup.minecraft.dirt":2,"stat.useItem.minecraft.stone_slab2":15,"stat.mineBlock.minecraft.concrete_powder":3,"stat.useItem.minecraft.water_bucket":6,"stat.craftingTableInteraction":20,"stat.pickup.minecraft.iron_ore":81,"stat.pickup.minecraft.sand":14,"stat.craftItem.minecraft.furnace":1,"stat.pickup.minecraft.iron_axe":2,"stat.mineBlock.nocubessrpnests.nestegg":14,"stat.mineBlock.minecraft.glass_pane":2,"stat.damageTaken":1593,"stat.pickup.minecraft.leather":6,"stat.pickup.minecraft.cobblestone_wall":24,"stat.craftItem.minecraft.stone_pickaxe":2,"stat.mineBlock.minecraft.furnace":1,"stat.mineBlock.minecraft.red_flower":1,"stat.useItem.minecraft.wooden_pickaxe":7,"stat.pickup.minecraft.cobblestone":285,"stat.pickup.minecraft.planks":8,"stat.pickup.minecraft.reeds":3,"stat.craftItem.cgm.workbench":1,"stat.flyOneCm":305544,"stat.pickup.minecraft.sandstone":4,"stat.pickup.minecraft.concrete":3,"stat.pickup.minecraft.wheat_seeds":4,"stat.mineBlock.minecraft.sand":15,"stat.pickup.minecraft.potato":284,"stat.drop.minecraft.wheat_seeds":2,"stat.mineBlock.minecraft.gravel":8,"stat.useItem.minecraft.stone_pickaxe":236,"stat.craftItem.minecraft.iron_leggings":1,"stat.damageDealt":22,"stat.mineBlock.minecraft.iron_ore":81,"stat.timeSinceDeath":62576,"stat.mineBlock.minecraft.dirt":1,"stat.useItem.minecraft.crafting_table":1,"stat.craftItem.minecraft.wooden_pickaxe":1,"stat.pickup.minecraft.poisonous_potato":1,"stat.pickup.minecraft.mossy_cobblestone":34,"stat.drop.minecraft.iron_axe":1,"stat.pickup.minecraft.flint_and_steel":1,"stat.walkOneCm":115398,"stat.pickup.minecraft.stick":10,"stat.useItem.minecraft.potato":108,"stat.pickup.minecraft.crafting_table":3,"stat.useItem.minecraft.cobblestone":54,"stat.craftItem.minecraft.crafting_table":2,"stat.furnaceInteraction":35,"stat.mineBlock.nocubessrpnests.neststonelight":2,"stat.craftItem.minecraft.concrete_powder":8,"stat.mineBlock.minecraft.double_plant":2,"stat.mineBlock.minecraft.coal_ore":38,"stat.pickup.cgm.rifle":1,"stat.useItem.dynamictrees.oakseed":2,"stat.talkedToVillager":5,"stat.pickup.minecraft.log":9,"stat.pickup.cgm.advanced_ammo":64,"stat.pickup.minecraft.furnace":1,"stat.craftItem.minecraft.stone_slab2":0,"stat.pickup.minecraft.stone":7,"stat.pickup.tombstone.bone_needle":1,"stat.sprintOneCm":184752,"stat.drop.waterstrainer.strainer_survivalist":2,"stat.pickup.minecraft.iron_chestplate":1,"stat.mineBlock.minecraft.stone_slab":2,"stat.pickup.minecraft.apple":1,"stat.pickup.minecraft.skull":1,"stat.craftItem.minecraft.stick":4,"stat.useItem.minecraft.stone_slab":3,"stat.craftItem.minecraft.bucket":1,"stat.craftItem.minecraft.planks":36,"stat.pickup.nocubessrpnests.neststonelight":2,"stat.mineBlock.minecraft.fence":1,"stat.useItem.minecraft.flint_and_steel":1,"stat.pickup.nocubessrpnests.organicsample":21,"stat.mineBlock.minecraft.crafting_table":3,"stat.pickup.minecraft.concrete_powder":3,"stat.useItem.minecraft.carrot":10,"stat.pickup.waterstrainer.strainer_survivalist":2,"stat.pickup.dynamictrees.oakseed":2,"stat.deaths":1,"stat.drop":5,"stat.pickup.minecraft.diamond":4,"stat.playOneMinute":70425,"stat.pickup.minecraft.torch":1,"stat.pickup.minecraft.red_flower":1,"stat.sneakTime":7249,"stat.craftItem.minecraft.dye":1,"stat.pickup.minecraft.stone_slab":4,"stat.mineBlock.minecraft.stone":83,"stat.mineBlock.minecraft.tallgrass":13,"stat.diveOneCm":15269}