{"stats":{"minecraft:dropped":{"jujutsucraft:uniform_normal_leggings":1,"minecraft:oak_sapling":6,"tombstone:gift":1,"tombstone:grave_dust":1,"jujutsucraft:sword_black":1,"jujutsucraft:uniform_normal_boots":1,"jujutsucraft:uniform_normal_chestplate":1},"minecraft:picked_up":{"minecraft:stone":1,"minecraft:dirt":6,"minecraft:oak_log":5,"minecraft:spruce_sapling":1,"tombstone:grave_dust":1,"minecraft:grass_block":1,"tombstone:gift":1,"minecraft:stone_bricks":4,"jujutsucraft:sword_black":1,"minecraft:granite":14,"minecraft:bone_meal":1,"minecraft:oak_sapling":6,"minecraft:oak_planks":16,"minecraft:oak_leaves":1,"minecraft:cobblestone":79},"minecraft:custom":{"minecraft:time_since_rest":1,"minecraft:sprint_one_cm":140902,"minecraft:damage_taken":5109,"minecraft:walk_one_cm":125795,"minecraft:mob_kills":36,"minecraft:drop":12,"minecraft:damage_dealt":3,"minecraft:interact_with_crafting_table":3,"minecraft:swim_one_cm":33524,"minecraft:fly_one_cm":319508,"minecraft:player_kills":2,"minecraft:open_chest":3,"minecraft:crouch_one_cm":8102,"minecraft:play_time":51821,"minecraft:deaths":10,"minecraft:sneak_time":4616,"minecraft:walk_under_water_one_cm":16636,"minecraft:jump":1072,"minecraft:damage_dealt_resisted":1472,"minecraft:leave_game":4,"minecraft:walk_on_water_one_cm":38407,"minecraft:time_since_death":767,"minecraft:climb_one_cm":2523,"minecraft:total_world_time":51821,"minecraft:fall_one_cm":23376},"minecraft:killed_by":{"jujutsucraft:cursed_spirit_grade_24":1,"minecraft:player":1,"jujutsucraft:negi_toshihisa":1,"jujutsucraft:cursed_spirit_grade_05":1,"jujutsucraft:curse_user":2},"minecraft:crafted":{"minecraft:oak_planks":16,"minecraft:crafting_table":3,"minecraft:wooden_pickaxe":1,"minecraft:stick":8,"minecraft:stone_pickaxe":2},"minecraft:killed":{"minecraft:sheep":2,"jujutsucraft:cursed_spirit_grade_39":1,"jujutsucraft:cursed_spirit_grade_33":2,"jujutsucraft:crow":1,"jujutsucraft:cursed_spirit_grade_36":1,"minecraft:salmon":20,"jujutsucraft:cursed_spirit_grade_317":1,"jujutsucraft:cursed_spirit_grade_34":1,"jujutsucraft:cursed_spirit_grade_319":2,"jujutsucraft:curse_user":1,"minecraft:squid":2},"minecraft:mined":{"minecraft:light_blue_stained_glass_pane":4,"minecraft:granite":7,"minecraft:grass_block":2,"minecraft:oak_log":4,"minecraft:gray_stained_glass":2,"minecraft:dirt":4,"minecraft:cobblestone":2,"minecraft:spruce_leaves":2,"minecraft:stone_bricks":4,"minecraft:stone":37},"minecraft:used":{"minecraft:oak_log":1,"minecraft:stone_pickaxe":43,"minecraft:wooden_pickaxe":13,"jujutsucraft:uniform_normal_boots":1,"minecraft:stone":1,"minecraft:oak_leaves":1,"minecraft:crafting_table":3,"jujutsucraft:uniform_normal_leggings":1,"tombstone:gift":1,"minecraft:granite":6,"jujutsucraft:uniform_normal_chestplate":1}},"DataVersion":3465}