{"stat.useItem.minecraft.iron_axe":5,"stat.pickup.minecraft.gravel":6,"stat.mineBlock.minecraft.cobblestone":5,"stat.mineBlock.minecraft.concrete":3,"stat.mineBlock.minecraft.sandstone":1,"stat.craftItem.minecraft.iron_nugget":18,"stat.jump":1144,"stat.swimOneCm":6573,"stat.useItem.minecraft.sand":5,"stat.pickup.minecraft.fence":1,"stat.pickup.minecraft.coal":59,"stat.useItem.minecraft.concrete_powder":3,"stat.fallOneCm":36312,"stat.pickup.minecraft.iron_ingot":42,"stat.useItem.minecraft.planks":11,"stat.climbOneCm":192,"stat.pickup.minecraft.carrot":18,"stat.crouchOneCm":13212,"stat.craftItem.minecraft.iron_ingot":60,"stat.pickup.minecraft.dirt":1,"stat.useItem.minecraft.stone_slab2":14,"stat.useItem.minecraft.water_bucket":3,"stat.craftingTableInteraction":19,"stat.pickup.minecraft.iron_ore":73,"stat.pickup.minecraft.sand":11,"stat.craftItem.minecraft.furnace":1,"stat.pickup.minecraft.iron_axe":2,"stat.mineBlock.nocubessrpnests.nestegg":14,"stat.damageTaken":1331,"stat.pickup.minecraft.leather":6,"stat.craftItem.minecraft.stone_pickaxe":2,"stat.mineBlock.minecraft.furnace":1,"stat.mineBlock.minecraft.red_flower":1,"stat.useItem.minecraft.wooden_pickaxe":7,"stat.pickup.minecraft.cobblestone":71,"stat.pickup.minecraft.reeds":3,"stat.craftItem.cgm.workbench":1,"stat.flyOneCm":245063,"stat.pickup.minecraft.sandstone":1,"stat.pickup.minecraft.concrete":3,"stat.pickup.minecraft.wheat_seeds":4,"stat.mineBlock.minecraft.sand":12,"stat.drop.minecraft.wheat_seeds":2,"stat.mineBlock.minecraft.gravel":8,"stat.useItem.minecraft.stone_pickaxe":208,"stat.craftItem.minecraft.iron_leggings":1,"stat.damageDealt":22,"stat.mineBlock.minecraft.iron_ore":73,"stat.timeSinceDeath":49976,"stat.mineBlock.minecraft.dirt":1,"stat.useItem.minecraft.crafting_table":1,"stat.craftItem.minecraft.wooden_pickaxe":1,"stat.drop.minecraft.iron_axe":1,"stat.walkOneCm":82957,"stat.pickup.minecraft.stick":10,"stat.pickup.minecraft.crafting_table":3,"stat.useItem.minecraft.cobblestone":54,"stat.craftItem.minecraft.crafting_table":2,"stat.furnaceInteraction":15,"stat.mineBlock.nocubessrpnests.neststonelight":2,"stat.craftItem.minecraft.concrete_powder":8,"stat.mineBlock.minecraft.double_plant":2,"stat.mineBlock.minecraft.coal_ore":38,"stat.pickup.cgm.rifle":1,"stat.useItem.dynamictrees.oakseed":2,"stat.talkedToVillager":4,"stat.pickup.minecraft.log":9,"stat.pickup.cgm.advanced_ammo":64,"stat.pickup.minecraft.furnace":1,"stat.craftItem.minecraft.stone_slab2":0,"stat.pickup.minecraft.stone":7,"stat.pickup.tombstone.bone_needle":1,"stat.sprintOneCm":143665,"stat.drop.waterstrainer.strainer_survivalist":2,"stat.pickup.minecraft.iron_chestplate":1,"stat.mineBlock.minecraft.stone_slab":2,"stat.pickup.minecraft.apple":1,"stat.pickup.minecraft.skull":1,"stat.craftItem.minecraft.stick":4,"stat.useItem.minecraft.stone_slab":3,"stat.craftItem.minecraft.bucket":1,"stat.craftItem.minecraft.planks":36,"stat.pickup.nocubessrpnests.neststonelight":2,"stat.mineBlock.minecraft.fence":1,"stat.pickup.nocubessrpnests.organicsample":21,"stat.mineBlock.minecraft.crafting_table":3,"stat.useItem.minecraft.carrot":7,"stat.pickup.waterstrainer.strainer_survivalist":2,"stat.pickup.dynamictrees.oakseed":2,"stat.deaths":1,"stat.drop":5,"stat.pickup.minecraft.diamond":4,"stat.playOneMinute":57825,"stat.pickup.minecraft.red_flower":1,"stat.sneakTime":6125,"stat.craftItem.minecraft.dye":1,"stat.pickup.minecraft.stone_slab":4,"stat.mineBlock.minecraft.stone":73,"stat.mineBlock.minecraft.tallgrass":13,"stat.diveOneCm":14964}