{"stat.pickup.dynamictrees.acaciaseed":5,"stat.chestOpened":5,"stat.useItem.minecraft.iron_axe":30,"stat.leaveGame":2,"stat.mineBlock.srparasites.gore":3,"stat.mineBlock.minecraft.sandstone":2,"stat.pickup.srparasites.parasitecanister":1,"stat.jump":1524,"stat.swimOneCm":14783,"stat.useItem.minecraft.sand":2,"stat.pickup.minecraft.coal":21,"stat.fallOneCm":46352,"stat.climbOneCm":5224,"stat.pickup.minecraft.iron_ingot":39,"stat.useItem.minecraft.stone_axe":1,"stat.useItem.spartanweaponry.boomerang_diamond":15,"stat.crouchOneCm":5636,"stat.pickup.spartanshields.shield_basic_wood":1,"stat.craftItem.minecraft.chest":1,"stat.pickup.minecraft.dirt":37,"stat.useItem.minecraft.dirt":23,"stat.craftItem.minecraft.iron_helmet":1,"stat.useItem.minecraft.stone_slab2":8,"stat.craftItem.spartanweaponry.rapier_diamond":1,"stat.pickup.minecraft.iron_boots":1,"stat.craftingTableInteraction":29,"stat.pickup.minecraft.sand":7,"stat.boatOneCm":448714,"stat.useItem.spartanweaponry.rapier_diamond":16,"stat.pickup.minecraft.iron_axe":1,"stat.useItem.minecraft.egg":1,"stat.craftItem.minecraft.stone_axe":1,"stat.craftItem.minecraft.iron_boots":1,"stat.damageTaken":2163,"stat.pickup.minecraft.leather":9,"stat.craftItem.spartanshields.shield_tower_diamond":1,"stat.craftItem.minecraft.stone_pickaxe":1,"stat.mineBlock.minecraft.red_flower":10,"stat.useItem.minecraft.wooden_pickaxe":26,"stat.craftItem.minecraft.cooked_beef":2,"stat.pickup.minecraft.shears":1,"stat.pickup.minecraft.cobblestone":34,"stat.pickup.srparasites.assimilated_flesh":1,"stat.pickup.minecraft.log2":2,"stat.pickup.minecraft.planks":1,"stat.pickup.minecraft.iron_leggings":1,"stat.killEntity.Llama":1,"stat.craftItem.minecraft.stone_sword":1,"stat.flyOneCm":265176,"stat.pickup.minecraft.bed":1,"stat.pickup.minecraft.sandstone":2,"stat.pickup.minecraft.wheat_seeds":2,"stat.mineBlock.minecraft.sand":7,"stat.drop.minecraft.sand":1,"stat.useItem.minecraft.stone_pickaxe":4,"stat.pickup.minecraft.cactus":2,"stat.useItem.minecraft.stone_sword":3,"stat.craftItem.minecraft.iron_leggings":1,"stat.damageDealt":2094,"stat.sleepInBed":3,"stat.timeSinceDeath":8765,"stat.craftItem.spartanshields.shield_basic_wood":1,"stat.killEntity.Cow":6,"stat.mineBlock.minecraft.dirt":7,"stat.craftItem.minecraft.wooden_pickaxe":1,"stat.pickup.minecraft.mutton":11,"stat.pickup.minecraft.boat":7,"stat.pickup.minecraft.double_plant":8,"stat.walkOneCm":187478,"stat.pickup.travelersbackpack.travelers_backpack":1,"stat.pickup.dynamictrees.birchseed":18,"stat.pickup.minecraft.stick":141,"stat.pickup.minecraft.crafting_table":4,"stat.useItem.minecraft.cobblestone":2,"stat.craftItem.minecraft.crafting_table":2,"stat.furnaceInteraction":11,"stat.craftItem.spartanweaponry.material":4,"stat.mineBlock.minecraft.double_plant":6,"stat.mineBlock.minecraft.coal_ore":21,"stat.craftItem.minecraft.boat":1,"stat.useItem.dynamictrees.oakseed":2,"stat.talkedToVillager":1,"stat.pickup.minecraft.log":49,"stat.pickup.minecraft.string":3,"stat.pickup.minecraft.beef":13,"stat.useItem.tombstone.gift":1,"stat.craftItem.minecraft.stone_slab2":0,"stat.pickup.minecraft.stone":4,"stat.craftItem.minecraft.iron_chestplate":1,"stat.sprintOneCm":270592,"stat.pickup.minecraft.iron_chestplate":1,"stat.pickup.minecraft.cooked_beef":5,"stat.pickup.minecraft.skull":2,"stat.craftItem.minecraft.stick":12,"stat.craftItem.minecraft.wooden_axe":1,"stat.pickup.minecraft.gold_ingot":14,"stat.craftItem.spartanshields.shield_tower_wood":1,"stat.pickup.dynamictrees.cactusseed":1,"stat.craftItem.minecraft.planks":80,"stat.drop.minecraft.crafting_table":2,"stat.mineBlock.minecraft.crafting_table":2,"stat.useItem.minecraft.diamond_pickaxe":28,"stat.mobKills":18,"stat.pickup.dynamictrees.oakseed":15,"stat.useItem.minecraft.beef":4,"stat.drop.minecraft.boat":2,"stat.useItem.minecraft.boat":5,"stat.deaths":6,"stat.drop":6,"stat.pickup.minecraft.diamond":14,"stat.pickup.minecraft.egg":1,"stat.playOneMinute":107086,"stat.mineBlock.srparasites.parasitecanister":1,"stat.drop.tombstone.grave_key":1,"stat.killEntity.Sheep":8,"stat.pickup.minecraft.red_flower":10,"stat.sneakTime":2801,"stat.pickup.minecraft.wool":110,"stat.useItem.minecraft.shears":1,"stat.craftItem.minecraft.diamond_pickaxe":1,"stat.useItem.minecraft.wooden_axe":3,"stat.mineBlock.minecraft.stone":31,"stat.mineBlock.minecraft.tallgrass":12,"stat.diveOneCm":51890}