{"stats":{"minecraft:custom":{"minecraft:inspect_dropper":2,"minecraft:mob_kills":288,"minecraft:interact_with_crafting_table":12,"minecraft:damage_dealt_resisted":71817,"minecraft:leave_game":31,"minecraft:time_since_death":8053,"minecraft:climb_one_cm":40214,"minecraft:damage_resisted":17758,"minecraft:sprint_one_cm":1201893,"minecraft:walk_one_cm":1002702,"minecraft:damage_blocked_by_shield":95,"minecraft:drop":113,"minecraft:play_time":282714,"minecraft:deaths":33,"minecraft:sneak_time":1206,"minecraft:walk_under_water_one_cm":43518,"tombstone:tomb_raiding":2,"minecraft:jump":5259,"minecraft:walk_on_water_one_cm":55393,"minecraft:total_world_time":282714,"minecraft:interact_with_furnace":7,"minecraft:time_since_rest":5768,"minecraft:damage_absorbed":41,"minecraft:damage_taken":25307,"tombstone:sneak_grave":1,"minecraft:damage_dealt":2448,"tombstone:cast_on_ally":0,"minecraft:player_kills":13,"minecraft:swim_one_cm":85647,"minecraft:fly_one_cm":1227987,"minecraft:open_chest":32,"minecraft:crouch_one_cm":4014,"tombstone:villager_killed":1,"minecraft:fall_one_cm":200173},"minecraft:mined":{"minecraft:dark_oak_planks":2,"minecraft:deepslate_tiles":2,"minecraft:diamond_ore":14,"minecraft:blue_stained_glass_pane":3,"minecraft:mossy_cobblestone":3,"minecraft:brewing_stand":1,"minecraft:gray_stained_glass_pane":1,"minecraft:granite":15,"minecraft:grass_block":28,"minecraft:white_stained_glass":14,"minecraft:spruce_leaves":38,"minecraft:moss_block":2,"minecraft:spawner":19,"minecraft:light_blue_stained_glass":23,"minecraft:large_fern":19,"minecraft:polished_blackstone_bricks":2,"minecraft:mossy_cobblestone_slab":1,"minecraft:furnace":2,"minecraft:iron_ore":12,"minecraft:andesite":16,"minecraft:anvil":1,"minecraft:enchanting_table":1,"minecraft:bookshelf":9,"minecraft:cobblestone_slab":2,"minecraft:vine":1,"minecraft:iron_bars":4,"minecraft:stone":150,"minecraft:podzol":10,"minecraft:glass_pane":12,"minecraft:cyan_terracotta":9,"minecraft:blue_stained_glass":6,"minecraft:powder_snow":23,"minecraft:crafting_table":4,"minecraft:light_gray_terracotta":5,"minecraft:gray_stained_glass":6,"minecraft:white_stained_glass_pane":10,"minecraft:glass":5,"minecraft:cobblestone":6,"minecraft:oak_planks":8,"minecraft:diorite":12,"minecraft:iron_door":1,"minecraft:coarse_dirt":2,"minecraft:cobblestone_wall":3,"minecraft:sweet_berry_bush":1,"minecraft:ice":1,"minecraft:spruce_log":20,"minecraft:smooth_stone_slab":4,"minecraft:grass":4,"minecraft:coal_ore":32,"minecraft:oak_log":7,"minecraft:gravel":1,"minecraft:dirt":64,"minecraft:sand":3,"minecraft:cobweb":5,"minecraft:cracked_stone_bricks":6,"minecraft:polished_blackstone":1,"minecraft:stone_bricks":30,"minecraft:mossy_stone_bricks":2,"minecraft:oak_leaves":17,"minecraft:fern":12},"minecraft:broken":{"minecraft:diamond_helmet":1,"minecraft:shield":1,"minecraft:iron_pickaxe":1},"minecraft:dropped":{"minecraft:brown_mushroom":2,"minecraft:moss_block":1,"minecraft:wheat_seeds":7,"minecraft:diamond":8,"minecraft:iron_helmet":2,"minecraft:cobblestone":47,"jujutsucraft:sword_black":5,"minecraft:cracked_stone_bricks":4,"jujutsucraft:uniform_q_leggings":2,"minecraft:spruce_door":2,"minecraft:acacia_log":2,"minecraft:stick":4,"minecraft:emerald":7,"minecraft:spruce_leaves":1,"minecraft:iron_block":1,"minecraft:dirt":27,"minecraft:diorite":24,"minecraft:brewing_stand":2,"minecraft:ink_sac":11,"minecraft:torch":8,"tombstone:grave_key":2,"minecraft:iron_door":1,"minecraft:iron_axe":1,"minecraft:string":5,"minecraft:spruce_sapling":3,"minecraft:bone":3,"minecraft:gravel":1,"minecraft:furnace":1,"minecraft:stone_axe":1,"minecraft:diamond_block":1,"jujutsucraft:uniform_normal_leggings":2,"jujutsucraft:sword_miwa_kasumi":1,"minecraft:cobblestone_wall":1,"minecraft:light_gray_terracotta":3,"tombstone:gift":1,"minecraft:raw_iron":10,"minecraft:name_tag":1,"minecraft:salmon":13,"minecraft:carrot":7,"jujutsucraft:uniform_normal_chestplate":1,"minecraft:cobblestone_slab":4,"minecraft:deepslate_tiles":2,"minecraft:spruce_planks":25,"minecraft:diamond_pickaxe":1,"minecraft:beetroot_seeds":1,"minecraft:oak_sapling":2,"minecraft:ladder":5,"minecraft:stone_bricks":5,"minecraft:iron_bars":4,"minecraft:stone_pickaxe":1,"minecraft:beef":1,"minecraft:podzol":2,"jujutsucraft:uniform_normal_boots":2,"minecraft:stone_brick_stairs":1,"jujutsucraft:item_master_reverse_cursed_technique":1,"minecraft:enchanting_table":1},"minecraft:picked_up":{"minecraft:spruce_leaves":1,"minecraft:coarse_dirt":1,"minecraft:crafting_table":4,"minecraft:brown_mushroom":2,"minecraft:ladder":2,"minecraft:anvil":1,"jujutsucraft:uniform_normal_boots":1,"minecraft:stone_brick_stairs":1,"minecraft:brewing_stand":1,"minecraft:string":3,"minecraft:smooth_stone_slab":5,"minecraft:cracked_stone_bricks":6,"minecraft:deepslate_tiles":2,"jujutsucraft:sword_black":4,"minecraft:beef":1,"minecraft:cobblestone_slab":4,"minecraft:furnace":2,"minecraft:stick":4,"minecraft:raw_iron":12,"minecraft:torch":9,"minecraft:acacia_log":2,"minecraft:polished_blackstone_bricks":1,"minecraft:diorite":24,"minecraft:dark_oak_planks":2,"jujutsucraft:uniform_q_leggings":2,"minecraft:beetroot_seeds":1,"minecraft:cyan_terracotta":12,"minecraft:iron_bars":4,"minecraft:cobblestone":171,"minecraft:enchanting_table":1,"jujutsucraft:recommendation_1":1,"minecraft:iron_door":1,"minecraft:andesite":16,"minecraft:salmon":13,"minecraft:oak_log":7,"minecraft:cobblestone_wall":3,"minecraft:dirt":102,"tombstone:gift":1,"jujutsucraft:uniform_normal_leggings":1,"minecraft:podzol":2,"minecraft:bone":3,"minecraft:stone_bricks":34,"minecraft:wheat_seeds":7,"minecraft:mossy_stone_bricks":2,"minecraft:moss_block":1,"minecraft:oak_planks":5,"minecraft:book":24,"minecraft:gravel":2,"minecraft:sand":3,"minecraft:spruce_sapling":5,"minecraft:ink_sac":11,"minecraft:spruce_log":20,"minecraft:spruce_door":1,"minecraft:mossy_cobblestone":2,"minecraft:light_gray_terracotta":6,"minecraft:diamond":19,"minecraft:stone_axe":1,"jujutsucraft:item_master_reverse_cursed_technique":1,"minecraft:iron_helmet":1,"minecraft:granite":15,"minecraft:bone_meal":1,"minecraft:oak_sapling":2,"minecraft:coal":32},"minecraft:crafted":{"minecraft:oak_planks":28,"minecraft:stone_pickaxe":1,"minecraft:oak_button":1,"minecraft:dark_oak_planks":28,"minecraft:crafting_table":3,"minecraft:spruce_planks":76,"minecraft:stone_axe":1,"minecraft:air":0,"minecraft:shield":1,"minecraft:stick":52,"minecraft:iron_ingot":11,"minecraft:iron_pickaxe":2,"minecraft:torch":4},"minecraft:killed_by":{"jujutsucraft:cursed_spirit_grade_24":2,"jujutsucraft:cursed_spirit_grade_36":1,"jujutsucraft:cursed_spirit_grade_39":1,"minecraft:player":4,"jujutsucraft:cursed_spirit_grade_12":2,"jujutsucraft:cursed_spirit_grade_05":8,"jujutsucraft:curse_user_1":1,"jujutsucraft:yoshino_junpei":1,"jujutsucraft:zenin_maki":1,"jujutsucraft:inumaki_toge":1,"jujutsucraft:nishimiya_momo":1,"jujutsucraft:uraume":2,"jujutsucraft:q":1,"jujutsucraft:cursed_spirit_grade_317":1,"jujutsucraft:itadori_yuji_shibuya":3},"minecraft:used":{"minecraft:spruce_planks":38,"minecraft:shield":38,"minecraft:torch":1,"minecraft:dirt":67,"jujutsucraft:clothes_fushiguro_toji_leggings":2,"minecraft:cobblestone_wall":2,"minecraft:diamond_helmet":1,"minecraft:granite":15,"minecraft:dark_oak_planks":28,"jujutsucraft:clothes_zenin_boots":2,"minecraft:cyan_terracotta":12,"jujutsucraft:clothes_sukuna_fushiguro_chestplate":1,"minecraft:stone_bricks":25,"minecraft:furnace":1,"tombstone:gift":4,"jujutsucraft:sword_black":86,"minecraft:mossy_stone_bricks":2,"minecraft:stone_pickaxe":101,"minecraft:oak_planks":18,"jujutsucraft:uniform_normal_boots":2,"minecraft:cracked_stone_bricks":2,"minecraft:polished_blackstone_bricks":1,"minecraft:golden_apple":1,"minecraft:sand":3,"tombstone:scroll_of_feather_fall":5,"minecraft:crafting_table":6,"minecraft:light_gray_terracotta":2,"minecraft:spruce_log":1,"minecraft:spruce_sapling":1,"tombstone:magic_scroll":1,"minecraft:iron_pickaxe":275,"minecraft:oak_button":1,"minecraft:gravel":1,"minecraft:stone_axe":49,"jujutsucraft:uniform_normal_leggings":1,"minecraft:cobblestone":145,"minecraft:andesite":16,"minecraft:coarse_dirt":1},"minecraft:killed":{"jujutsucraft:mimiko":2,"jujutsucraft:cursed_spirit_grade_32":8,"jujutsucraft:transfigured_human_3":1,"jujutsucraft:cursed_spirit_grade_31":3,"jujutsucraft:cursed_spirit_grade_33":32,"jujutsucraft:nanako":2,"jujutsucraft:liquid_metal":1,"jujutsucraft:cursed_spirit_grade_12":1,"jujutsucraft:cursed_spirit_grade_24":1,"jujutsucraft:cursed_spirit_grade_37":1,"jujutsucraft:cursed_spirit_grade_35":1,"jujutsucraft:yoshino_junpei":3,"jujutsucraft:cursed_spirit_grade_318":4,"jujutsucraft:cursed_spirit_grade_316":7,"jujutsucraft:cursed_spirit_grade_39":20,"jujutsucraft:shigemo_haruta":3,"jujutsucraft:cursed_spirit_grade_312":1,"jujutsucraft:cursed_spirit_grade_313":3,"minecraft:fox":1,"jujutsucraft:rozetsu_shikigami":1,"jujutsucraft:itadori_yuji_shibuya":1,"jujutsucraft:cursed_spirit_grade_317":15,"jujutsucraft:cursed_spirit_grade_38":5,"jujutsucraft:cursed_spirit_grade_34":18,"minecraft:wolf":1,"jujutsucraft:jujutsu_sorcerer":1,"minecraft:salmon":41,"jujutsucraft:awasaka_jiro":1,"jujutsucraft:curse_user_1":8,"jujutsucraft:curse_user":1,"jujutsucraft:itadori_yuji":1,"minecraft:squid":13,"minecraft:sheep":1,"jujutsucraft:cursed_spirit_grade_29":1,"jujutsucraft:cursed_spirit_grade_314":12,"jujutsucraft:cursed_spirit_grade_311":7,"jujutsucraft:cursed_spirit_grade_310":6,"jujutsucraft:negi_toshihisa":5,"jujutsucraft:cursed_spirit_grade_17":1,"jujutsucraft:cursed_spirit_grade_36":12,"jujutsucraft:cursed_spirit_grade_315":14,"jujutsucraft:cursed_spirit_grade_319":11,"jujutsucraft:kamo_noritoshi":1,"jujutsucraft:ice_spear":1,"minecraft:villager":1,"jujutsucraft:q":5,"minecraft:cow":1}},"DataVersion":3465}