{"stats":{"minecraft:custom":{"minecraft:interact_with_crafting_table":13,"minecraft:leave_game":40,"minecraft:time_since_death":4574,"minecraft:damage_resisted":43014,"minecraft:sprint_one_cm":2474510,"minecraft:damage_blocked_by_shield":95,"minecraft:drop":252,"minecraft:talked_to_villager":3,"minecraft:play_time":490285,"minecraft:deaths":49,"tombstone:tomb_raiding":3,"minecraft:jump":9225,"minecraft:walk_on_water_one_cm":83941,"minecraft:interact_with_furnace":7,"tombstone:sneak_grave":1,"minecraft:damage_dealt":13425,"minecraft:player_kills":23,"minecraft:crouch_one_cm":7575,"tombstone:villager_killed":5,"minecraft:inspect_dropper":2,"minecraft:mob_kills":593,"minecraft:damage_dealt_resisted":207235,"minecraft:climb_one_cm":59488,"minecraft:walk_one_cm":1779411,"minecraft:sneak_time":1809,"minecraft:walk_under_water_one_cm":58684,"minecraft:total_world_time":490285,"tombstone:raider_killed":1,"minecraft:time_since_rest":4472,"minecraft:damage_absorbed":81,"minecraft:damage_taken":42067,"tombstone:cast_on_ally":0,"minecraft:swim_one_cm":137159,"minecraft:fly_one_cm":2725991,"minecraft:open_chest":47,"minecraft:fall_one_cm":380421},"minecraft:mined":{"minecraft:dark_oak_planks":2,"minecraft:spruce_planks":3,"minecraft:brewing_stand":1,"minecraft:granite":15,"minecraft:grass_block":71,"minecraft:spawner":19,"minecraft:light_blue_stained_glass":29,"minecraft:polished_blackstone_bricks":2,"minecraft:mossy_cobblestone_slab":1,"minecraft:iron_ore":12,"minecraft:anvil":1,"minecraft:enchanting_table":1,"minecraft:iron_bars":4,"minecraft:brown_mushroom":1,"minecraft:cyan_terracotta":12,"minecraft:blue_stained_glass":25,"minecraft:powder_snow":26,"minecraft:light_gray_terracotta":9,"minecraft:white_stained_glass_pane":15,"minecraft:dead_bush":1,"minecraft:glass":10,"minecraft:cobblestone":8,"minecraft:oak_planks":8,"minecraft:iron_door":2,"minecraft:smooth_stone_slab":4,"minecraft:grass":7,"minecraft:oak_log":7,"minecraft:sand":3,"minecraft:dirt":217,"minecraft:oak_leaves":23,"minecraft:deepslate_tiles":2,"minecraft:diamond_ore":14,"minecraft:blue_stained_glass_pane":3,"minecraft:mossy_cobblestone":3,"minecraft:gray_stained_glass_pane":8,"minecraft:white_stained_glass":16,"minecraft:spruce_leaves":45,"minecraft:moss_block":2,"minecraft:large_fern":20,"minecraft:furnace":2,"minecraft:andesite":16,"minecraft:bookshelf":9,"minecraft:cobblestone_slab":2,"minecraft:vine":3,"minecraft:packed_ice":9,"minecraft:stone":166,"minecraft:podzol":19,"minecraft:glass_pane":19,"minecraft:crafting_table":5,"minecraft:gray_stained_glass":20,"minecraft:diorite":12,"minecraft:blue_bed":2,"minecraft:coarse_dirt":11,"minecraft:cobblestone_wall":5,"minecraft:sweet_berry_bush":1,"minecraft:ice":4,"minecraft:spruce_log":20,"minecraft:coal_ore":32,"minecraft:gravel":2,"minecraft:cobweb":8,"minecraft:cracked_stone_bricks":6,"minecraft:polished_blackstone":1,"minecraft:stone_bricks":36,"minecraft:mossy_stone_bricks":4,"minecraft:fern":17},"minecraft:broken":{"minecraft:diamond_helmet":1,"minecraft:iron_leggings":1,"minecraft:shield":1,"minecraft:iron_pickaxe":1},"minecraft:dropped":{"minecraft:spruce_sign":9,"minecraft:moss_block":1,"minecraft:brown_mushroom":30,"minecraft:diamond":8,"minecraft:crossbow":1,"minecraft:lantern":4,"minecraft:leather":4,"jujutsucraft:uniform_q_leggings":2,"minecraft:cracked_stone_bricks":4,"minecraft:saddle":1,"minecraft:rail":25,"minecraft:spruce_leaves":1,"minecraft:flint":1,"minecraft:cod":8,"minecraft:item_frame":6,"minecraft:emerald":7,"minecraft:cyan_terracotta":1,"minecraft:dirt":63,"minecraft:jungle_button":2,"minecraft:stone_button":11,"minecraft:bone_meal":1,"minecraft:iron_pickaxe":1,"minecraft:acacia_door":1,"minecraft:blue_bed":1,"minecraft:gold_ingot":5,"minecraft:bone":5,"minecraft:gravel":2,"minecraft:stone_axe":1,"minecraft:diamond_block":1,"minecraft:detector_rail":4,"jujutsucraft:sword_miwa_kasumi":1,"minecraft:wheat":5,"tombstone:gift":1,"minecraft:rotten_flesh":7,"minecraft:fern":1,"jujutsucraft:naginata":1,"minecraft:cooked_mutton":4,"minecraft:carrot":7,"minecraft:salmon":30,"minecraft:eye_armor_trim_smithing_template":1,"minecraft:rabbit_hide":1,"minecraft:deepslate_tiles":2,"minecraft:gunpowder":4,"minecraft:beetroot_seeds":1,"minecraft:birch_door":4,"minecraft:ladder":31,"minecraft:podzol":2,"minecraft:iron_bars":4,"minecraft:arrow":1,"minecraft:beef":1,"minecraft:stone_brick_stairs":1,"minecraft:enchanting_table":1,"jujutsucraft:sword_option":1,"minecraft:enchanted_book":8,"minecraft:bread":4,"minecraft:wheat_seeds":9,"minecraft:lead":4,"minecraft:cobblestone":52,"minecraft:iron_helmet":2,"jujutsucraft:sword_black":6,"minecraft:book":24,"minecraft:spectral_arrow":2,"minecraft:spruce_door":2,"minecraft:acacia_log":2,"minecraft:stick":4,"minecraft:iron_block":1,"minecraft:diorite":24,"minecraft:brewing_stand":2,"minecraft:golden_carrot":30,"minecraft:ink_sac":36,"minecraft:torch":8,"tombstone:grave_key":2,"minecraft:rabbit":2,"minecraft:iron_door":1,"minecraft:jungle_door":12,"minecraft:iron_leggings":1,"minecraft:iron_axe":1,"minecraft:cactus":15,"minecraft:paper":2,"minecraft:string":38,"minecraft:spruce_sapling":3,"minecraft:furnace":1,"minecraft:kelp":2,"jujutsucraft:uniform_normal_leggings":2,"minecraft:coarse_dirt":2,"minecraft:cobblestone_wall":5,"minecraft:light_gray_terracotta":6,"minecraft:raw_iron":10,"minecraft:name_tag":3,"jujutsucraft:uniform_normal_chestplate":1,"minecraft:cobblestone_slab":4,"minecraft:flower_pot":32,"minecraft:spruce_planks":26,"minecraft:diamond_pickaxe":1,"jujutsucraft:sword_kusakabe":1,"minecraft:oak_sapling":2,"minecraft:stone_bricks":9,"minecraft:brown_carpet":11,"minecraft:spruce_log":8,"minecraft:stone_pickaxe":1,"jujutsucraft:uniform_normal_boots":2,"jujutsucraft:item_master_reverse_cursed_technique":2},"minecraft:picked_up":{"minecraft:birch_door":4,"minecraft:wheat":5,"jujutsucraft:slaughter_demon":1,"minecraft:anvil":1,"minecraft:flower_pot":32,"jujutsucraft:uniform_normal_boots":1,"minecraft:lead":4,"minecraft:enchanted_book":4,"minecraft:stone_brick_stairs":1,"minecraft:brewing_stand":1,"minecraft:string":81,"minecraft:smooth_stone_slab":5,"minecraft:iron_leggings":1,"minecraft:deepslate_tiles":2,"minecraft:spruce_planks":3,"jujutsucraft:sword_black":5,"minecraft:cobblestone_slab":4,"minecraft:iron_pickaxe":1,"minecraft:furnace":2,"minecraft:stick":6,"minecraft:jungle_door":12,"minecraft:torch":20,"minecraft:acacia_log":2,"minecraft:diorite":24,"minecraft:brown_carpet":11,"jujutsucraft:uniform_q_leggings":2,"minecraft:cactus":30,"minecraft:rotten_flesh":7,"minecraft:cyan_terracotta":17,"minecraft:iron_bars":4,"minecraft:cod":8,"minecraft:cobblestone":190,"minecraft:enchanting_table":2,"jujutsucraft:recommendation_1":1,"minecraft:iron_door":1,"minecraft:andesite":16,"minecraft:flint":1,"jujutsucraft:bullet_ball":4,"minecraft:dirt":322,"minecraft:lantern":4,"minecraft:name_tag":2,"jujutsucraft:pendant_todo_aoi":1,"minecraft:bone":6,"minecraft:wheat_seeds":9,"jujutsucraft:uniform_itadori_chestplate":1,"minecraft:mossy_stone_bricks":4,"minecraft:moss_block":1,"minecraft:oak_planks":5,"minecraft:oak_pressure_plate":1,"minecraft:sand":3,"minecraft:ink_sac":32,"minecraft:grass_block":1,"minecraft:spectral_arrow":2,"minecraft:mossy_cobblestone":2,"minecraft:light_gray_terracotta":10,"minecraft:diamond":19,"minecraft:spruce_boat":1,"minecraft:crossbow":1,"minecraft:granite":15,"minecraft:bone_meal":1,"minecraft:golden_apple":2,"minecraft:spruce_sign":9,"minecraft:emerald":12,"minecraft:bread":11,"minecraft:oak_sapling":2,"minecraft:spruce_leaves":1,"minecraft:fishing_rod":1,"minecraft:crafting_table":5,"minecraft:coarse_dirt":10,"minecraft:ladder":33,"minecraft:brown_mushroom":30,"jujutsucraft:clothes_zenin_boots":1,"minecraft:acacia_door":1,"minecraft:snow":2,"minecraft:item_frame":6,"minecraft:cracked_stone_bricks":6,"minecraft:detector_rail":6,"minecraft:beef":1,"minecraft:egg":1,"minecraft:raw_iron":12,"minecraft:polished_blackstone_bricks":1,"minecraft:stone_button":12,"minecraft:iron_horse_armor":1,"minecraft:dark_oak_planks":2,"minecraft:beetroot_seeds":1,"minecraft:saddle":1,"minecraft:gold_ingot":5,"minecraft:rail":25,"minecraft:salmon":30,"minecraft:leather":6,"minecraft:fern":1,"jujutsucraft:sword_kusakabe":2,"minecraft:oak_log":7,"jujutsucraft:sword_option":1,"minecraft:jungle_button":2,"minecraft:cobblestone_wall":8,"minecraft:gunpowder":4,"jujutsucraft:insect_armor_leggings":1,"minecraft:blue_bed":3,"minecraft:paper":2,"tombstone:gift":1,"jujutsucraft:uniform_normal_leggings":1,"minecraft:cooked_mutton":4,"minecraft:podzol":2,"minecraft:apple":4,"minecraft:stone_bricks":40,"minecraft:kelp":3,"minecraft:iron_ingot":5,"minecraft:book":24,"minecraft:sweet_berries":1,"minecraft:gravel":2,"minecraft:spruce_sapling":7,"minecraft:spruce_log":24,"minecraft:spruce_door":3,"minecraft:stone_axe":1,"jujutsucraft:item_master_reverse_cursed_technique":1,"minecraft:iron_helmet":1,"minecraft:coal":33},"minecraft:crafted":{"minecraft:oak_planks":28,"minecraft:oak_button":1,"minecraft:crafting_table":3,"minecraft:spruce_planks":76,"minecraft:shield":1,"minecraft:stick":52,"minecraft:iron_ingot":11,"minecraft:iron_pickaxe":2,"minecraft:stone_pickaxe":1,"minecraft:dark_oak_planks":28,"minecraft:stone_axe":1,"minecraft:air":0,"minecraft:iron_shovel":1,"minecraft:torch":4},"minecraft:killed_by":{"jujutsucraft:cursed_spirit_grade_24":2,"jujutsucraft:cursed_spirit_grade_05":8,"jujutsucraft:curse_user_1":1,"jujutsucraft:miguel":1,"jujutsucraft:cursed_spirit_grade_23":1,"jujutsucraft:nishimiya_momo":1,"jujutsucraft:uraume":2,"jujutsucraft:q":1,"jujutsucraft:cursed_spirit_grade_317":1,"jujutsucraft:cursed_spirit_grade_29":1,"jujutsucraft:cursed_spirit_grade_32":1,"jujutsucraft:yaga_masamichi":1,"jujutsucraft:choso":1,"jujutsucraft:cursed_spirit_grade_36":1,"jujutsucraft:cursed_spirit_grade_39":1,"minecraft:player":9,"jujutsucraft:cursed_spirit_grade_12":2,"jujutsucraft:cursed_spirit_grade_110":1,"jujutsucraft:yoshino_junpei":1,"jujutsucraft:cursed_spirit_grade_19":1,"jujutsucraft:kusakabe_yatsuya":1,"jujutsucraft:zenin_maki":1,"jujutsucraft:kurusu_hana":1,"jujutsucraft:inumaki_toge":1,"jujutsucraft:itadori_yuji_shibuya":4},"minecraft:used":{"minecraft:iron_shovel":85,"minecraft:ladder":5,"jujutsucraft:slaughter_demon":11,"minecraft:shield":38,"jujutsucraft:clothes_fushiguro_toji_leggings":2,"jujutsucraft:clothes_zenin_boots":3,"minecraft:cyan_terracotta":16,"minecraft:grass_block":1,"jujutsucraft:clothes_sukuna_fushiguro_chestplate":1,"jujutsucraft:sword_kusakabe":7,"minecraft:stone_bricks":27,"minecraft:snow":2,"minecraft:sweet_berries":1,"minecraft:furnace":1,"minecraft:egg":1,"minecraft:mossy_stone_bricks":4,"minecraft:spruce_door":2,"minecraft:stone_pickaxe":101,"minecraft:oak_planks":18,"minecraft:blue_bed":1,"minecraft:golden_apple":2,"minecraft:sand":3,"minecraft:light_gray_terracotta":3,"minecraft:crossbow":1,"minecraft:stone_button":1,"minecraft:oak_pressure_plate":1,"minecraft:gravel":1,"jujutsucraft:uniform_normal_leggings":1,"minecraft:andesite":16,"minecraft:smooth_stone_slab":1,"minecraft:coarse_dirt":8,"minecraft:spruce_planks":50,"minecraft:torch":1,"minecraft:dirt":253,"minecraft:cobblestone_wall":2,"minecraft:diamond_helmet":2,"minecraft:granite":15,"minecraft:dark_oak_planks":28,"tombstone:gift":4,"jujutsucraft:sword_black":106,"jujutsucraft:uniform_itadori_chestplate":3,"jujutsucraft:insect_armor_leggings":1,"jujutsucraft:uniform_normal_boots":2,"minecraft:cracked_stone_bricks":2,"minecraft:polished_blackstone_bricks":1,"jujutsucraft:cursed_spirit_armoury_chestplate":2,"tombstone:scroll_of_feather_fall":5,"minecraft:crafting_table":7,"minecraft:spruce_log":1,"minecraft:iron_pickaxe":319,"minecraft:oak_button":1,"tombstone:magic_scroll":1,"minecraft:spruce_sapling":3,"minecraft:stone_axe":52,"minecraft:cobblestone":159},"minecraft:killed":{"jujutsucraft:mimiko":4,"jujutsucraft:cursed_spirit_grade_32":23,"jujutsucraft:cursed_spirit_grade_31":5,"jujutsucraft:inumaki_toge":3,"jujutsucraft:cursed_spirit_grade_33":57,"jujutsucraft:cursed_spirit_grade_11":1,"jujutsucraft:doll_1":1,"jujutsucraft:cursed_spirit_grade_12":3,"jujutsucraft:miguel":1,"jujutsucraft:cursed_spirit_grade_37":1,"jujutsucraft:cursed_spirit_grade_35":2,"jujutsucraft:cursed_spirit_grade_39":35,"minecraft:fox":2,"jujutsucraft:cursed_spirit_grade_19":1,"jujutsucraft:cursed_spirit_grade_16":1,"jujutsucraft:cursed_spirit_grade_38":7,"jujutsucraft:cursed_spirit_grade_34":43,"jujutsucraft:nobara_kugisaki":3,"jujutsucraft:kusakabe_yatsuya":1,"minecraft:wolf":1,"jujutsucraft:zenin_chojuro":1,"minecraft:salmon":45,"jujutsucraft:nishimiya_momo":1,"jujutsucraft:awasaka_jiro":2,"jujutsucraft:choso":1,"jujutsucraft:curse_user_1":14,"jujutsucraft:cursed_spirit_grade_211":2,"jujutsucraft:itadori_yuji":5,"minecraft:sheep":1,"jujutsucraft:panda_gorilla":1,"jujutsucraft:cursed_spirit_grade_29":2,"jujutsucraft:cursed_spirit_grade_28":2,"minecraft:trader_llama":2,"minecraft:pillager":1,"jujutsucraft:cursed_spirit_grade_314":32,"jujutsucraft:cursed_spirit_grade_17":2,"jujutsucraft:todo_aoi":1,"jujutsucraft:cursed_spirit_grade_110":1,"jujutsucraft:cursed_spirit_grade_315":27,"jujutsucraft:cursed_spirit_grade_212":1,"jujutsucraft:cursed_spirit_grade_06":1,"jujutsucraft:ice_spear":1,"minecraft:cow":1,"jujutsucraft:entity_tornado":1,"jujutsucraft:transfigured_human_3":2,"jujutsucraft:nanako":4,"jujutsucraft:charles_bernard":1,"jujutsucraft:liquid_metal":1,"jujutsucraft:cursed_spirit_grade_24":2,"jujutsucraft:yoshino_junpei":5,"jujutsucraft:cursed_spirit_grade_318":8,"jujutsucraft:cursed_spirit_grade_316":13,"jujutsucraft:shigemo_haruta":7,"jujutsucraft:cursed_spirit_grade_312":2,"jujutsucraft:cursed_spirit_grade_313":7,"jujutsucraft:rozetsu_shikigami":2,"jujutsucraft:cursed_spirit_grade_23":1,"jujutsucraft:itadori_yuji_shibuya":1,"jujutsucraft:cursed_spirit_grade_317":27,"jujutsucraft:transfigured_human_1":1,"jujutsucraft:kukuru":3,"jujutsucraft:jujutsu_sorcerer":3,"minecraft:bat":5,"jujutsucraft:zenin_maki":2,"jujutsucraft:curse_user":2,"jujutsucraft:mechamaru":1,"minecraft:squid":17,"jujutsucraft:entity_scissors":25,"jujutsucraft:cursed_spirit_grade_311":15,"jujutsucraft:cursed_spirit_grade_310":14,"jujutsucraft:negi_toshihisa":6,"jujutsucraft:slicing_exorcism":1,"jujutsucraft:cursed_spirit_grade_36":30,"jujutsucraft:cursed_spirit_grade_319":20,"jujutsucraft:kamo_noritoshi":1,"minecraft:villager":5,"jujutsucraft:q":6}},"DataVersion":3465}