{"stat.leaveGame":9,"stat.craftItem.minecraft.iron_axe":1,"stat.pickup.tombstone.familiar_stone":1,"stat.mineBlock.minecraft.sandstone":40,"stat.pickup.srparasites.parasitecanister":1,"stat.useItem.minecraft.planks":6,"stat.useItem.tombstone.familiar_stone":2,"stat.drop.dynamictrees.birchseed":1,"stat.pickup.minecraft.porkchop":14,"stat.useItem.minecraft.water_bucket":2,"stat.pickup.minecraft.rotten_flesh":17,"stat.pickup.minecraft.sand":83,"stat.craftItem.minecraft.stone_axe":1,"stat.pickup.dynamictrees.spruceseed":12,"stat.mineBlock.minecraft.sand":67,"stat.drop.spartanweaponry.javelin_iron":1,"stat.drop.dynamictrees.spruceseed":3,"stat.craftItem.spartanshields.shield_basic_wood":1,"stat.useItem.minecraft.iron_pickaxe":392,"stat.furnaceInteraction":146,"stat.drop.minecraft.gravel":22,"stat.pickup.srparasites.lurecomponent2":1,"stat.pickup.srparasites.lurecomponent1":2,"stat.pickup.minecraft.beef":174,"stat.pickup.minecraft.furnace":29,"stat.useItem.minecraft.stone_stairs":3,"stat.pickup.tombstone.magic_scroll":1,"stat.pickup.minecraft.stone_stairs":2,"stat.killEntity.Husk":1,"stat.pickup.minecraft.emerald":9,"stat.pickup.dynamictrees.oakseed":21,"stat.pickup.ironchest.iron_chest":1,"stat.deaths":21,"stat.pickup.minecraft.egg":3,"stat.playOneMinute":229692,"stat.craftItem.minecraft.iron_pickaxe":4,"stat.mineBlock.minecraft.tallgrass":36,"stat.chestOpened":26,"stat.drop.srparasites.lurecomponent1":2,"stat.drop.srparasites.lurecomponent2":1,"stat.craftItem.minecraft.sign":3,"stat.useItem.minecraft.stone":20,"stat.pickup.minecraft.arrow":18,"stat.drop.minecraft.iron_pickaxe":1,"stat.craftItem.minecraft.iron_nugget":256,"stat.fallOneCm":108807,"stat.drop.minecraft.stone":29,"stat.crouchOneCm":1616,"stat.craftItem.minecraft.chest":5,"stat.craftItem.minecraft.iron_ingot":117,"stat.craftingTableInteraction":60,"stat.pickup.minecraft.wooden_pickaxe":1,"stat.useItem.minecraft.furnace":24,"stat.useItem.minecraft.reeds":70,"stat.pickup.minecraft.dye":25,"stat.pickup.minecraft.planks":18,"stat.killEntity.Llama":5,"stat.pickup.minecraft.wheat_seeds":1,"stat.mineBlock.minecraft.gravel":104,"stat.useItem.minecraft.stone_pickaxe":807,"stat.craftItem.minecraft.iron_leggings":3,"stat.mineBlock.minecraft.dirt":17,"stat.drop.minecraft.iron_axe":1,"stat.mineBlock.minecraft.monster_egg":2,"stat.useItem.minecraft.torch":49,"stat.drop.tombstone.crafting_ingredient":2,"stat.pickup.minecraft.iron_nugget":5,"stat.useItem.spartanweaponry.javelin_iron":9,"stat.drop.minecraft.rotten_flesh":6,"stat.craftItem.minecraft.stone_stairs":4,"stat.useItem.minecraft.log":5,"stat.pickup.minecraft.crafting_table":3,"stat.useItem.minecraft.cobblestone":515,"stat.craftItem.minecraft.crafting_table":7,"stat.useItem.minecraft.gravel":3,"stat.mineBlock.minecraft.double_plant":1,"stat.craftItem.minecraft.boat":1,"stat.useItem.dynamictrees.oakseed":3,"stat.mineBlock.minecraft.emerald_ore":2,"stat.pickup.minecraft.log":98,"stat.drop.minecraft.sign":4,"stat.pickup.minecraft.iron_pickaxe":2,"stat.craftItem.minecraft.gold_ingot":12,"stat.entityKilledBy.Enderman":1,"stat.drop.dynamictrees.oakseed":15,"stat.craftItem.minecraft.bucket":3,"stat.craftItem.minecraft.planks":180,"stat.useItem.minecraft.iron_sword":336,"stat.pickup.minecraft.book":42,"stat.mineBlock.minecraft.log":5,"stat.sneakTime":651,"stat.pickup.tombstone.dust_of_vanishing":2,"stat.pickup.minecraft.wool":8,"stat.pickup.minecraft.bone":38,"stat.useItem.minecraft.iron_axe":61,"stat.drop.minecraft.stone_shovel":3,"stat.mineBlock.minecraft.cobblestone":45,"stat.pickup.minecraft.stone_pickaxe":1,"stat.pickup.minecraft.flint":9,"stat.craftItem.tombstone.grave_key":1,"stat.mineBlock.srparasites.gore":25,"stat.drop.nocubessrpnests.wormtooth":4,"stat.pickup.nocubessrpnests.fleshwormspike":1,"stat.swimOneCm":20283,"stat.climbOneCm":326,"stat.drop.minecraft.cobblestone":64,"stat.useItem.minecraft.dirt":16,"stat.useItem.minecraft.stone_slab2":54,"stat.craftItem.minecraft.furnace":15,"stat.useItem.minecraft.egg":2,"stat.craftItem.spartanshields.shield_basic_iron":1,"stat.craftItem.minecraft.iron_boots":2,"stat.craftItem.minecraft.spruce_boat":2,"stat.craftItem.minecraft.stone_pickaxe":8,"stat.craftItem.minecraft.cooked_beef":178,"stat.pickup.minecraft.cobblestone":992,"stat.useItem.minecraft.stone_shovel":166,"stat.flyOneCm":797216,"stat.pickup.minecraft.sandstone":40,"stat.drop.minecraft.wheat_seeds":1,"stat.useItem.minecraft.cooked_beef":49,"stat.mineBlock.minecraft.iron_ore":111,"stat.timeSinceDeath":1664,"stat.useItem.minecraft.sign":3,"stat.drop.minecraft.spider_eye":1,"stat.pickup.minecraft.mutton":6,"stat.drop.minecraft.dirt":2,"stat.mineBlock.minecraft.coal_ore":60,"stat.killEntity.Creeper":2,"stat.talkedToVillager":40,"stat.pickup.minecraft.string":5,"stat.pickup.tombstone.crafting_ingredient":7,"stat.useItem.minecraft.milk_bucket":2,"stat.craftItem.minecraft.stone_slab2":0,"stat.killEntity.Squid":1,"stat.sprintOneCm":594574,"stat.craftItem.minecraft.stick":44,"stat.useItem.tombstone.magic_scroll":1,"stat.mineBlock.minecraft.diamond_ore":13,"stat.mineBlock.minecraft.crafting_table":3,"tombstone:use_vanishing":1,"stat.entityKilledBy.Creeper":1,"stat.drop":54,"stat.drop.tombstone.grave_key":3,"stat.killEntity.Sheep":12,"stat.pickup.tombstone.grave_key":1,"stat.craftItem.minecraft.emerald":4,"stat.craftItem.minecraft.diamond_pickaxe":1,"stat.killEntity.Zombie":19,"stat.mineBlock.minecraft.gold_ore":12,"stat.diveOneCm":42518,"stat.pickup.minecraft.sign":4,"stat.drop.minecraft.wooden_pickaxe":1,"stat.pickup.minecraft.gravel":95,"stat.drop.minecraft.cooked_beef":1,"stat.craftItem.minecraft.cooked_porkchop":14,"stat.pickup.minecraft.stone_axe":1,"stat.mineBlock.minecraft.deadbush":1,"stat.jump":4506,"stat.pickup.minecraft.fence":1,"stat.pickup.minecraft.coal":69,"stat.useItem.dynamictrees.spruceseed":2,"stat.pickup.minecraft.iron_ingot":32,"stat.useItem.minecraft.stone_axe":131,"stat.pickup.minecraft.gunpowder":6,"stat.pickup.minecraft.spider_eye":2,"stat.craftItem.minecraft.torch":28,"stat.pickup.minecraft.dirt":25,"stat.craftItem.minecraft.iron_helmet":2,"stat.pickup.nocubessrpnests.wormtooth":4,"stat.pickup.minecraft.iron_ore":111,"stat.pickup.minecraft.stone_shovel":3,"stat.boatOneCm":234034,"stat.pickup.minecraft.gold_ore":12,"stat.mineBlock.minecraft.lapis_ore":4,"stat.pickup.minecraft.iron_axe":1,"stat.mineBlock.minecraft.glass_pane":2,"stat.mineBlock.minecraft.stone_stairs":2,"stat.damageTaken":9447,"stat.pickup.minecraft.leather":83,"stat.mineBlock.minecraft.torch":25,"stat.mineBlock.minecraft.furnace":29,"stat.useItem.minecraft.wooden_pickaxe":36,"stat.tradedWithVillager":5,"stat.pickup.srparasites.assimilated_flesh":7,"stat.pickup.minecraft.reeds":73,"tombstone:undead_killed":28,"stat.pickup.minecraft.potato":4,"stat.damageDealt":24535,"stat.killEntity.Silverfish":1,"stat.mineBlock.nocubessrpnests.fleshwormspike":1,"stat.killEntity.Cow":86,"stat.useItem.tombstone.dust_of_vanishing":1,"stat.killEntity.Pig":10,"stat.craftItem.minecraft.iron_sword":1,"stat.craftItem.minecraft.stone_shovel":3,"stat.walkOneCm":731909,"stat.useItem.minecraft.chest":3,"stat.playerKills":1,"stat.pickup.dynamictrees.birchseed":1,"stat.pickup.minecraft.stick":46,"stat.useItem.minecraft.spruce_boat":2,"stat.useItem.tombstone.gift":1,"stat.pickup.minecraft.stone":149,"stat.craftItem.minecraft.iron_chestplate":2,"stat.pickup.minecraft.ender_pearl":1,"stat.drop.minecraft.egg":1,"stat.pickup.minecraft.cooked_beef":3,"stat.drop.srparasites.assimilated_flesh":2,"stat.killEntity.Skeleton":8,"stat.killEntity.Spider":7,"stat.mobKills":196,"stat.mineBlock.minecraft.bookshelf":14,"stat.useItem.minecraft.boat":1,"stat.pickup.minecraft.water_bucket":1,"stat.pickup.minecraft.diamond":13,"stat.pickup.minecraft.torch":27,"stat.entityKilledBy.Silverfish":1,"stat.drop.minecraft.stone_axe":1,"stat.mineBlock.minecraft.stone":887,"stat.useItem.minecraft.sandstone":28}