{"stats":{"minecraft:custom":{"minecraft:mob_kills":327,"minecraft:inspect_dropper":2,"minecraft:interact_with_crafting_table":12,"minecraft:damage_dealt_resisted":100544,"minecraft:leave_game":34,"minecraft:time_since_death":26172,"minecraft:climb_one_cm":42209,"minecraft:damage_resisted":21524,"minecraft:sprint_one_cm":1455434,"minecraft:walk_one_cm":1141768,"minecraft:damage_blocked_by_shield":95,"minecraft:drop":128,"minecraft:play_time":338723,"minecraft:deaths":35,"minecraft:sneak_time":1668,"minecraft:walk_under_water_one_cm":46513,"tombstone:tomb_raiding":2,"minecraft:jump":6431,"minecraft:walk_on_water_one_cm":61784,"minecraft:total_world_time":338723,"minecraft:interact_with_furnace":7,"minecraft:time_since_rest":25607,"minecraft:damage_absorbed":41,"minecraft:damage_taken":27823,"tombstone:sneak_grave":1,"minecraft:damage_dealt":5650,"tombstone:cast_on_ally":0,"minecraft:player_kills":13,"minecraft:swim_one_cm":103968,"minecraft:fly_one_cm":1469783,"minecraft:open_chest":33,"minecraft:crouch_one_cm":6118,"tombstone:villager_killed":1,"minecraft:fall_one_cm":246488},"minecraft:mined":{"minecraft:dark_oak_planks":2,"minecraft:deepslate_tiles":2,"minecraft:diamond_ore":14,"minecraft:blue_stained_glass_pane":3,"minecraft:mossy_cobblestone":3,"minecraft:brewing_stand":1,"minecraft:gray_stained_glass_pane":1,"minecraft:granite":15,"minecraft:grass_block":64,"minecraft:white_stained_glass":14,"minecraft:spruce_leaves":41,"minecraft:moss_block":2,"minecraft:spawner":19,"minecraft:light_blue_stained_glass":23,"minecraft:large_fern":20,"minecraft:polished_blackstone_bricks":2,"minecraft:mossy_cobblestone_slab":1,"minecraft:furnace":2,"minecraft:iron_ore":12,"minecraft:andesite":16,"minecraft:anvil":1,"minecraft:enchanting_table":1,"minecraft:bookshelf":9,"minecraft:cobblestone_slab":2,"minecraft:vine":1,"minecraft:iron_bars":4,"minecraft:stone":150,"minecraft:podzol":16,"minecraft:glass_pane":14,"minecraft:cyan_terracotta":9,"minecraft:blue_stained_glass":7,"minecraft:powder_snow":26,"minecraft:light_gray_terracotta":5,"minecraft:crafting_table":4,"minecraft:gray_stained_glass":6,"minecraft:white_stained_glass_pane":10,"minecraft:dead_bush":1,"minecraft:glass":5,"minecraft:cobblestone":6,"minecraft:oak_planks":8,"minecraft:diorite":12,"minecraft:iron_door":1,"minecraft:coarse_dirt":11,"minecraft:cobblestone_wall":3,"minecraft:sweet_berry_bush":1,"minecraft:ice":1,"minecraft:spruce_log":20,"minecraft:smooth_stone_slab":4,"minecraft:grass":4,"minecraft:coal_ore":32,"minecraft:oak_log":7,"minecraft:gravel":1,"minecraft:dirt":118,"minecraft:sand":3,"minecraft:cobweb":5,"minecraft:cracked_stone_bricks":6,"minecraft:stone_bricks":30,"minecraft:polished_blackstone":1,"minecraft:mossy_stone_bricks":2,"minecraft:oak_leaves":17,"minecraft:fern":15},"minecraft:broken":{"minecraft:diamond_helmet":1,"minecraft:shield":1,"minecraft:iron_pickaxe":1},"minecraft:dropped":{"minecraft:moss_block":1,"minecraft:brown_mushroom":24,"minecraft:wheat_seeds":8,"minecraft:diamond":8,"minecraft:iron_helmet":2,"minecraft:cobblestone":47,"jujutsucraft:sword_black":5,"minecraft:lantern":2,"minecraft:cracked_stone_bricks":4,"jujutsucraft:uniform_q_leggings":2,"minecraft:spruce_door":2,"minecraft:acacia_log":2,"minecraft:emerald":7,"minecraft:stick":4,"minecraft:spruce_leaves":1,"minecraft:iron_block":1,"minecraft:dirt":39,"minecraft:diorite":24,"minecraft:brewing_stand":2,"minecraft:ink_sac":11,"minecraft:torch":8,"tombstone:grave_key":2,"minecraft:iron_door":1,"minecraft:iron_axe":1,"minecraft:string":5,"minecraft:spruce_sapling":3,"minecraft:bone":3,"minecraft:gravel":1,"minecraft:furnace":1,"minecraft:stone_axe":1,"minecraft:diamond_block":1,"jujutsucraft:uniform_normal_leggings":2,"minecraft:coarse_dirt":2,"jujutsucraft:sword_miwa_kasumi":1,"minecraft:cobblestone_wall":1,"minecraft:light_gray_terracotta":3,"minecraft:raw_iron":10,"tombstone:gift":1,"minecraft:name_tag":1,"minecraft:salmon":13,"minecraft:carrot":7,"jujutsucraft:uniform_normal_chestplate":1,"minecraft:cobblestone_slab":4,"minecraft:deepslate_tiles":2,"minecraft:spruce_planks":25,"minecraft:diamond_pickaxe":1,"minecraft:beetroot_seeds":1,"minecraft:oak_sapling":2,"minecraft:ladder":5,"minecraft:stone_bricks":5,"minecraft:iron_bars":4,"minecraft:stone_pickaxe":1,"minecraft:beef":1,"minecraft:podzol":2,"jujutsucraft:uniform_normal_boots":2,"minecraft:stone_brick_stairs":1,"jujutsucraft:item_master_reverse_cursed_technique":1,"minecraft:enchanting_table":1},"minecraft:picked_up":{"minecraft:spruce_leaves":1,"minecraft:coarse_dirt":10,"minecraft:crafting_table":4,"minecraft:brown_mushroom":29,"minecraft:ladder":2,"minecraft:anvil":1,"jujutsucraft:uniform_normal_boots":1,"minecraft:stone_brick_stairs":1,"minecraft:brewing_stand":1,"minecraft:string":3,"minecraft:smooth_stone_slab":5,"minecraft:cracked_stone_bricks":6,"minecraft:deepslate_tiles":2,"jujutsucraft:sword_black":4,"minecraft:beef":1,"minecraft:cobblestone_slab":4,"minecraft:furnace":2,"minecraft:egg":1,"minecraft:stick":4,"minecraft:raw_iron":12,"minecraft:torch":9,"minecraft:acacia_log":2,"minecraft:polished_blackstone_bricks":1,"minecraft:diorite":24,"minecraft:dark_oak_planks":2,"jujutsucraft:uniform_q_leggings":2,"minecraft:beetroot_seeds":1,"minecraft:cyan_terracotta":12,"minecraft:iron_bars":4,"minecraft:cobblestone":171,"minecraft:enchanting_table":1,"jujutsucraft:recommendation_1":1,"minecraft:iron_door":1,"minecraft:salmon":13,"minecraft:andesite":16,"minecraft:oak_log":7,"jujutsucraft:sword_option":1,"minecraft:cobblestone_wall":3,"minecraft:dirt":195,"minecraft:lantern":2,"tombstone:gift":1,"jujutsucraft:uniform_normal_leggings":1,"jujutsucraft:pendant_todo_aoi":1,"minecraft:podzol":2,"minecraft:bone":3,"minecraft:stone_bricks":34,"minecraft:wheat_seeds":8,"minecraft:mossy_stone_bricks":2,"minecraft:moss_block":1,"minecraft:oak_planks":5,"minecraft:book":24,"minecraft:gravel":2,"minecraft:sand":3,"minecraft:spruce_sapling":6,"minecraft:ink_sac":11,"minecraft:spruce_log":20,"minecraft:spruce_door":1,"minecraft:mossy_cobblestone":2,"minecraft:light_gray_terracotta":6,"minecraft:diamond":19,"minecraft:stone_axe":1,"jujutsucraft:item_master_reverse_cursed_technique":1,"minecraft:iron_helmet":1,"minecraft:granite":15,"minecraft:bone_meal":1,"minecraft:oak_sapling":2,"minecraft:coal":32},"minecraft:crafted":{"minecraft:oak_planks":28,"minecraft:stone_pickaxe":1,"minecraft:oak_button":1,"minecraft:dark_oak_planks":28,"minecraft:crafting_table":3,"minecraft:spruce_planks":76,"minecraft:stone_axe":1,"minecraft:air":0,"minecraft:shield":1,"minecraft:stick":52,"minecraft:iron_ingot":11,"minecraft:iron_pickaxe":2,"minecraft:torch":4},"minecraft:killed_by":{"jujutsucraft:cursed_spirit_grade_24":2,"jujutsucraft:cursed_spirit_grade_36":1,"jujutsucraft:cursed_spirit_grade_39":1,"minecraft:player":4,"jujutsucraft:cursed_spirit_grade_05":8,"jujutsucraft:cursed_spirit_grade_12":2,"jujutsucraft:curse_user_1":1,"jujutsucraft:yoshino_junpei":1,"jujutsucraft:zenin_maki":1,"jujutsucraft:kurusu_hana":1,"jujutsucraft:inumaki_toge":1,"jujutsucraft:nishimiya_momo":1,"jujutsucraft:uraume":2,"jujutsucraft:q":1,"jujutsucraft:cursed_spirit_grade_29":1,"jujutsucraft:cursed_spirit_grade_317":1,"jujutsucraft:itadori_yuji_shibuya":3},"minecraft:used":{"minecraft:spruce_planks":38,"minecraft:shield":38,"minecraft:torch":1,"minecraft:dirt":146,"jujutsucraft:clothes_fushiguro_toji_leggings":2,"minecraft:cobblestone_wall":2,"minecraft:diamond_helmet":1,"minecraft:granite":15,"minecraft:dark_oak_planks":28,"jujutsucraft:clothes_zenin_boots":2,"minecraft:cyan_terracotta":12,"jujutsucraft:clothes_sukuna_fushiguro_chestplate":1,"minecraft:stone_bricks":25,"minecraft:furnace":1,"tombstone:gift":4,"minecraft:egg":1,"jujutsucraft:sword_black":86,"minecraft:mossy_stone_bricks":2,"minecraft:stone_pickaxe":101,"minecraft:oak_planks":18,"jujutsucraft:uniform_normal_boots":2,"minecraft:cracked_stone_bricks":2,"minecraft:polished_blackstone_bricks":1,"minecraft:golden_apple":1,"minecraft:sand":3,"tombstone:scroll_of_feather_fall":5,"minecraft:crafting_table":6,"minecraft:light_gray_terracotta":2,"minecraft:spruce_log":1,"tombstone:magic_scroll":1,"minecraft:spruce_sapling":2,"minecraft:iron_pickaxe":275,"minecraft:oak_button":1,"minecraft:gravel":1,"minecraft:stone_axe":49,"jujutsucraft:uniform_normal_leggings":1,"minecraft:cobblestone":145,"minecraft:andesite":16,"minecraft:coarse_dirt":8},"minecraft:killed":{"jujutsucraft:mimiko":2,"jujutsucraft:cursed_spirit_grade_32":9,"jujutsucraft:transfigured_human_3":1,"jujutsucraft:cursed_spirit_grade_31":3,"jujutsucraft:cursed_spirit_grade_33":34,"jujutsucraft:nanako":2,"jujutsucraft:liquid_metal":1,"jujutsucraft:cursed_spirit_grade_24":1,"jujutsucraft:cursed_spirit_grade_12":1,"jujutsucraft:cursed_spirit_grade_37":1,"jujutsucraft:cursed_spirit_grade_35":1,"jujutsucraft:yoshino_junpei":4,"jujutsucraft:cursed_spirit_grade_318":4,"jujutsucraft:cursed_spirit_grade_316":8,"jujutsucraft:cursed_spirit_grade_39":26,"jujutsucraft:shigemo_haruta":3,"jujutsucraft:cursed_spirit_grade_312":1,"jujutsucraft:cursed_spirit_grade_313":3,"minecraft:fox":2,"jujutsucraft:rozetsu_shikigami":1,"jujutsucraft:itadori_yuji_shibuya":1,"jujutsucraft:cursed_spirit_grade_317":15,"jujutsucraft:cursed_spirit_grade_38":6,"jujutsucraft:cursed_spirit_grade_34":24,"minecraft:wolf":1,"jujutsucraft:kukuru":1,"jujutsucraft:jujutsu_sorcerer":1,"minecraft:salmon":41,"jujutsucraft:awasaka_jiro":1,"jujutsucraft:curse_user_1":8,"jujutsucraft:cursed_spirit_grade_211":1,"jujutsucraft:curse_user":2,"jujutsucraft:mechamaru":1,"jujutsucraft:itadori_yuji":1,"minecraft:squid":13,"minecraft:sheep":1,"jujutsucraft:cursed_spirit_grade_29":1,"jujutsucraft:cursed_spirit_grade_314":17,"jujutsucraft:cursed_spirit_grade_311":7,"jujutsucraft:cursed_spirit_grade_310":7,"jujutsucraft:negi_toshihisa":5,"jujutsucraft:cursed_spirit_grade_17":1,"jujutsucraft:cursed_spirit_grade_36":17,"jujutsucraft:todo_aoi":1,"jujutsucraft:cursed_spirit_grade_315":15,"jujutsucraft:cursed_spirit_grade_319":12,"jujutsucraft:ice_spear":1,"jujutsucraft:cursed_spirit_grade_06":1,"minecraft:villager":1,"jujutsucraft:kamo_noritoshi":1,"jujutsucraft:q":5,"minecraft:cow":1}},"DataVersion":3465}