{"stats":{"minecraft:custom":{"minecraft:inspect_dropper":2,"minecraft:mob_kills":210,"minecraft:interact_with_crafting_table":9,"minecraft:damage_dealt_resisted":37320,"minecraft:leave_game":29,"minecraft:time_since_death":4442,"minecraft:climb_one_cm":39119,"minecraft:damage_resisted":11335,"minecraft:sprint_one_cm":864864,"minecraft:walk_one_cm":793502,"minecraft:damage_blocked_by_shield":95,"minecraft:drop":85,"minecraft:play_time":219938,"minecraft:deaths":29,"minecraft:sneak_time":898,"minecraft:walk_under_water_one_cm":31189,"tombstone:tomb_raiding":1,"minecraft:jump":4111,"minecraft:walk_on_water_one_cm":48106,"minecraft:total_world_time":219938,"minecraft:interact_with_furnace":7,"minecraft:time_since_rest":4174,"minecraft:damage_absorbed":41,"minecraft:damage_taken":21035,"minecraft:damage_dealt":1250,"tombstone:cast_on_ally":0,"minecraft:player_kills":5,"minecraft:swim_one_cm":62589,"minecraft:fly_one_cm":916156,"minecraft:open_chest":32,"minecraft:crouch_one_cm":3776,"minecraft:fall_one_cm":161023},"minecraft:mined":{"minecraft:dark_oak_planks":2,"minecraft:deepslate_tiles":2,"minecraft:diamond_ore":14,"minecraft:blue_stained_glass_pane":3,"minecraft:mossy_cobblestone":3,"minecraft:brewing_stand":1,"minecraft:gray_stained_glass_pane":1,"minecraft:granite":15,"minecraft:grass_block":28,"minecraft:white_stained_glass":8,"minecraft:spruce_leaves":15,"minecraft:moss_block":2,"minecraft:spawner":19,"minecraft:light_blue_stained_glass":23,"minecraft:large_fern":17,"minecraft:polished_blackstone_bricks":2,"minecraft:mossy_cobblestone_slab":1,"minecraft:furnace":2,"minecraft:iron_ore":12,"minecraft:andesite":16,"minecraft:anvil":1,"minecraft:enchanting_table":1,"minecraft:bookshelf":9,"minecraft:cobblestone_slab":2,"minecraft:vine":1,"minecraft:iron_bars":4,"minecraft:stone":127,"minecraft:podzol":9,"minecraft:glass_pane":12,"minecraft:cyan_terracotta":9,"minecraft:blue_stained_glass":6,"minecraft:powder_snow":23,"minecraft:crafting_table":3,"minecraft:light_gray_terracotta":4,"minecraft:gray_stained_glass":6,"minecraft:white_stained_glass_pane":10,"minecraft:glass":5,"minecraft:cobblestone":6,"minecraft:oak_planks":8,"minecraft:diorite":12,"minecraft:iron_door":1,"minecraft:coarse_dirt":2,"minecraft:cobblestone_wall":2,"minecraft:sweet_berry_bush":1,"minecraft:spruce_log":20,"minecraft:smooth_stone_slab":4,"minecraft:grass":3,"minecraft:oak_log":7,"minecraft:coal_ore":32,"minecraft:gravel":1,"minecraft:dirt":40,"minecraft:sand":1,"minecraft:cobweb":5,"minecraft:cracked_stone_bricks":6,"minecraft:polished_blackstone":1,"minecraft:stone_bricks":30,"minecraft:mossy_stone_bricks":2,"minecraft:oak_leaves":17,"minecraft:fern":11},"minecraft:broken":{"minecraft:shield":1,"minecraft:iron_pickaxe":1},"minecraft:dropped":{"minecraft:moss_block":1,"minecraft:wheat_seeds":7,"minecraft:diamond":8,"minecraft:cobblestone":20,"jujutsucraft:sword_black":4,"jujutsucraft:uniform_q_leggings":2,"minecraft:cracked_stone_bricks":4,"minecraft:spruce_door":1,"minecraft:stick":4,"minecraft:spruce_leaves":1,"minecraft:dirt":25,"minecraft:diorite":24,"minecraft:ink_sac":7,"minecraft:torch":8,"tombstone:grave_key":2,"minecraft:iron_door":1,"minecraft:string":4,"minecraft:spruce_sapling":1,"minecraft:bone":3,"minecraft:gravel":1,"minecraft:furnace":1,"minecraft:stone_axe":1,"jujutsucraft:uniform_normal_leggings":2,"jujutsucraft:sword_miwa_kasumi":1,"minecraft:cobblestone_wall":1,"minecraft:light_gray_terracotta":2,"minecraft:raw_iron":10,"minecraft:salmon":1,"minecraft:carrot":7,"jujutsucraft:uniform_normal_chestplate":1,"minecraft:cobblestone_slab":4,"minecraft:deepslate_tiles":2,"minecraft:spruce_planks":10,"minecraft:beetroot_seeds":1,"minecraft:oak_sapling":2,"minecraft:stone_bricks":5,"minecraft:iron_bars":4,"minecraft:stone_pickaxe":1,"minecraft:beef":1,"minecraft:podzol":2,"jujutsucraft:uniform_normal_boots":2,"jujutsucraft:item_master_reverse_cursed_technique":1,"minecraft:stone_brick_stairs":1},"minecraft:picked_up":{"minecraft:spruce_leaves":1,"minecraft:crafting_table":3,"minecraft:coarse_dirt":1,"minecraft:anvil":1,"jujutsucraft:uniform_normal_boots":1,"minecraft:stone_brick_stairs":1,"minecraft:brewing_stand":1,"minecraft:string":3,"minecraft:smooth_stone_slab":5,"minecraft:cracked_stone_bricks":6,"minecraft:deepslate_tiles":2,"jujutsucraft:sword_black":4,"minecraft:beef":1,"minecraft:cobblestone_slab":4,"minecraft:furnace":2,"minecraft:stick":4,"minecraft:raw_iron":12,"minecraft:torch":8,"minecraft:polished_blackstone_bricks":1,"minecraft:diorite":24,"minecraft:dark_oak_planks":2,"jujutsucraft:uniform_q_leggings":2,"minecraft:beetroot_seeds":1,"minecraft:cyan_terracotta":12,"minecraft:iron_bars":4,"minecraft:cobblestone":150,"minecraft:enchanting_table":1,"jujutsucraft:recommendation_1":1,"minecraft:iron_door":1,"minecraft:andesite":16,"minecraft:salmon":2,"minecraft:oak_log":7,"minecraft:cobblestone_wall":2,"minecraft:dirt":77,"jujutsucraft:uniform_normal_leggings":1,"minecraft:podzol":2,"minecraft:bone":3,"minecraft:stone_bricks":34,"minecraft:wheat_seeds":7,"minecraft:mossy_stone_bricks":2,"minecraft:moss_block":1,"minecraft:oak_planks":5,"minecraft:book":24,"minecraft:gravel":2,"minecraft:sand":1,"minecraft:spruce_sapling":2,"minecraft:ink_sac":7,"minecraft:spruce_log":20,"minecraft:spruce_door":1,"minecraft:mossy_cobblestone":2,"minecraft:light_gray_terracotta":4,"minecraft:diamond":19,"minecraft:stone_axe":1,"jujutsucraft:item_master_reverse_cursed_technique":1,"minecraft:granite":15,"minecraft:bone_meal":1,"minecraft:oak_sapling":2,"minecraft:coal":32},"minecraft:crafted":{"minecraft:oak_planks":28,"minecraft:stone_pickaxe":1,"minecraft:oak_button":1,"minecraft:dark_oak_planks":28,"minecraft:crafting_table":1,"minecraft:spruce_planks":76,"minecraft:stone_axe":1,"minecraft:air":0,"minecraft:shield":1,"minecraft:stick":40,"minecraft:iron_ingot":2,"minecraft:iron_pickaxe":1,"minecraft:torch":4},"minecraft:killed_by":{"jujutsucraft:cursed_spirit_grade_24":2,"jujutsucraft:cursed_spirit_grade_36":1,"jujutsucraft:cursed_spirit_grade_39":1,"minecraft:player":4,"jujutsucraft:cursed_spirit_grade_12":2,"jujutsucraft:cursed_spirit_grade_05":8,"jujutsucraft:curse_user_1":1,"jujutsucraft:zenin_maki":1,"jujutsucraft:inumaki_toge":1,"jujutsucraft:nishimiya_momo":1,"jujutsucraft:q":1,"jujutsucraft:cursed_spirit_grade_317":1,"jujutsucraft:itadori_yuji_shibuya":3},"minecraft:used":{"minecraft:spruce_planks":29,"minecraft:shield":38,"minecraft:dirt":57,"jujutsucraft:clothes_fushiguro_toji_leggings":2,"minecraft:cobblestone_wall":1,"minecraft:diamond_helmet":1,"minecraft:granite":15,"jujutsucraft:clothes_zenin_boots":2,"minecraft:dark_oak_planks":28,"minecraft:cyan_terracotta":12,"jujutsucraft:clothes_sukuna_fushiguro_chestplate":1,"minecraft:stone_bricks":25,"minecraft:furnace":1,"tombstone:gift":4,"jujutsucraft:sword_black":75,"minecraft:mossy_stone_bricks":2,"minecraft:stone_pickaxe":101,"minecraft:oak_planks":18,"jujutsucraft:uniform_normal_boots":2,"minecraft:cracked_stone_bricks":2,"minecraft:polished_blackstone_bricks":1,"minecraft:golden_apple":1,"minecraft:sand":1,"tombstone:scroll_of_feather_fall":5,"minecraft:crafting_table":4,"minecraft:light_gray_terracotta":1,"minecraft:spruce_log":1,"minecraft:iron_pickaxe":250,"minecraft:oak_button":1,"tombstone:magic_scroll":1,"minecraft:gravel":1,"minecraft:stone_axe":46,"minecraft:cobblestone":124,"jujutsucraft:uniform_normal_leggings":1,"minecraft:andesite":16,"minecraft:coarse_dirt":1},"minecraft:killed":{"jujutsucraft:mimiko":2,"jujutsucraft:cursed_spirit_grade_32":8,"jujutsucraft:cursed_spirit_grade_31":3,"jujutsucraft:cursed_spirit_grade_33":28,"jujutsucraft:nanako":2,"jujutsucraft:cursed_spirit_grade_24":1,"jujutsucraft:cursed_spirit_grade_37":1,"jujutsucraft:cursed_spirit_grade_318":4,"jujutsucraft:cursed_spirit_grade_316":5,"jujutsucraft:cursed_spirit_grade_39":18,"jujutsucraft:shigemo_haruta":2,"jujutsucraft:cursed_spirit_grade_312":1,"jujutsucraft:cursed_spirit_grade_313":2,"minecraft:fox":1,"jujutsucraft:rozetsu_shikigami":1,"jujutsucraft:cursed_spirit_grade_317":9,"jujutsucraft:cursed_spirit_grade_38":5,"jujutsucraft:cursed_spirit_grade_34":15,"minecraft:wolf":1,"jujutsucraft:jujutsu_sorcerer":1,"minecraft:salmon":20,"jujutsucraft:awasaka_jiro":1,"jujutsucraft:curse_user_1":8,"minecraft:squid":8,"jujutsucraft:cursed_spirit_grade_29":1,"jujutsucraft:cursed_spirit_grade_314":6,"jujutsucraft:cursed_spirit_grade_311":6,"jujutsucraft:cursed_spirit_grade_310":5,"jujutsucraft:negi_toshihisa":2,"jujutsucraft:cursed_spirit_grade_17":1,"jujutsucraft:cursed_spirit_grade_36":10,"jujutsucraft:cursed_spirit_grade_315":13,"jujutsucraft:cursed_spirit_grade_319":11,"jujutsucraft:q":4,"minecraft:cow":1}},"DataVersion":3465}