{"stats":{"minecraft:killed_by":{"jujutsucraft:cursed_spirit_grade_24":2,"jujutsucraft:cursed_spirit_grade_05":8,"jujutsucraft:curse_user_1":1,"jujutsucraft:miguel":1,"jujutsucraft:sukuna":2,"jujutsucraft:cursed_spirit_grade_23":1,"jujutsucraft:nishimiya_momo":1,"jujutsucraft:uraume":2,"jujutsucraft:yorozu":1,"jujutsucraft:q":1,"jujutsucraft:cursed_spirit_grade_317":1,"jujutsucraft:cursed_spirit_grade_29":1,"jujutsucraft:eight_handled_swrod_divergent_sila_divine_general_mahoraga":4,"jujutsucraft:cursed_spirit_grade_32":1,"jujutsucraft:yaga_masamichi":1,"jujutsucraft:choso":1,"jujutsucraft:cursed_spirit_grade_36":1,"jujutsucraft:cursed_spirit_grade_15":1,"jujutsucraft:cursed_spirit_grade_39":1,"minecraft:player":13,"jujutsucraft:kenjaku":2,"jujutsucraft:cursed_spirit_grade_12":2,"jujutsucraft:uro_takako":1,"jujutsucraft:cursed_spirit_grade_110":1,"jujutsucraft:yoshino_junpei":1,"jujutsucraft:cursed_spirit_grade_19":1,"jujutsucraft:kusakabe_yatsuya":1,"jujutsucraft:gojo_satoru":1,"jujutsucraft:zenin_maki":1,"jujutsucraft:sukuna_fushiguro":5,"jujutsucraft:kurusu_hana":2,"jujutsucraft:inumaki_toge":1,"jujutsucraft:itadori_yuji_shibuya":4},"minecraft:used":{"minecraft:moss_block":5,"minecraft:iron_shovel":85,"minecraft:polished_blackstone":1,"minecraft:ladder":5,"jujutsucraft:slaughter_demon":11,"minecraft:shield":38,"jujutsucraft:sukuna_finger":2,"jujutsucraft:clothes_fushiguro_toji_leggings":2,"minecraft:acacia_sapling":2,"jujutsucraft:clothes_zenin_boots":3,"minecraft:glass":1,"minecraft:cyan_terracotta":16,"minecraft:grass_block":2,"jujutsucraft:clothes_sukuna_fushiguro_chestplate":1,"jujutsucraft:sword_kusakabe":21,"minecraft:stone_bricks":32,"minecraft:snow":2,"minecraft:written_book":1,"minecraft:sweet_berries":1,"minecraft:furnace":1,"minecraft:egg":2,"minecraft:mossy_stone_bricks":4,"minecraft:spruce_door":2,"minecraft:stone_pickaxe":104,"minecraft:oak_planks":18,"minecraft:wooden_pickaxe":10,"minecraft:blue_bed":2,"minecraft:golden_apple":4,"minecraft:sand":3,"minecraft:light_gray_terracotta":3,"minecraft:crossbow":1,"minecraft:deepslate_tiles":4,"jujutsucraft:mahoraga_body_leggings":2,"minecraft:string":1,"minecraft:stone_button":1,"minecraft:iron_door":2,"tombstone:grave_key":5,"minecraft:oak_pressure_plate":1,"minecraft:gravel":1,"jujutsucraft:uniform_normal_leggings":1,"minecraft:andesite":16,"minecraft:smooth_stone_slab":1,"minecraft:coarse_dirt":8,"tombstone:scroll_of_frost_resistance":1,"minecraft:spruce_planks":50,"minecraft:torch":92,"minecraft:dirt":296,"tombstone:scroll_of_aquatic_life":1,"minecraft:cobblestone_wall":3,"minecraft:diamond_helmet":2,"minecraft:granite":15,"minecraft:birch_door":2,"minecraft:dark_oak_planks":28,"minecraft:iron_axe":1,"tombstone:gift":8,"tombstone:scroll_of_knowledge":1,"jujutsucraft:sword_black":106,"minecraft:water_bucket":1,"jujutsucraft:insect_armor_leggings":1,"jujutsucraft:uniform_itadori_chestplate":3,"jujutsucraft:uniform_normal_boots":3,"minecraft:cracked_stone_bricks":2,"minecraft:polished_blackstone_bricks":1,"jujutsucraft:cursed_spirit_armoury_chestplate":4,"tombstone:scroll_of_feather_fall":5,"minecraft:crafting_table":9,"minecraft:spruce_log":1,"minecraft:diamond_pickaxe":14,"minecraft:iron_pickaxe":374,"minecraft:oak_button":1,"tombstone:magic_scroll":3,"minecraft:spruce_sapling":3,"minecraft:stone_axe":52,"minecraft:cobblestone":182,"minecraft:bucket":1},"minecraft:killed":{"jujutsucraft:mimiko":10,"jujutsucraft:cursed_spirit_grade_32":55,"jujutsucraft:inumaki_toge":7,"jujutsucraft:cursed_spirit_grade_31":18,"jujutsucraft:cursed_spirit_grade_33":124,"jujutsucraft:cursed_spirit_grade_11":2,"jujutsucraft:doll_1":2,"jujutsucraft:cursed_spirit_grade_12":5,"jujutsucraft:miguel":1,"jujutsucraft:cursed_spirit_grade_37":2,"jujutsucraft:cursed_spirit_grade_35":5,"jujutsucraft:cursed_spirit_grade_39":82,"jujutsucraft:larue":3,"minecraft:bee":1,"minecraft:fox":2,"jujutsucraft:cursed_spirit_grade_15":2,"minecraft:chicken":4,"jujutsucraft:cursed_spirit_grade_19":1,"jujutsucraft:cursed_spirit_grade_16":5,"jujutsucraft:panda_normal":1,"jujutsucraft:zenin_ogi":1,"jujutsucraft:cursed_spirit_grade_38":21,"jujutsucraft:cursed_spirit_grade_34":91,"jujutsucraft:nanami_kento":1,"jujutsucraft:nobara_kugisaki":8,"jujutsucraft:mei_mei":2,"jujutsucraft:hazenoki":1,"jujutsucraft:kusakabe_yatsuya":1,"jujutsucraft:eight_handled_swrod_divergent_sila_divine_general_mahoraga":1,"minecraft:wolf":3,"minecraft:pig":2,"jujutsucraft:zenin_chojuro":2,"jujutsucraft:nishimiya_momo":4,"minecraft:salmon":139,"jujutsucraft:awasaka_jiro":3,"minecraft:iron_golem":1,"jujutsucraft:choso":1,"jujutsucraft:curse_user_1":46,"jujutsucraft:cursed_spirit_grade_211":9,"jujutsucraft:cursed_spirit_grade_07":2,"jujutsucraft:itadori_yuji":10,"minecraft:sheep":7,"jujutsucraft:panda_gorilla":1,"jujutsucraft:cursed_spirit_grade_29":7,"jujutsucraft:cursed_spirit_grade_28":3,"minecraft:trader_llama":2,"minecraft:pillager":4,"jujutsucraft:cursed_spirit_grade_314":63,"jujutsucraft:kenjaku":1,"jujutsucraft:cursed_spirit_grade_18":5,"jujutsucraft:cursed_spirit_grade_17":6,"jujutsucraft:todo_aoi":2,"jujutsucraft:cursed_spirit_grade_110":2,"jujutsucraft:cursed_spirit_grade_315":63,"jujutsucraft:cursed_spirit_grade_212":9,"jujutsucraft:cursed_spirit_grade_06":3,"jujutsucraft:ice_spear":10,"minecraft:cow":5,"jujutsucraft:entity_tornado":2,"jujutsucraft:transfigured_human_3":8,"jujutsucraft:cursed_spirit_grade_21":1,"jujutsucraft:daido_hagane":1,"jujutsucraft:nanako":8,"jujutsucraft:charles_bernard":5,"jujutsucraft:liquid_metal":2,"jujutsucraft:cursed_spirit_grade_24":6,"jujutsucraft:yoshino_junpei":9,"jujutsucraft:cursed_spirit_grade_318":32,"jujutsucraft:cursed_spirit_grade_316":24,"jujutsucraft:cursed_spirit_grade_26":1,"jujutsucraft:cursed_spirit_grade_22":5,"jujutsucraft:kumiya_juzo":4,"jujutsucraft:transfigured_human_2":6,"jujutsucraft:cursed_spirit_grade_01":1,"jujutsucraft:miwa_kasumi":5,"jujutsucraft:cursed_spirit_grade_04":1,"jujutsucraft:cursed_spirit_grade_05":2,"jujutsucraft:fox_fire":3,"jujutsucraft:shigemo_haruta":10,"jujutsucraft:cursed_spirit_grade_312":6,"jujutsucraft:cursed_spirit_grade_313":22,"takesapillage:clay_golem":1,"jujutsucraft:rabbit_escape":40,"jujutsucraft:rozetsu_shikigami":2,"jujutsucraft:cursed_spirit_grade_23":7,"jujutsucraft:itadori_yuji_shibuya":1,"jujutsucraft:eso":1,"jujutsucraft:cursed_spirit_grade_317":66,"jujutsucraft:transfigured_human_1":4,"jujutsucraft:cursed_spirit_grade_27":2,"jujutsucraft:uraume":1,"jujutsucraft:cursed_spirit_grade_210":2,"jujutsucraft:kukuru":3,"jujutsucraft:ice_spear_2":36,"jujutsucraft:jujutsu_sorcerer":5,"minecraft:rabbit":1,"minecraft:bat":71,"jujutsucraft:zenin_maki":3,"jujutsucraft:curse_user":11,"jujutsucraft:mechamaru":2,"minecraft:squid":70,"minecraft:polar_bear":1,"jujutsucraft:entity_scissors":25,"jujutsucraft:cursed_spirit_grade_14":4,"jujutsucraft:cursed_spirit_grade_311":29,"jujutsucraft:cursed_spirit_grade_310":37,"jujutsucraft:cursed_spirit_grade_13":1,"jujutsucraft:negi_toshihisa":10,"jujutsucraft:slicing_exorcism":1,"jujutsucraft:cursed_spirit_grade_36":40,"jujutsucraft:cursed_spirit_grade_25":3,"jujutsucraft:moon_dregs":1,"jujutsucraft:cursed_spirit_grade_319":49,"minecraft:villager":5,"jujutsucraft:kamo_noritoshi":4,"jujutsucraft:q":12,"jujutsucraft:fushiguro_megumi":4,"jujutsucraft:gravestone_3":4,"jujutsucraft:ogami":1},"minecraft:picked_up":{"minecraft:iron_chestplate":1,"minecraft:birch_door":12,"minecraft:suspicious_stew":1,"minecraft:wheat":11,"jujutsucraft:slaughter_demon":1,"minecraft:flower_pot":32,"minecraft:anvil":1,"jujutsucraft:uniform_normal_boots":4,"minecraft:lead":4,"minecraft:enchanted_book":5,"minecraft:stone_brick_stairs":1,"minecraft:brewing_stand":1,"minecraft:string":122,"minecraft:smooth_stone_slab":11,"minecraft:iron_leggings":3,"minecraft:deepslate_tiles":6,"minecraft:gold_nugget":1,"minecraft:bucket":3,"minecraft:spruce_planks":3,"jujutsucraft:sword_black":5,"minecraft:written_book":1,"minecraft:cobblestone_slab":4,"minecraft:iron_pickaxe":1,"minecraft:furnace":2,"minecraft:stick":7,"minecraft:jungle_door":12,"minecraft:torch":148,"minecraft:acacia_log":2,"minecraft:porkchop":1,"minecraft:diorite":24,"minecraft:brown_carpet":11,"jujutsucraft:uniform_q_leggings":3,"minecraft:quartz_block":3,"minecraft:cactus":30,"minecraft:rotten_flesh":14,"minecraft:cyan_terracotta":22,"minecraft:iron_bars":4,"minecraft:cod":27,"minecraft:cobblestone":226,"minecraft:enchanting_table":2,"minecraft:leather_chestplate":1,"jujutsucraft:recommendation_1":1,"minecraft:iron_door":3,"minecraft:water_bucket":2,"minecraft:andesite":25,"minecraft:flint":1,"minecraft:lapis_lazuli":8,"jujutsucraft:bullet_ball":4,"minecraft:dirt":363,"minecraft:lantern":4,"minecraft:name_tag":2,"jujutsucraft:pendant_todo_aoi":1,"minecraft:glass":1,"minecraft:bone":42,"minecraft:bow":1,"minecraft:wheat_seeds":13,"jujutsucraft:uniform_itadori_chestplate":1,"minecraft:rabbit":1,"minecraft:mossy_stone_bricks":5,"minecraft:moss_block":7,"minecraft:oak_planks":5,"minecraft:oak_pressure_plate":1,"minecraft:sand":3,"minecraft:ink_sac":46,"minecraft:grass_block":3,"minecraft:spectral_arrow":2,"minecraft:barrel":1,"minecraft:mossy_cobblestone":2,"minecraft:light_gray_concrete":6,"minecraft:light_gray_terracotta":10,"minecraft:diamond":19,"minecraft:spruce_boat":1,"minecraft:crossbow":1,"minecraft:granite":17,"minecraft:bone_meal":1,"minecraft:golden_apple":5,"minecraft:spruce_sign":9,"minecraft:emerald":12,"minecraft:bread":11,"minecraft:oak_sapling":3,"minecraft:spruce_leaves":1,"minecraft:fishing_rod":1,"minecraft:crafting_table":6,"minecraft:coarse_dirt":10,"minecraft:allium":1,"minecraft:ladder":33,"minecraft:brown_mushroom":30,"jujutsucraft:clothes_zenin_boots":4,"minecraft:red_bed":1,"minecraft:acacia_door":1,"minecraft:snow":2,"minecraft:item_frame":8,"minecraft:cracked_stone_bricks":6,"minecraft:detector_rail":6,"minecraft:beef":7,"minecraft:iron_nugget":4,"minecraft:sugar_cane":6,"minecraft:egg":2,"minecraft:raw_iron":12,"minecraft:stone":3,"jujutsucraft:mahoraga_body_leggings":3,"minecraft:polished_blackstone_bricks":1,"minecraft:stone_button":13,"minecraft:redstone":1,"minecraft:iron_horse_armor":2,"minecraft:dark_oak_planks":2,"jujutsucraft:clothes_fushiguro_toji_leggings":2,"minecraft:beetroot_seeds":2,"minecraft:saddle":2,"minecraft:gold_ingot":5,"minecraft:polished_blackstone":2,"minecraft:mutton":2,"minecraft:white_wool":3,"minecraft:rail":25,"minecraft:salmon":30,"minecraft:leather":9,"minecraft:fern":1,"jujutsucraft:sukuna_finger":5,"jujutsucraft:sword_kusakabe":2,"minecraft:oak_log":8,"jujutsucraft:sword_option":1,"minecraft:jungle_button":2,"minecraft:cobblestone_wall":10,"minecraft:gunpowder":19,"jujutsucraft:insect_armor_leggings":1,"minecraft:blue_bed":3,"minecraft:paper":2,"tombstone:gift":1,"jujutsucraft:uniform_normal_leggings":1,"minecraft:cooked_mutton":4,"minecraft:podzol":2,"jujutsucraft:knife":1,"minecraft:apple":4,"minecraft:stone_bricks":52,"minecraft:kelp":3,"minecraft:rabbit_hide":1,"minecraft:iron_ingot":17,"minecraft:cobweb":1,"tombstone:scroll_of_frost_resistance":1,"minecraft:acacia_sapling":2,"minecraft:book":24,"minecraft:sweet_berries":1,"minecraft:gravel":2,"minecraft:spruce_sapling":8,"minecraft:spruce_log":29,"minecraft:spruce_door":3,"minecraft:pumpkin_seeds":7,"tombstone:scroll_of_knowledge":1,"minecraft:stone_axe":1,"jujutsucraft:item_master_reverse_cursed_technique":1,"minecraft:iron_helmet":4,"jujutsucraft:clothes_sukuna_fushiguro_chestplate":1,"tombstone:magic_scroll":3,"minecraft:coal":48,"minecraft:ender_pearl":25},"minecraft:dropped":{"minecraft:spruce_sign":9,"minecraft:brown_mushroom":30,"minecraft:moss_block":2,"minecraft:porkchop":1,"minecraft:lapis_lazuli":8,"minecraft:oak_log":1,"minecraft:diamond":10,"minecraft:crossbow":1,"minecraft:lantern":4,"minecraft:leather":9,"minecraft:iron_horse_armor":1,"jujutsucraft:uniform_q_leggings":2,"minecraft:cracked_stone_bricks":4,"minecraft:saddle":2,"minecraft:rail":25,"minecraft:cod":27,"minecraft:item_frame":8,"minecraft:flint":1,"minecraft:emerald":7,"minecraft:spruce_leaves":1,"minecraft:cyan_terracotta":6,"minecraft:dirt":72,"jujutsucraft:uniform_higuruma_chestplate":1,"minecraft:jungle_button":2,"minecraft:stone_button":12,"minecraft:mutton":2,"minecraft:gold_nugget":1,"minecraft:bone_meal":1,"minecraft:iron_pickaxe":1,"minecraft:acacia_door":1,"minecraft:white_wool":3,"jujutsucraft:sukuna_finger":4,"minecraft:blue_bed":1,"minecraft:gold_ingot":5,"minecraft:bone":27,"minecraft:gravel":2,"jujutsucraft:uniform_gojo_boots":1,"minecraft:stone_axe":1,"minecraft:sugar_cane":6,"minecraft:diamond_block":1,"minecraft:iron_nugget":4,"minecraft:detector_rail":4,"jujutsucraft:sword_miwa_kasumi":1,"minecraft:wheat":11,"jujutsucraft:clothes_sukuna_fushiguro_chestplate":1,"tombstone:gift":1,"minecraft:rotten_flesh":14,"minecraft:enchanted_golden_apple":1,"minecraft:fern":1,"jujutsucraft:naginata":1,"minecraft:cooked_mutton":4,"jujutsucraft:knife":1,"minecraft:salmon":30,"minecraft:carrot":7,"minecraft:eye_armor_trim_smithing_template":1,"minecraft:rabbit_hide":2,"minecraft:leather_chestplate":1,"jujutsucraft:clothes_fushiguro_toji_leggings":2,"minecraft:deepslate_tiles":2,"minecraft:gunpowder":16,"minecraft:quartz_block":3,"minecraft:beetroot_seeds":2,"minecraft:birch_door":10,"minecraft:ladder":31,"minecraft:iron_bars":4,"minecraft:arrow":1,"minecraft:podzol":2,"minecraft:beef":7,"minecraft:written_book":1,"minecraft:stone_brick_stairs":1,"minecraft:enchanting_table":1,"jujutsucraft:gavel_long":1,"jujutsucraft:sword_option":1,"minecraft:enchanted_book":10,"minecraft:bread":4,"jujutsucraft:uniform_higuruma_leggings":1,"minecraft:wheat_seeds":13,"jujutsucraft:mahoraga_body_leggings":2,"minecraft:polished_blackstone":1,"jujutsucraft:sword_black":6,"minecraft:cobblestone":61,"minecraft:iron_helmet":5,"minecraft:lead":4,"minecraft:book":24,"minecraft:spectral_arrow":2,"minecraft:granite":2,"minecraft:spruce_door":2,"minecraft:acacia_log":2,"minecraft:grass_block":1,"minecraft:coal":15,"minecraft:stick":5,"minecraft:cobweb":1,"minecraft:iron_block":1,"minecraft:diorite":24,"minecraft:brewing_stand":2,"minecraft:golden_carrot":30,"minecraft:ink_sac":42,"minecraft:torch":8,"tombstone:grave_key":2,"minecraft:rabbit":3,"minecraft:iron_door":1,"minecraft:jungle_door":12,"minecraft:iron_leggings":2,"minecraft:iron_axe":2,"minecraft:cactus":15,"minecraft:paper":2,"minecraft:string":53,"minecraft:spruce_sapling":4,"minecraft:redstone":1,"minecraft:furnace":1,"minecraft:kelp":2,"jujutsucraft:uniform_normal_leggings":2,"minecraft:coarse_dirt":2,"minecraft:cobblestone_wall":6,"minecraft:light_gray_terracotta":6,"minecraft:smooth_stone_slab":5,"minecraft:raw_iron":10,"jujutsucraft:uniform_itadori_chestplate":1,"sophisticatedbackpacks:backpack":1,"minecraft:name_tag":3,"minecraft:light_gray_concrete":6,"minecraft:pumpkin_seeds":7,"jujutsucraft:uniform_normal_chestplate":1,"minecraft:suspicious_stew":1,"minecraft:cobblestone_slab":4,"minecraft:stone":3,"minecraft:flower_pot":32,"minecraft:allium":1,"minecraft:iron_chestplate":1,"minecraft:spruce_planks":27,"minecraft:diamond_pickaxe":3,"minecraft:andesite":9,"minecraft:mossy_stone_bricks":1,"jujutsucraft:sword_kusakabe":1,"minecraft:oak_sapling":3,"minecraft:stone_bricks":16,"minecraft:barrel":1,"jujutsucraft:clothes_zenin_boots":4,"minecraft:brown_carpet":11,"minecraft:spruce_log":8,"minecraft:bow":1,"minecraft:stone_pickaxe":2,"minecraft:wooden_pickaxe":1,"jujutsucraft:uniform_normal_boots":4,"jujutsucraft:item_master_reverse_cursed_technique":2},"minecraft:custom":{"minecraft:interact_with_crafting_table":18,"minecraft:open_barrel":1,"minecraft:leave_game":56,"minecraft:time_since_death":22738,"minecraft:damage_resisted":131053,"minecraft:sprint_one_cm":4064047,"minecraft:damage_blocked_by_shield":95,"minecraft:drop":394,"minecraft:talked_to_villager":3,"minecraft:play_time":787010,"minecraft:deaths":72,"tombstone:tomb_raiding":4,"minecraft:jump":15959,"minecraft:walk_on_water_one_cm":155558,"minecraft:interact_with_furnace":7,"tombstone:sneak_grave":2,"minecraft:damage_dealt":38774,"minecraft:player_kills":29,"minecraft:crouch_one_cm":8056,"tombstone:villager_killed":5,"minecraft:inspect_dropper":2,"minecraft:mob_kills":1635,"minecraft:damage_dealt_resisted":730326,"minecraft:climb_one_cm":80553,"minecraft:walk_one_cm":2699976,"minecraft:sneak_time":2217,"minecraft:walk_under_water_one_cm":92841,"minecraft:total_world_time":787010,"tombstone:raider_killed":4,"minecraft:time_since_rest":22564,"minecraft:damage_absorbed":141,"minecraft:damage_taken":64008,"minecraft:trigger_trapped_chest":4,"tombstone:cast_on_ally":1,"minecraft:swim_one_cm":177936,"minecraft:fly_one_cm":6693586,"minecraft:open_chest":53,"minecraft:fall_one_cm":633864},"minecraft:mined":{"minecraft:dark_oak_planks":2,"minecraft:spruce_planks":3,"minecraft:brewing_stand":1,"minecraft:granite":17,"minecraft:grass_block":89,"minecraft:spawner":19,"minecraft:light_blue_stained_glass":32,"minecraft:polished_blackstone_bricks":2,"minecraft:mossy_cobblestone_slab":1,"minecraft:iron_ore":12,"minecraft:fire":15,"minecraft:anvil":1,"minecraft:enchanting_table":1,"minecraft:iron_bars":4,"minecraft:brown_mushroom":1,"minecraft:cyan_terracotta":13,"minecraft:blue_stained_glass":33,"minecraft:powder_snow":37,"minecraft:light_gray_terracotta":9,"minecraft:white_stained_glass_pane":15,"minecraft:dead_bush":1,"minecraft:glass":26,"minecraft:cobblestone":8,"minecraft:oak_planks":8,"minecraft:iron_door":4,"minecraft:smooth_stone_slab":6,"minecraft:grass":26,"minecraft:oak_log":7,"minecraft:dirt":238,"minecraft:sand":3,"minecraft:oak_leaves":29,"minecraft:light_blue_stained_glass_pane":4,"minecraft:deepslate_tiles":5,"minecraft:diamond_ore":14,"minecraft:blue_stained_glass_pane":3,"minecraft:mossy_cobblestone":3,"minecraft:gray_stained_glass_pane":8,"minecraft:white_stained_glass":18,"minecraft:spruce_leaves":56,"minecraft:moss_block":7,"minecraft:large_fern":20,"minecraft:furnace":2,"minecraft:andesite":25,"minecraft:bookshelf":9,"minecraft:cobblestone_slab":2,"minecraft:vine":4,"minecraft:packed_ice":10,"minecraft:stone":202,"minecraft:podzol":19,"minecraft:acacia_leaves":1,"minecraft:glass_pane":24,"minecraft:crafting_table":6,"minecraft:gray_stained_glass":20,"minecraft:tall_grass":2,"minecraft:diorite":12,"minecraft:blue_bed":2,"minecraft:coarse_dirt":11,"minecraft:cobblestone_wall":7,"minecraft:sweet_berry_bush":1,"minecraft:ice":4,"minecraft:spruce_log":25,"minecraft:coal_ore":36,"minecraft:gravel":2,"minecraft:cobweb":8,"minecraft:cracked_stone_bricks":6,"minecraft:stone_bricks":44,"minecraft:polished_blackstone":1,"minecraft:mossy_stone_bricks":5,"minecraft:fern":17},"minecraft:broken":{"minecraft:diamond_helmet":2,"minecraft:iron_leggings":1,"minecraft:shield":1,"minecraft:iron_pickaxe":1},"minecraft:crafted":{"minecraft:oak_planks":28,"tombstone:grave_key":8,"minecraft:oak_button":1,"minecraft:crafting_table":4,"minecraft:spruce_planks":96,"minecraft:wooden_pickaxe":1,"minecraft:diamond_pickaxe":1,"minecraft:shield":1,"minecraft:stick":76,"minecraft:iron_ingot":11,"minecraft:iron_pickaxe":3,"minecraft:iron_axe":1,"minecraft:stone_pickaxe":2,"minecraft:dark_oak_planks":28,"minecraft:stone_axe":1,"minecraft:air":0,"minecraft:iron_shovel":1,"minecraft:torch":4}},"DataVersion":3465}