{"stat.drop.minecraft.mutton":6,"stat.leaveGame":13,"stat.useItem.minecraft.bookshelf":24,"stat.craftItem.minecraft.iron_axe":2,"stat.pickup.tombstone.familiar_stone":2,"stat.mineBlock.minecraft.sandstone":61,"stat.pickup.srparasites.parasitecanister":1,"stat.useItem.minecraft.planks":63,"stat.useItem.tombstone.familiar_stone":2,"stat.mineBlock.minecraft.web":35,"stat.drop.dynamictrees.birchseed":1,"stat.pickup.minecraft.porkchop":17,"stat.drop.minecraft.wooden_door":3,"stat.pickup.minecraft.glass":54,"stat.useItem.minecraft.water_bucket":10,"stat.drop.minecraft.iron_sword":3,"stat.drop.travelersbackpack.travelers_backpack":1,"stat.pickup.minecraft.rotten_flesh":52,"stat.pickup.minecraft.sand":103,"stat.craftItem.minecraft.stone_axe":1,"stat.pickup.minecraft.cobblestone_wall":4,"stat.craftItem.spartanshields.shield_basic_diamond":1,"stat.craftItem.minecraft.cobblestone_wall":42,"stat.pickup.dynamictrees.spruceseed":12,"stat.mineBlock.minecraft.sand":80,"stat.pickup.elevatorid.elevator_white":1,"stat.drop.minecraft.gold_ingot":14,"stat.drop.spartanweaponry.javelin_iron":1,"stat.drop.dynamictrees.spruceseed":3,"stat.craftItem.spartanshields.shield_basic_wood":3,"stat.useItem.minecraft.iron_pickaxe":1624,"stat.drop.minecraft.diamond":13,"stat.craftItem.minecraft.bed":3,"stat.furnaceInteraction":232,"stat.drop.minecraft.gravel":25,"stat.mineBlock.minecraft.rail":136,"stat.killEntity.ZombieVillager":1,"stat.pickup.srparasites.lurecomponent2":1,"stat.pickup.srparasites.lurecomponent1":2,"stat.pickup.minecraft.beef":200,"stat.pickup.minecraft.furnace":29,"stat.pickup.spartanshields.shield_basic_diamond":1,"stat.craftItem.travelersbackpack.travelers_backpack":1,"stat.drop.minecraft.fishing_rod":1,"stat.useItem.minecraft.stone_stairs":3,"stat.pickup.tombstone.magic_scroll":3,"stat.drop.spartanweaponry.boomerang_diamond":1,"stat.killEntity.Horse":13,"stat.pickup.minecraft.stone_stairs":2,"stat.mineBlock.minecraft.fence":2,"stat.useItem.minecraft.flint_and_steel":20,"stat.killEntity.Husk":1,"stat.pickup.minecraft.emerald":9,"stat.pickup.dynamictrees.oakseed":55,"stat.pickup.ironchest.iron_chest":1,"stat.deaths":33,"stat.pickup.minecraft.egg":4,"stat.playOneMinute":555667,"stat.craftItem.minecraft.item_frame":1,"stat.craftItem.minecraft.iron_pickaxe":5,"stat.pickup.minecraft.item_frame":7,"stat.drop.minecraft.iron_ingot":39,"stat.mineBlock.minecraft.tallgrass":87,"stat.mineBlock.nocubessrpnests.crateorganicsample":1,"stat.chestOpened":79,"stat.drop.srparasites.lurecomponent1":2,"stat.drop.srparasites.lurecomponent2":1,"stat.craftItem.minecraft.sign":6,"stat.useItem.minecraft.stone":25,"stat.pickup.minecraft.arrow":23,"stat.pickup.minecraft.iron_sword":2,"stat.drop.minecraft.iron_pickaxe":2,"stat.mineBlock.elevatorid.elevator_white":1,"stat.craftItem.minecraft.iron_nugget":256,"stat.useItem.minecraft.experience_bottle":2,"stat.fallOneCm":198451,"stat.drop.minecraft.stone":41,"stat.pickup.minecraft.carrot":187,"stat.crouchOneCm":4992,"stat.pickup.minecraft.rail":140,"stat.mineBlock.minecraft.chest":2,"stat.craftItem.minecraft.chest":8,"stat.craftItem.minecraft.iron_ingot":291,"stat.craftingTableInteraction":172,"stat.pickup.minecraft.wooden_pickaxe":1,"stat.useItem.minecraft.furnace":34,"stat.useItem.minecraft.reeds":173,"stat.pickup.minecraft.dye":116,"stat.pickup.minecraft.planks":90,"stat.killEntity.Llama":7,"stat.pickup.minecraft.wheat_seeds":109,"stat.mineBlock.minecraft.gravel":120,"stat.useItem.minecraft.stone_pickaxe":807,"stat.craftItem.minecraft.iron_leggings":4,"stat.mineBlock.minecraft.dirt":26,"stat.craftItem.spartanweaponry.boomerang_diamond":2,"stat.pickup.minecraft.poisonous_potato":1,"stat.drop.minecraft.stick":8,"stat.drop.minecraft.iron_axe":1,"stat.mineBlock.minecraft.monster_egg":2,"stat.useItem.minecraft.torch":129,"stat.drop.tombstone.crafting_ingredient":2,"stat.pickup.minecraft.iron_nugget":5,"stat.useItem.spartanweaponry.javelin_iron":9,"stat.drop.minecraft.rotten_flesh":27,"stat.craftItem.minecraft.stone_stairs":4,"stat.useItem.minecraft.log":5,"stat.pickup.minecraft.crafting_table":11,"stat.useItem.minecraft.cobblestone":1214,"stat.craftItem.minecraft.crafting_table":14,"stat.useItem.minecraft.gravel":3,"stat.mineBlock.minecraft.double_plant":3,"stat.craftItem.minecraft.boat":2,"stat.useItem.dynamictrees.oakseed":25,"stat.mineBlock.minecraft.emerald_ore":2,"stat.pickup.minecraft.log":175,"stat.drop.minecraft.sign":4,"stat.pickup.minecraft.iron_pickaxe":3,"stat.craftItem.minecraft.gold_ingot":64,"stat.drop.minecraft.planks":1,"stat.pickup.minecraft.wooden_door":2,"stat.entityKilledBy.Enderman":1,"stat.drop.dynamictrees.oakseed":15,"stat.craftItem.minecraft.bucket":3,"stat.craftItem.minecraft.planks":572,"stat.useItem.minecraft.iron_sword":635,"stat.craftItem.minecraft.fishing_rod":1,"stat.pickup.minecraft.book":42,"stat.mineBlock.minecraft.log":5,"stat.craftItem.minecraft.wooden_door":3,"stat.useItem.minecraft.wooden_door":1,"stat.craftItem.minecraft.paper":189,"stat.pickup.minecraft.red_flower":4,"stat.sneakTime":1634,"stat.pickup.tombstone.dust_of_vanishing":2,"stat.pickup.minecraft.wool":79,"stat.mineBlock.minecraft.cobblestone_wall":6,"stat.pickup.nocubessrpnests.crateorganicsample":1,"stat.pickup.minecraft.stone_slab":10,"stat.useItem.minecraft.fishing_rod":6,"stat.craftItem.minecraft.enchanting_table":1,"stat.pickup.minecraft.bone":43,"stat.useItem.minecraft.iron_axe":135,"stat.drop.minecraft.stone_shovel":3,"stat.mineBlock.minecraft.cobblestone":378,"stat.pickup.minecraft.stone_pickaxe":1,"stat.pickup.minecraft.flint":11,"stat.craftItem.tombstone.grave_key":5,"stat.mineBlock.srparasites.gore":32,"stat.craftItem.minecraft.wool":4,"stat.useItem.minecraft.diamond_sword":26,"stat.drop.nocubessrpnests.wormtooth":4,"stat.pickup.nocubessrpnests.fleshwormspike":1,"stat.swimOneCm":57126,"stat.climbOneCm":41760,"stat.drop.minecraft.cobblestone":143,"stat.useItem.spartanweaponry.boomerang_diamond":4,"stat.useItem.minecraft.dirt":21,"stat.useItem.minecraft.stone_slab2":109,"stat.craftItem.minecraft.furnace":24,"stat.useItem.minecraft.egg":3,"stat.pickup.minecraft.enchanting_table":1,"stat.craftItem.spartanshields.shield_basic_iron":2,"stat.craftItem.minecraft.iron_boots":3,"stat.craftItem.minecraft.spruce_boat":2,"stat.useItem.minecraft.iron_ore":1,"stat.craftItem.minecraft.stone_pickaxe":11,"stat.craftItem.minecraft.cooked_beef":178,"stat.pickup.minecraft.cobblestone":2384,"stat.useItem.minecraft.stone_shovel":166,"stat.flyOneCm":1348373,"stat.pickup.minecraft.sandstone":67,"stat.drop.minecraft.wheat_seeds":5,"stat.useItem.minecraft.cooked_beef":59,"stat.pickup.minecraft.redstone":89,"stat.mineBlock.minecraft.iron_ore":255,"stat.craftItem.minecraft.book":42,"stat.timeSinceDeath":55423,"stat.useItem.minecraft.sign":5,"stat.drop.minecraft.spider_eye":1,"stat.pickup.minecraft.mutton":21,"stat.pickup.minecraft.mossy_cobblestone":67,"stat.pickup.travelersbackpack.travelers_backpack":1,"stat.mineBlock.minecraft.enchanting_table":1,"stat.drop.minecraft.dirt":7,"stat.mineBlock.minecraft.coal_ore":132,"stat.drop.minecraft.wool":2,"stat.killEntity.Creeper":2,"stat.talkedToVillager":62,"stat.pickup.minecraft.string":40,"stat.mineBlock.minecraft.ladder":2,"stat.pickup.tombstone.crafting_ingredient":8,"stat.useItem.minecraft.milk_bucket":2,"stat.craftItem.minecraft.stone_slab2":0,"stat.drop.nocubessrpnests.crateorganicsample":1,"stat.killEntity.Squid":1,"stat.sprintOneCm":1107258,"stat.mineBlock.minecraft.stone_slab":7,"stat.craftItem.minecraft.stick":224,"stat.useItem.tombstone.magic_scroll":1,"stat.useItem.minecraft.stone_slab":20,"stat.mineBlock.minecraft.diamond_ore":51,"stat.mineBlock.minecraft.crafting_table":9,"tombstone:use_vanishing":1,"stat.useItem.minecraft.diamond_pickaxe":810,"stat.useItem.minecraft.carrot":138,"stat.entityKilledBy.Creeper":1,"stat.pickup.minecraft.spawn_egg":2,"stat.mineBlock.minecraft.planks":14,"stat.drop":130,"stat.drop.tombstone.grave_key":3,"stat.killEntity.Sheep":21,"stat.pickup.tombstone.grave_key":1,"stat.useItem.minecraft.ladder":56,"stat.craftItem.minecraft.emerald":4,"stat.craftItem.minecraft.diamond_pickaxe":3,"stat.killEntity.Zombie":42,"stat.craftItem.minecraft.dye":61,"stat.mineBlock.minecraft.gold_ore":61,"stat.diveOneCm":72770,"stat.drop.minecraft.diamond_pickaxe":3,"stat.pickup.minecraft.wheat":55,"stat.mineBlock.minecraft.mossy_cobblestone":71,"stat.craftItem.minecraft.ladder":66,"stat.pickup.minecraft.sign":4,"stat.drop.minecraft.wooden_pickaxe":1,"stat.pickup.minecraft.gravel":112,"stat.drop.minecraft.cooked_beef":6,"stat.craftItem.minecraft.cooked_porkchop":14,"stat.drop.minecraft.ladder":8,"stat.pickup.minecraft.stone_axe":1,"stat.mineBlock.minecraft.deadbush":1,"stat.pickup.minecraft.diamond_sword":1,"stat.craftItem.minecraft.diamond_sword":1,"stat.craftItem.travelersbackpack.backpack_tank":2,"stat.jump":8114,"stat.useItem.minecraft.sand":1,"stat.pickup.minecraft.fence":2,"stat.pickup.minecraft.coal":141,"stat.useItem.dynamictrees.spruceseed":2,"stat.pickup.minecraft.iron_ingot":32,"stat.useItem.minecraft.stone_axe":131,"stat.drop.minecraft.diamond_sword":1,"stat.pickup.minecraft.gunpowder":6,"stat.pickup.minecraft.spider_eye":2,"stat.craftItem.minecraft.torch":28,"stat.pickup.minecraft.dirt":44,"stat.craftItem.minecraft.iron_helmet":3,"stat.pickup.minecraft.experience_bottle":44,"stat.pickup.nocubessrpnests.wormtooth":4,"stat.pickup.minecraft.iron_ore":255,"stat.pickup.minecraft.stone_shovel":3,"stat.boatOneCm":537987,"stat.pickup.minecraft.gold_ore":60,"stat.mineBlock.minecraft.lapis_ore":17,"stat.craftItem.minecraft.flint_and_steel":1,"stat.pickup.minecraft.iron_axe":1,"stat.mineBlock.minecraft.glass_pane":2,"stat.mineBlock.minecraft.stone_stairs":2,"stat.damageTaken":15014,"stat.pickup.minecraft.leather":163,"stat.mineBlock.minecraft.torch":75,"stat.mineBlock.minecraft.furnace":29,"stat.mineBlock.minecraft.red_flower":5,"stat.useItem.minecraft.wooden_pickaxe":36,"stat.tradedWithVillager":6,"stat.pickup.srparasites.assimilated_flesh":10,"stat.pickup.minecraft.reeds":670,"stat.pickup.minecraft.bed":1,"tombstone:undead_killed":58,"stat.useItem.tombstone.grave_key":4,"stat.pickup.minecraft.potato":41,"stat.damageDealt":37640,"stat.craftItem.minecraft.glass":14,"stat.sleepInBed":4,"stat.killEntity.Silverfish":1,"stat.mineBlock.nocubessrpnests.fleshwormspike":1,"stat.killEntity.Cow":94,"stat.pickup.minecraft.minecart":1,"stat.useItem.minecraft.crafting_table":1,"stat.useItem.tombstone.dust_of_vanishing":1,"stat.killEntity.Pig":13,"stat.craftItem.minecraft.iron_sword":2,"stat.craftItem.minecraft.stone_slab":12,"stat.craftItem.minecraft.stone_shovel":3,"stat.walkOneCm":1518084,"stat.useItem.minecraft.chest":4,"stat.playerKills":2,"stat.pickup.dynamictrees.birchseed":1,"stat.pickup.minecraft.stick":175,"stat.pickup.minecraft.diamond_pickaxe":3,"stat.useItem.minecraft.spruce_boat":2,"stat.useItem.tombstone.gift":3,"stat.pickup.minecraft.stone":238,"stat.craftItem.minecraft.iron_chestplate":3,"stat.pickup.minecraft.ender_pearl":5,"stat.drop.minecraft.egg":1,"stat.pickup.minecraft.cooked_beef":35,"stat.drop.srparasites.assimilated_flesh":2,"stat.pickup.minecraft.ladder":5,"stat.killEntity.Skeleton":14,"stat.craftItem.travelersbackpack.sleeping_bag_bottom":1,"stat.craftItem.minecraft.bookshelf":27,"stat.killEntity.Spider":10,"stat.pickup.minecraft.bread":4,"stat.mobKills":275,"stat.mineBlock.minecraft.bookshelf":14,"stat.craftItem.minecraft.shears":2,"stat.useItem.minecraft.boat":2,"stat.pickup.minecraft.water_bucket":1,"stat.useItem.minecraft.mossy_cobblestone":32,"stat.useItem.minecraft.cobblestone_wall":7,"stat.pickup.minecraft.diamond":51,"stat.pickup.minecraft.beetroot_seeds":3,"stat.pickup.minecraft.torch":77,"stat.entityKilledBy.Silverfish":1,"stat.mineBlock.srparasites.parasitecanister":1,"stat.mineBlock.minecraft.redstone_ore":22,"stat.drop.minecraft.stone_axe":1,"stat.drop.minecraft.beef":11,"stat.drop.minecraft.shears":1,"stat.mineBlock.minecraft.stone":1984,"stat.useItem.minecraft.sandstone":31}