{"stat.leaveGame":10,"stat.useItem.minecraft.bookshelf":12,"stat.craftItem.minecraft.iron_axe":1,"stat.pickup.tombstone.familiar_stone":1,"stat.mineBlock.minecraft.sandstone":61,"stat.pickup.srparasites.parasitecanister":1,"stat.useItem.minecraft.planks":14,"stat.useItem.tombstone.familiar_stone":2,"stat.mineBlock.minecraft.web":35,"stat.drop.dynamictrees.birchseed":1,"stat.pickup.minecraft.porkchop":15,"stat.drop.minecraft.wooden_door":1,"stat.useItem.minecraft.water_bucket":10,"stat.drop.minecraft.iron_sword":1,"stat.pickup.minecraft.rotten_flesh":17,"stat.pickup.minecraft.sand":103,"stat.craftItem.minecraft.stone_axe":1,"stat.pickup.minecraft.cobblestone_wall":3,"stat.craftItem.minecraft.cobblestone_wall":42,"stat.pickup.dynamictrees.spruceseed":12,"stat.mineBlock.minecraft.sand":80,"stat.drop.spartanweaponry.javelin_iron":1,"stat.drop.dynamictrees.spruceseed":3,"stat.craftItem.spartanshields.shield_basic_wood":2,"stat.useItem.minecraft.iron_pickaxe":1624,"stat.furnaceInteraction":228,"stat.drop.minecraft.gravel":25,"stat.mineBlock.minecraft.rail":136,"stat.pickup.srparasites.lurecomponent2":1,"stat.pickup.srparasites.lurecomponent1":2,"stat.pickup.minecraft.beef":174,"stat.pickup.minecraft.furnace":29,"stat.drop.minecraft.fishing_rod":1,"stat.useItem.minecraft.stone_stairs":3,"stat.pickup.tombstone.magic_scroll":1,"stat.killEntity.Horse":2,"stat.pickup.minecraft.stone_stairs":2,"stat.mineBlock.minecraft.fence":2,"stat.useItem.minecraft.flint_and_steel":20,"stat.killEntity.Husk":1,"stat.pickup.minecraft.emerald":9,"stat.pickup.dynamictrees.oakseed":49,"stat.pickup.ironchest.iron_chest":1,"stat.deaths":23,"stat.pickup.minecraft.egg":3,"stat.playOneMinute":425454,"stat.craftItem.minecraft.item_frame":1,"stat.craftItem.minecraft.iron_pickaxe":5,"stat.pickup.minecraft.item_frame":7,"stat.mineBlock.minecraft.tallgrass":49,"stat.mineBlock.nocubessrpnests.crateorganicsample":1,"stat.chestOpened":45,"stat.drop.srparasites.lurecomponent1":2,"stat.drop.srparasites.lurecomponent2":1,"stat.craftItem.minecraft.sign":6,"stat.useItem.minecraft.stone":25,"stat.pickup.minecraft.arrow":19,"stat.pickup.minecraft.iron_sword":1,"stat.drop.minecraft.iron_pickaxe":2,"stat.craftItem.minecraft.iron_nugget":256,"stat.useItem.minecraft.experience_bottle":2,"stat.fallOneCm":135435,"stat.drop.minecraft.stone":41,"stat.pickup.minecraft.carrot":79,"stat.crouchOneCm":4397,"stat.pickup.minecraft.rail":140,"stat.mineBlock.minecraft.chest":2,"stat.craftItem.minecraft.chest":7,"stat.craftItem.minecraft.iron_ingot":291,"stat.craftingTableInteraction":94,"stat.pickup.minecraft.wooden_pickaxe":1,"stat.useItem.minecraft.furnace":34,"stat.useItem.minecraft.reeds":159,"stat.pickup.minecraft.dye":116,"stat.pickup.minecraft.planks":59,"stat.killEntity.Llama":5,"stat.pickup.minecraft.wheat_seeds":7,"stat.mineBlock.minecraft.gravel":120,"stat.useItem.minecraft.stone_pickaxe":807,"stat.craftItem.minecraft.iron_leggings":3,"stat.mineBlock.minecraft.dirt":25,"stat.pickup.minecraft.poisonous_potato":1,"stat.drop.minecraft.stick":8,"stat.drop.minecraft.iron_axe":1,"stat.mineBlock.minecraft.monster_egg":2,"stat.useItem.minecraft.torch":129,"stat.drop.tombstone.crafting_ingredient":2,"stat.pickup.minecraft.iron_nugget":5,"stat.useItem.spartanweaponry.javelin_iron":9,"stat.drop.minecraft.rotten_flesh":6,"stat.craftItem.minecraft.stone_stairs":4,"stat.useItem.minecraft.log":5,"stat.pickup.minecraft.crafting_table":6,"stat.useItem.minecraft.cobblestone":1113,"stat.craftItem.minecraft.crafting_table":10,"stat.useItem.minecraft.gravel":3,"stat.mineBlock.minecraft.double_plant":1,"stat.craftItem.minecraft.boat":1,"stat.useItem.dynamictrees.oakseed":25,"stat.mineBlock.minecraft.emerald_ore":2,"stat.pickup.minecraft.log":156,"stat.drop.minecraft.sign":4,"stat.pickup.minecraft.iron_pickaxe":3,"stat.craftItem.minecraft.gold_ingot":64,"stat.drop.minecraft.planks":1,"stat.pickup.minecraft.wooden_door":2,"stat.entityKilledBy.Enderman":1,"stat.drop.dynamictrees.oakseed":15,"stat.craftItem.minecraft.bucket":3,"stat.craftItem.minecraft.planks":372,"stat.useItem.minecraft.iron_sword":438,"stat.craftItem.minecraft.fishing_rod":1,"stat.pickup.minecraft.book":42,"stat.mineBlock.minecraft.log":5,"stat.sneakTime":1400,"stat.pickup.tombstone.dust_of_vanishing":2,"stat.pickup.minecraft.wool":8,"stat.mineBlock.minecraft.cobblestone_wall":5,"stat.pickup.nocubessrpnests.crateorganicsample":1,"stat.useItem.minecraft.fishing_rod":6,"stat.craftItem.minecraft.enchanting_table":1,"stat.pickup.minecraft.bone":38,"stat.useItem.minecraft.iron_axe":113,"stat.drop.minecraft.stone_shovel":3,"stat.mineBlock.minecraft.cobblestone":338,"stat.pickup.minecraft.stone_pickaxe":1,"stat.pickup.minecraft.flint":11,"stat.craftItem.tombstone.grave_key":3,"stat.mineBlock.srparasites.gore":28,"stat.drop.nocubessrpnests.wormtooth":4,"stat.pickup.nocubessrpnests.fleshwormspike":1,"stat.swimOneCm":50300,"stat.climbOneCm":22619,"stat.drop.minecraft.cobblestone":143,"stat.useItem.minecraft.dirt":21,"stat.useItem.minecraft.stone_slab2":88,"stat.craftItem.minecraft.furnace":24,"stat.useItem.minecraft.egg":2,"stat.pickup.minecraft.enchanting_table":1,"stat.craftItem.spartanshields.shield_basic_iron":2,"stat.craftItem.minecraft.iron_boots":2,"stat.craftItem.minecraft.spruce_boat":2,"stat.useItem.minecraft.iron_ore":1,"stat.craftItem.minecraft.stone_pickaxe":11,"stat.craftItem.minecraft.cooked_beef":178,"stat.pickup.minecraft.cobblestone":2320,"stat.useItem.minecraft.stone_shovel":166,"stat.flyOneCm":954566,"stat.pickup.minecraft.sandstone":64,"stat.drop.minecraft.wheat_seeds":1,"stat.useItem.minecraft.cooked_beef":50,"stat.pickup.minecraft.redstone":89,"stat.mineBlock.minecraft.iron_ore":255,"stat.timeSinceDeath":137366,"stat.useItem.minecraft.sign":5,"stat.drop.minecraft.spider_eye":1,"stat.pickup.minecraft.mutton":6,"stat.pickup.minecraft.mossy_cobblestone":67,"stat.pickup.travelersbackpack.travelers_backpack":1,"stat.mineBlock.minecraft.enchanting_table":1,"stat.drop.minecraft.dirt":2,"stat.mineBlock.minecraft.coal_ore":107,"stat.killEntity.Creeper":2,"stat.talkedToVillager":54,"stat.pickup.minecraft.string":38,"stat.mineBlock.minecraft.ladder":2,"stat.pickup.tombstone.crafting_ingredient":7,"stat.useItem.minecraft.milk_bucket":2,"stat.craftItem.minecraft.stone_slab2":0,"stat.drop.nocubessrpnests.crateorganicsample":1,"stat.killEntity.Squid":1,"stat.sprintOneCm":830544,"stat.craftItem.minecraft.stick":196,"stat.useItem.tombstone.magic_scroll":1,"stat.mineBlock.minecraft.diamond_ore":51,"stat.mineBlock.minecraft.crafting_table":6,"tombstone:use_vanishing":1,"stat.useItem.minecraft.diamond_pickaxe":704,"stat.useItem.minecraft.carrot":42,"stat.entityKilledBy.Creeper":1,"stat.pickup.minecraft.spawn_egg":2,"stat.mineBlock.minecraft.planks":11,"stat.drop":74,"stat.drop.tombstone.grave_key":3,"stat.killEntity.Sheep":12,"stat.pickup.tombstone.grave_key":1,"stat.useItem.minecraft.ladder":55,"stat.craftItem.minecraft.emerald":4,"stat.craftItem.minecraft.diamond_pickaxe":3,"stat.killEntity.Zombie":19,"stat.craftItem.minecraft.dye":57,"stat.mineBlock.minecraft.gold_ore":61,"stat.diveOneCm":44004,"stat.drop.minecraft.diamond_pickaxe":3,"stat.pickup.minecraft.wheat":1,"stat.mineBlock.minecraft.mossy_cobblestone":71,"stat.craftItem.minecraft.ladder":63,"stat.pickup.minecraft.sign":4,"stat.drop.minecraft.wooden_pickaxe":1,"stat.pickup.minecraft.gravel":112,"stat.drop.minecraft.cooked_beef":1,"stat.craftItem.minecraft.cooked_porkchop":14,"stat.drop.minecraft.ladder":8,"stat.pickup.minecraft.stone_axe":1,"stat.mineBlock.minecraft.deadbush":1,"stat.jump":5977,"stat.useItem.minecraft.sand":1,"stat.pickup.minecraft.fence":2,"stat.pickup.minecraft.coal":116,"stat.useItem.dynamictrees.spruceseed":2,"stat.pickup.minecraft.iron_ingot":32,"stat.useItem.minecraft.stone_axe":131,"stat.pickup.minecraft.gunpowder":6,"stat.pickup.minecraft.spider_eye":2,"stat.craftItem.minecraft.torch":28,"stat.pickup.minecraft.dirt":37,"stat.craftItem.minecraft.iron_helmet":2,"stat.pickup.minecraft.experience_bottle":44,"stat.pickup.nocubessrpnests.wormtooth":4,"stat.pickup.minecraft.iron_ore":255,"stat.pickup.minecraft.stone_shovel":3,"stat.boatOneCm":234034,"stat.pickup.minecraft.gold_ore":60,"stat.mineBlock.minecraft.lapis_ore":17,"stat.craftItem.minecraft.flint_and_steel":1,"stat.pickup.minecraft.iron_axe":1,"stat.mineBlock.minecraft.glass_pane":2,"stat.mineBlock.minecraft.stone_stairs":2,"stat.damageTaken":11464,"stat.pickup.minecraft.leather":84,"stat.mineBlock.minecraft.torch":75,"stat.mineBlock.minecraft.furnace":29,"stat.mineBlock.minecraft.red_flower":1,"stat.useItem.minecraft.wooden_pickaxe":36,"stat.tradedWithVillager":6,"stat.pickup.srparasites.assimilated_flesh":7,"stat.pickup.minecraft.reeds":335,"tombstone:undead_killed":30,"stat.useItem.tombstone.grave_key":3,"stat.pickup.minecraft.potato":41,"stat.damageDealt":27276,"stat.craftItem.minecraft.glass":14,"stat.killEntity.Silverfish":1,"stat.mineBlock.nocubessrpnests.fleshwormspike":1,"stat.killEntity.Cow":86,"stat.pickup.minecraft.minecart":1,"stat.useItem.tombstone.dust_of_vanishing":1,"stat.killEntity.Pig":12,"stat.craftItem.minecraft.iron_sword":1,"stat.craftItem.minecraft.stone_shovel":3,"stat.walkOneCm":1191914,"stat.useItem.minecraft.chest":4,"stat.playerKills":1,"stat.pickup.dynamictrees.birchseed":1,"stat.pickup.minecraft.stick":164,"stat.pickup.minecraft.diamond_pickaxe":3,"stat.useItem.minecraft.spruce_boat":2,"stat.useItem.tombstone.gift":1,"stat.pickup.minecraft.stone":237,"stat.craftItem.minecraft.iron_chestplate":2,"stat.pickup.minecraft.ender_pearl":3,"stat.drop.minecraft.egg":1,"stat.pickup.minecraft.cooked_beef":35,"stat.drop.srparasites.assimilated_flesh":2,"stat.killEntity.Skeleton":10,"stat.craftItem.minecraft.bookshelf":13,"stat.killEntity.Spider":7,"stat.pickup.minecraft.bread":4,"stat.mobKills":203,"stat.mineBlock.minecraft.bookshelf":14,"stat.useItem.minecraft.boat":1,"stat.pickup.minecraft.water_bucket":1,"stat.useItem.minecraft.mossy_cobblestone":32,"stat.useItem.minecraft.cobblestone_wall":7,"stat.pickup.minecraft.diamond":51,"stat.pickup.minecraft.beetroot_seeds":3,"stat.pickup.minecraft.torch":77,"stat.entityKilledBy.Silverfish":1,"stat.mineBlock.minecraft.redstone_ore":22,"stat.drop.minecraft.stone_axe":1,"stat.mineBlock.minecraft.stone":1955,"stat.useItem.minecraft.sandstone":29}