{"stats":{"minecraft:killed_by":{"jujutsucraft:cursed_spirit_grade_24":2,"jujutsucraft:cursed_spirit_grade_36":1,"minecraft:player":2,"jujutsucraft:cursed_spirit_grade_12":2,"jujutsucraft:cursed_spirit_grade_05":8,"jujutsucraft:zenin_maki":1,"jujutsucraft:nishimiya_momo":1,"jujutsucraft:q":1,"jujutsucraft:cursed_spirit_grade_317":1},"minecraft:crafted":{"minecraft:oak_planks":28,"minecraft:stone_pickaxe":1,"minecraft:oak_button":1,"minecraft:dark_oak_planks":28,"minecraft:crafting_table":1,"minecraft:spruce_planks":16,"minecraft:stone_axe":1,"minecraft:air":0,"minecraft:stick":40,"minecraft:iron_ingot":2,"minecraft:iron_pickaxe":1,"minecraft:torch":4},"minecraft:dropped":{"minecraft:moss_block":1,"minecraft:wheat_seeds":4,"minecraft:diamond":8,"jujutsucraft:sword_black":2,"jujutsucraft:uniform_q_leggings":1,"minecraft:cracked_stone_bricks":2,"minecraft:stick":4,"minecraft:dirt":18,"minecraft:diorite":24,"tombstone:grave_key":2,"minecraft:spruce_sapling":1,"minecraft:gravel":1,"minecraft:furnace":1,"minecraft:stone_axe":1,"jujutsucraft:uniform_normal_leggings":1,"jujutsucraft:sword_miwa_kasumi":1,"minecraft:light_gray_terracotta":2,"minecraft:raw_iron":10,"minecraft:carrot":7,"jujutsucraft:uniform_normal_chestplate":1,"minecraft:cobblestone_slab":4,"minecraft:oak_sapling":2,"minecraft:stone_bricks":5,"minecraft:iron_bars":2,"minecraft:podzol":2,"minecraft:beef":1,"jujutsucraft:uniform_normal_boots":1,"jujutsucraft:item_master_reverse_cursed_technique":1,"minecraft:stone_brick_stairs":1},"minecraft:killed":{"jujutsucraft:mimiko":2,"jujutsucraft:cursed_spirit_grade_32":5,"jujutsucraft:cursed_spirit_grade_31":3,"jujutsucraft:cursed_spirit_grade_33":20,"jujutsucraft:cursed_spirit_grade_37":1,"jujutsucraft:cursed_spirit_grade_318":3,"jujutsucraft:cursed_spirit_grade_316":3,"jujutsucraft:cursed_spirit_grade_39":7,"jujutsucraft:shigemo_haruta":1,"jujutsucraft:cursed_spirit_grade_312":1,"jujutsucraft:cursed_spirit_grade_313":1,"minecraft:fox":1,"jujutsucraft:cursed_spirit_grade_317":5,"jujutsucraft:cursed_spirit_grade_38":3,"jujutsucraft:cursed_spirit_grade_34":9,"minecraft:salmon":11,"jujutsucraft:awasaka_jiro":1,"jujutsucraft:curse_user_1":1,"minecraft:squid":3,"jujutsucraft:cursed_spirit_grade_314":1,"jujutsucraft:cursed_spirit_grade_311":3,"jujutsucraft:cursed_spirit_grade_310":2,"jujutsucraft:cursed_spirit_grade_36":2,"jujutsucraft:cursed_spirit_grade_315":6,"jujutsucraft:cursed_spirit_grade_319":6,"jujutsucraft:q":3,"minecraft:cow":1},"minecraft:mined":{"minecraft:diamond_ore":14,"minecraft:mossy_cobblestone":3,"minecraft:brewing_stand":1,"minecraft:granite":15,"minecraft:grass_block":26,"minecraft:white_stained_glass":8,"minecraft:spruce_leaves":7,"minecraft:moss_block":2,"minecraft:spawner":10,"minecraft:large_fern":7,"minecraft:mossy_cobblestone_slab":1,"minecraft:furnace":2,"minecraft:iron_ore":12,"minecraft:andesite":16,"minecraft:anvil":1,"minecraft:enchanting_table":1,"minecraft:bookshelf":4,"minecraft:cobblestone_slab":2,"minecraft:vine":1,"minecraft:iron_bars":2,"minecraft:stone":108,"minecraft:podzol":6,"minecraft:glass_pane":7,"minecraft:blue_stained_glass":4,"minecraft:powder_snow":23,"minecraft:crafting_table":3,"minecraft:light_gray_terracotta":3,"minecraft:gray_stained_glass":2,"minecraft:white_stained_glass_pane":2,"minecraft:glass":5,"minecraft:cobblestone":1,"minecraft:oak_planks":8,"minecraft:diorite":12,"minecraft:iron_door":1,"minecraft:coarse_dirt":1,"minecraft:spruce_log":14,"minecraft:smooth_stone_slab":4,"minecraft:grass":2,"minecraft:oak_log":7,"minecraft:coal_ore":32,"minecraft:sand":1,"minecraft:gravel":1,"minecraft:dirt":33,"minecraft:cracked_stone_bricks":1,"minecraft:cobweb":1,"minecraft:stone_bricks":15,"minecraft:oak_leaves":16,"minecraft:fern":4},"minecraft:used":{"minecraft:dirt":37,"jujutsucraft:clothes_fushiguro_toji_leggings":1,"minecraft:granite":15,"jujutsucraft:clothes_zenin_boots":1,"minecraft:dark_oak_planks":1,"jujutsucraft:clothes_sukuna_fushiguro_chestplate":1,"minecraft:stone_bricks":2,"minecraft:furnace":1,"tombstone:gift":4,"jujutsucraft:sword_black":18,"minecraft:stone_pickaxe":87,"jujutsucraft:uniform_normal_boots":1,"minecraft:golden_apple":1,"minecraft:sand":1,"minecraft:crafting_table":3,"minecraft:oak_button":1,"minecraft:iron_pickaxe":183,"tombstone:magic_scroll":1,"minecraft:gravel":1,"minecraft:stone_axe":32,"minecraft:cobblestone":93,"minecraft:andesite":16},"minecraft:custom":{"minecraft:inspect_dropper":2,"minecraft:mob_kills":107,"minecraft:interact_with_crafting_table":7,"minecraft:damage_dealt_resisted":12985,"minecraft:leave_game":17,"minecraft:time_since_death":8585,"minecraft:climb_one_cm":10780,"minecraft:damage_resisted":4928,"minecraft:sprint_one_cm":387066,"minecraft:walk_one_cm":376158,"minecraft:drop":52,"minecraft:play_time":114283,"minecraft:deaths":21,"minecraft:sneak_time":649,"minecraft:walk_under_water_one_cm":16246,"tombstone:tomb_raiding":1,"minecraft:jump":2101,"minecraft:walk_on_water_one_cm":32974,"minecraft:total_world_time":114283,"minecraft:interact_with_furnace":7,"minecraft:time_since_rest":7814,"minecraft:damage_taken":11562,"minecraft:damage_absorbed":41,"minecraft:damage_dealt":985,"minecraft:swim_one_cm":51391,"minecraft:fly_one_cm":495096,"minecraft:player_kills":4,"minecraft:open_chest":24,"minecraft:crouch_one_cm":2495,"minecraft:fall_one_cm":86889},"minecraft:picked_up":{"minecraft:crafting_table":3,"minecraft:anvil":1,"minecraft:stone_brick_stairs":1,"minecraft:brewing_stand":1,"minecraft:smooth_stone_slab":5,"minecraft:cracked_stone_bricks":2,"jujutsucraft:sword_black":2,"minecraft:beef":1,"minecraft:cobblestone_slab":4,"minecraft:furnace":2,"minecraft:stick":4,"minecraft:raw_iron":12,"minecraft:diorite":24,"jujutsucraft:uniform_q_leggings":1,"minecraft:iron_bars":2,"minecraft:cobblestone":124,"minecraft:enchanting_table":1,"jujutsucraft:recommendation_1":1,"minecraft:iron_door":1,"minecraft:andesite":16,"minecraft:oak_log":7,"minecraft:dirt":65,"minecraft:podzol":2,"minecraft:stone_bricks":20,"minecraft:wheat_seeds":4,"minecraft:moss_block":1,"minecraft:oak_planks":5,"minecraft:book":12,"minecraft:gravel":2,"minecraft:sand":1,"minecraft:spruce_sapling":2,"minecraft:spruce_log":14,"minecraft:mossy_cobblestone":2,"minecraft:light_gray_terracotta":3,"minecraft:diamond":19,"minecraft:stone_axe":1,"jujutsucraft:item_master_reverse_cursed_technique":1,"minecraft:granite":15,"minecraft:oak_sapling":2,"minecraft:coal":32}},"DataVersion":3465}