{"stats":{"minecraft:killed_by":{"minecraft:player":2},"minecraft:dropped":{"jujutsucraft:hiten":1,"jujutsucraft:uniform_normal_leggings":1,"minecraft:glass_bottle":1,"minecraft:book":2,"jujutsucraft:uniform_normal_chestplate":1,"minecraft:flint_and_steel":1,"jujutsucraft:sukuna_perfect_spawn_egg":1,"gravestone:obituary":2,"jujutsucraft:sukuna_fushiguro_spawn_egg":1,"jujutsucraft:uniform_normal_boots":1,"jujutsucraft:mahoraga_wheel_helmet":1,"jujutsucraft:sukuna_finger":2,"jujutsucraft:sukuna_spawn_egg":1},"minecraft:killed":{"jujutsucraft:cursed_spirit_grade_32":6,"jujutsucraft:eight_handled_swrod_divergent_sila_divine_general_mahoraga":1,"jujutsucraft:transfigured_human_3":1,"jujutsucraft:cursed_spirit_grade_31":3,"jujutsucraft:inumaki_toge":1,"jujutsucraft:cursed_spirit_grade_33":8,"jujutsucraft:jujutsu_sorcerer":1,"jujutsucraft:zenin_naobito":1,"jujutsucraft:zenin_naoya":1,"jujutsucraft:nishimiya_momo":3,"jujutsucraft:cursed_spirit_grade_24":1,"jujutsucraft:zenin_jinichi":1,"minecraft:bat":22,"jujutsucraft:cursed_spirit_grade_35":2,"jujutsucraft:zenin_maki":1,"jujutsucraft:cursed_spirit_grade_318":7,"jujutsucraft:cursed_spirit_grade_316":3,"jujutsucraft:cursed_spirit_grade_211":1,"jujutsucraft:curse_user":2,"jujutsucraft:kumiya_juzo":2,"jujutsucraft:itadori_yuji":2,"jujutsucraft:miwa_kasumi":2,"jujutsucraft:panda_gorilla":3,"jujutsucraft:cursed_spirit_grade_29":3,"jujutsucraft:cursed_spirit_grade_39":11,"jujutsucraft:cursed_spirit_grade_313":1,"jujutsucraft:okkotsu_yuta":1,"jujutsucraft:cursed_spirit_grade_312":4,"jujutsucraft:cursed_spirit_grade_314":3,"jujutsucraft:cursed_spirit_grade_14":1,"minecraft:bee":2,"jujutsucraft:cursed_spirit_grade_311":3,"jujutsucraft:entity_unlimited_void":1,"jujutsucraft:cursed_spirit_grade_310":4,"jujutsucraft:kechizu":1,"jujutsucraft:cursed_spirit_grade_19":1,"jujutsucraft:cursed_spirit_grade_16":1,"jujutsucraft:fushiguro_toji":1,"jujutsucraft:cursed_spirit_grade_36":7,"jujutsucraft:todo_aoi":2,"jujutsucraft:panda_normal":3,"jujutsucraft:gojo_satoru":1,"jujutsucraft:cursed_spirit_grade_23":1,"jujutsucraft:cursed_spirit_grade_315":4,"jujutsucraft:cursed_spirit_grade_212":1,"jujutsucraft:cursed_spirit_grade_34":10,"jujutsucraft:cursed_spirit_grade_319":9,"jujutsucraft:miyo_rokujushi":1,"jujutsucraft:higuruma_hiromi":1,"jujutsucraft:nobara_kugisaki":2,"jujutsucraft:cursed_spirit_grade_27":1,"jujutsucraft:q":3},"minecraft:picked_up":{"jujutsucraft:mahoraga_body_helmet":1,"jujutsucraft:mahoraga_wheel_helmet":1,"jujutsucraft:sukuna_finger":3,"gravestone:obituary":1,"minecraft:enchanted_golden_apple":1,"jujutsucraft:sword_of_extermination":1,"minecraft:acacia_sapling":1,"minecraft:book":2,"jujutsucraft:sukuna_spawn_egg":1,"minecraft:acacia_log":7,"jujutsucraft:gavel":1,"minecraft:spruce_log":1,"jujutsucraft:hiten":1,"jujutsucraft:clothes_fushiguro_toji_leggings":1,"jujutsucraft:sukuna_fushiguro_spawn_egg":2,"jujutsucraft:clothes_sukuna_fushiguro_chestplate":1,"minecraft:cobblestone":1},"minecraft:broken":{"minecraft:netherite_leggings":2,"minecraft:netherite_boots":2},"minecraft:custom":{"minecraft:mob_kills":160,"minecraft:interact_with_anvil":1,"minecraft:damage_dealt_resisted":128440,"minecraft:time_since_death":15629,"minecraft:climb_one_cm":330,"minecraft:damage_resisted":29115,"minecraft:time_since_rest":15662,"minecraft:walk_one_cm":161782,"minecraft:sprint_one_cm":95279,"minecraft:damage_taken":4483,"minecraft:damage_absorbed":4010,"minecraft:drop":15,"minecraft:damage_dealt":5650,"minecraft:fly_one_cm":578449,"minecraft:player_kills":2,"minecraft:crouch_one_cm":69,"minecraft:play_time":62474,"minecraft:deaths":6,"minecraft:sneak_time":610,"minecraft:jump":604,"minecraft:walk_on_water_one_cm":1040,"minecraft:total_world_time":62474,"minecraft:fall_one_cm":10656},"minecraft:mined":{"minecraft:acacia_leaves":3,"gravestone:gravestone":2,"minecraft:acacia_log":7,"minecraft:spruce_leaves":6,"minecraft:fire":5,"minecraft:spruce_log":1},"minecraft:used":{"minecraft:netherite_sword":103,"minecraft:flint_and_steel":6,"minecraft:netherite_chestplate":1,"jujutsucraft:uniform_normal_boots":1,"jujutsucraft:fushiguro_megumi_shibuya_spawn_egg":1,"jujutsucraft:eight_handled_swrod_divergent_sila_divine_general_mahoraga_spawn_egg":2,"jujutsucraft:sukuna_finger":25,"minecraft:anvil":1,"minecraft:netherite_leggings":1,"minecraft:tnt":64,"jujutsucraft:clothes_fushiguro_toji_leggings":2,"jujutsucraft:mahoraga_body_helmet":2,"minecraft:netherite_helmet":1,"jujutsucraft:uniform_normal_chestplate":1,"jujutsucraft:clothes_zenin_boots":1,"jujutsucraft:clothes_sukuna_fushiguro_chestplate":2,"minecraft:netherite_boots":1,"minecraft:potion":6,"jujutsucraft:uniform_normal_leggings":1,"minecraft:netherite_pickaxe":3,"jujutsucraft:sukuna_spawn_egg":1,"jujutsucraft:mahoraga_wheel_helmet":2,"minecraft:enchanted_golden_apple":32}},"DataVersion":3465}