{"stat.craftItem.minecraft.stone_shovel":1,"stat.walkOneCm":125930,"stat.drop.srparasites.lurecomponent1":2,"stat.drop.srparasites.lurecomponent2":1,"stat.pickup.minecraft.stick":15,"stat.drop.tombstone.crafting_ingredient":2,"stat.drop.minecraft.wooden_pickaxe":1,"stat.pickup.minecraft.gravel":48,"stat.useItem.minecraft.log":5,"stat.mineBlock.minecraft.cobblestone":3,"stat.useItem.minecraft.cobblestone":81,"stat.pickup.minecraft.stone_axe":1,"stat.furnaceInteraction":4,"stat.pickup.minecraft.flint":6,"stat.pickup.srparasites.lurecomponent2":1,"stat.mineBlock.srparasites.gore":1,"stat.mineBlock.minecraft.coal_ore":13,"stat.pickup.srparasites.lurecomponent1":2,"stat.useItem.dynamictrees.oakseed":3,"stat.pickup.minecraft.log":47,"stat.jump":448,"stat.swimOneCm":5414,"stat.pickup.minecraft.coal":10,"stat.fallOneCm":11483,"stat.climbOneCm":20,"stat.pickup.minecraft.beef":4,"stat.useItem.tombstone.gift":1,"stat.pickup.tombstone.crafting_ingredient":3,"stat.useItem.minecraft.stone_axe":28,"stat.craftItem.minecraft.stone_slab2":0,"stat.pickup.minecraft.stone":15,"stat.pickup.minecraft.dirt":1,"stat.sprintOneCm":61896,"stat.useItem.minecraft.stone_slab2":7,"stat.entityKilledBy.Enderman":1,"stat.pickup.minecraft.cooked_beef":3,"stat.craftingTableInteraction":5,"stat.drop.dynamictrees.oakseed":7,"stat.useItem.minecraft.egg":2,"stat.pickup.minecraft.wooden_pickaxe":1,"stat.damageTaken":2114,"stat.pickup.minecraft.leather":1,"stat.craftItem.minecraft.stone_pickaxe":4,"stat.mineBlock.minecraft.torch":2,"stat.useItem.minecraft.wooden_pickaxe":36,"stat.craftItem.minecraft.cooked_beef":1,"stat.mobKills":5,"stat.pickup.minecraft.cobblestone":264,"stat.pickup.srparasites.assimilated_flesh":1,"stat.pickup.dynamictrees.oakseed":11,"stat.mineBlock.minecraft.log":5,"stat.useItem.minecraft.stone_shovel":39,"stat.flyOneCm":71324,"stat.deaths":7,"stat.pickup.dynamictrees.spruceseed":2,"stat.drop":10,"stat.pickup.minecraft.egg":2,"stat.playOneMinute":29096,"stat.mineBlock.minecraft.gravel":56,"stat.pickup.minecraft.torch":3,"stat.drop.tombstone.grave_key":3,"stat.useItem.minecraft.stone_pickaxe":265,"stat.useItem.minecraft.cooked_beef":1,"stat.pickup.tombstone.grave_key":1,"stat.damageDealt":689,"stat.timeSinceDeath":11273,"stat.killEntity.Cow":2,"stat.mineBlock.minecraft.dirt":1,"stat.mineBlock.minecraft.stone":275,"stat.mineBlock.minecraft.tallgrass":6,"stat.diveOneCm":8879}