{"stats":{"minecraft:killed_by":{"jujutsucraft:zenin_maki":1,"jujutsucraft:cursed_spirit_grade_36":1,"minecraft:player":2,"jujutsucraft:cursed_spirit_grade_05":1,"jujutsucraft:cursed_spirit_grade_317":1},"minecraft:crafted":{"minecraft:oak_planks":28,"minecraft:crafting_table":1,"minecraft:spruce_planks":16,"minecraft:stone_axe":1,"minecraft:air":0,"minecraft:stick":40,"minecraft:iron_ingot":2,"minecraft:stone_pickaxe":1,"minecraft:iron_pickaxe":1,"minecraft:oak_button":1,"minecraft:torch":4,"minecraft:dark_oak_planks":28},"minecraft:killed":{"jujutsucraft:mimiko":1,"jujutsucraft:cursed_spirit_grade_32":4,"jujutsucraft:cursed_spirit_grade_33":8,"minecraft:salmon":11,"jujutsucraft:awasaka_jiro":1,"jujutsucraft:cursed_spirit_grade_318":2,"jujutsucraft:cursed_spirit_grade_316":2,"minecraft:squid":3,"jujutsucraft:cursed_spirit_grade_39":2,"jujutsucraft:cursed_spirit_grade_313":1,"jujutsucraft:cursed_spirit_grade_311":1,"jujutsucraft:cursed_spirit_grade_310":2,"minecraft:fox":1,"jujutsucraft:cursed_spirit_grade_36":2,"jujutsucraft:cursed_spirit_grade_315":3,"jujutsucraft:cursed_spirit_grade_38":1,"jujutsucraft:cursed_spirit_grade_34":6,"jujutsucraft:cursed_spirit_grade_319":5,"jujutsucraft:q":3},"minecraft:dropped":{"minecraft:gravel":1,"minecraft:stone_axe":1,"minecraft:moss_block":1,"minecraft:wheat_seeds":4,"jujutsucraft:uniform_normal_leggings":1,"jujutsucraft:sword_miwa_kasumi":1,"minecraft:diamond":8,"jujutsucraft:sword_black":1,"jujutsucraft:uniform_q_leggings":1,"minecraft:cracked_stone_bricks":2,"minecraft:carrot":7,"jujutsucraft:uniform_normal_chestplate":1,"minecraft:stick":4,"minecraft:dirt":18,"minecraft:cobblestone_slab":4,"minecraft:diorite":24,"tombstone:grave_key":2,"minecraft:oak_sapling":1,"minecraft:stone_bricks":4,"minecraft:iron_bars":2,"minecraft:podzol":2,"jujutsucraft:uniform_normal_boots":1,"minecraft:stone_brick_stairs":1,"minecraft:spruce_sapling":1},"minecraft:mined":{"minecraft:diamond_ore":14,"minecraft:glass_pane":7,"minecraft:mossy_cobblestone":3,"minecraft:blue_stained_glass":4,"minecraft:powder_snow":23,"minecraft:brewing_stand":1,"minecraft:crafting_table":3,"minecraft:light_gray_terracotta":3,"minecraft:granite":15,"minecraft:grass_block":17,"minecraft:white_stained_glass_pane":2,"minecraft:white_stained_glass":4,"minecraft:cobblestone":1,"minecraft:spruce_leaves":7,"minecraft:moss_block":1,"minecraft:oak_planks":8,"minecraft:diorite":12,"minecraft:iron_door":1,"minecraft:spawner":10,"minecraft:large_fern":5,"minecraft:coarse_dirt":1,"minecraft:mossy_cobblestone_slab":1,"minecraft:furnace":2,"minecraft:iron_ore":12,"minecraft:spruce_log":14,"minecraft:andesite":16,"minecraft:enchanting_table":1,"minecraft:smooth_stone_slab":4,"minecraft:grass":1,"minecraft:bookshelf":4,"minecraft:coal_ore":32,"minecraft:oak_log":7,"minecraft:cobblestone_slab":2,"minecraft:iron_bars":2,"minecraft:gravel":1,"minecraft:dirt":29,"minecraft:cobweb":1,"minecraft:cracked_stone_bricks":1,"minecraft:stone":107,"minecraft:stone_bricks":15,"minecraft:oak_leaves":2,"minecraft:fern":4,"minecraft:podzol":3},"minecraft:custom":{"minecraft:interact_with_furnace":7,"minecraft:inspect_dropper":2,"minecraft:mob_kills":60,"minecraft:interact_with_crafting_table":7,"minecraft:damage_dealt_resisted":6025,"minecraft:leave_game":16,"minecraft:time_since_death":23826,"minecraft:damage_resisted":1030,"minecraft:climb_one_cm":8520,"minecraft:time_since_rest":22979,"minecraft:sprint_one_cm":217219,"minecraft:damage_taken":5730,"minecraft:walk_one_cm":252036,"minecraft:drop":44,"minecraft:damage_dealt":161,"minecraft:player_kills":3,"minecraft:swim_one_cm":51391,"minecraft:fly_one_cm":317823,"minecraft:open_chest":18,"minecraft:play_time":78628,"minecraft:crouch_one_cm":1376,"minecraft:deaths":8,"minecraft:sneak_time":285,"minecraft:walk_under_water_one_cm":9873,"minecraft:jump":1352,"tombstone:tomb_raiding":1,"minecraft:walk_on_water_one_cm":18916,"minecraft:total_world_time":78628,"minecraft:fall_one_cm":49085},"minecraft:used":{"jujutsucraft:sword_black":15,"minecraft:stone_pickaxe":86,"jujutsucraft:uniform_normal_boots":1,"minecraft:dirt":30,"minecraft:crafting_table":3,"jujutsucraft:clothes_fushiguro_toji_leggings":1,"minecraft:granite":15,"jujutsucraft:clothes_zenin_boots":1,"minecraft:dark_oak_planks":1,"minecraft:oak_button":1,"minecraft:iron_pickaxe":182,"tombstone:magic_scroll":1,"minecraft:gravel":1,"jujutsucraft:clothes_sukuna_fushiguro_chestplate":1,"minecraft:stone_bricks":2,"minecraft:stone_axe":32,"minecraft:furnace":1,"minecraft:cobblestone":72,"minecraft:andesite":16,"tombstone:gift":4},"minecraft:picked_up":{"minecraft:enchanting_table":1,"minecraft:crafting_table":3,"minecraft:iron_door":1,"jujutsucraft:recommendation_1":1,"minecraft:andesite":16,"minecraft:stone_brick_stairs":1,"minecraft:oak_log":7,"minecraft:brewing_stand":1,"minecraft:dirt":49,"minecraft:smooth_stone_slab":5,"minecraft:podzol":2,"minecraft:stone_bricks":19,"minecraft:cracked_stone_bricks":2,"minecraft:wheat_seeds":4,"jujutsucraft:sword_black":1,"minecraft:cobblestone_slab":4,"minecraft:moss_block":1,"minecraft:oak_planks":5,"minecraft:furnace":2,"minecraft:book":12,"minecraft:stick":2,"minecraft:raw_iron":12,"minecraft:gravel":2,"minecraft:spruce_sapling":2,"minecraft:diorite":24,"minecraft:spruce_log":14,"minecraft:mossy_cobblestone":2,"jujutsucraft:uniform_q_leggings":1,"minecraft:light_gray_terracotta":3,"minecraft:diamond":19,"minecraft:stone_axe":1,"minecraft:granite":15,"minecraft:oak_sapling":1,"minecraft:iron_bars":2,"minecraft:coal":32,"minecraft:cobblestone":124}},"DataVersion":3465}