{"stats":{"minecraft:mined":{"minecraft:furnace":1,"minecraft:powder_snow":3,"minecraft:crafting_table":2,"minecraft:blast_furnace":1,"minecraft:grass_block":1,"minecraft:coal_ore":7,"minecraft:dirt":8,"minecraft:stone":58,"minecraft:sugar_cane":3,"minecraft:blue_bed":1},"minecraft:crafted":{"minecraft:wooden_sword":1,"minecraft:crafting_table":1,"minecraft:stone_pickaxe":1,"minecraft:stick":8,"minecraft:wooden_pickaxe":1,"minecraft:dark_oak_planks":36,"minecraft:stone_axe":1},"minecraft:killed":{"minecraft:pillager":2,"jujutsucraft:cursed_spirit_grade_313":1,"jujutsucraft:cursed_spirit_grade_34":1},"minecraft:used":{"jujutsucraft:clothes_zenin_boots":2,"minecraft:dark_oak_planks":18,"minecraft:stone_pickaxe":16,"minecraft:wooden_pickaxe":52,"jujutsucraft:uniform_normal_boots":2,"jujutsucraft:clothes_sukuna_fushiguro_chestplate":1,"minecraft:stone_axe":1,"minecraft:wooden_sword":18,"minecraft:dirt":9,"minecraft:cobblestone":2,"minecraft:crafting_table":2,"jujutsucraft:uniform_normal_leggings":2,"jujutsucraft:clothes_fushiguro_toji_leggings":1,"minecraft:crossbow":8,"jujutsucraft:uniform_normal_chestplate":2},"minecraft:picked_up":{"minecraft:crafting_table":2,"minecraft:wooden_pickaxe":1,"minecraft:blast_furnace":1,"minecraft:blue_bed":1,"minecraft:dirt":9,"minecraft:crossbow":2,"minecraft:sugar_cane":9,"minecraft:coal":7,"minecraft:cobblestone":57,"minecraft:furnace":1},"minecraft:custom":{"minecraft:time_since_rest":928,"minecraft:sprint_one_cm":112077,"minecraft:damage_taken":7751,"minecraft:walk_one_cm":71119,"minecraft:mob_kills":4,"minecraft:drop":8,"minecraft:damage_dealt":552,"minecraft:swim_one_cm":32190,"minecraft:interact_with_crafting_table":6,"minecraft:fly_one_cm":336187,"minecraft:open_chest":5,"minecraft:crouch_one_cm":945,"minecraft:play_time":33428,"minecraft:deaths":23,"minecraft:sneak_time":739,"minecraft:walk_under_water_one_cm":21817,"minecraft:jump":831,"minecraft:damage_dealt_resisted":680,"minecraft:interact_with_blast_furnace":1,"minecraft:leave_game":2,"minecraft:walk_on_water_one_cm":12502,"minecraft:time_since_death":904,"minecraft:climb_one_cm":117,"minecraft:total_world_time":33428,"minecraft:fall_one_cm":24278},"minecraft:dropped":{"jujutsucraft:uniform_normal_leggings":1,"minecraft:crossbow":2,"minecraft:wooden_sword":1,"minecraft:wooden_pickaxe":2,"jujutsucraft:uniform_normal_boots":1,"jujutsucraft:uniform_normal_chestplate":1},"minecraft:killed_by":{"jujutsucraft:curse_user_1":3,"minecraft:iron_golem":2,"minecraft:player":3,"jujutsucraft:cursed_spirit_grade_318":1,"jujutsucraft:cursed_spirit_grade_315":1,"jujutsucraft:cursed_spirit_grade_12":1,"jujutsucraft:cursed_spirit_grade_21":1,"jujutsucraft:cursed_spirit_grade_06":1,"jujutsucraft:cursed_spirit_grade_22":8,"minecraft:pillager":1}},"DataVersion":3465}