{"stats":{"minecraft:killed_by":{"minecraft:player":4,"jujutsucraft:sukuna":1,"jujutsucraft:inumaki_toge":1},"minecraft:dropped":{"jujutsucraft:clothes_hakari_kinji_helmet":1,"minecraft:bread":1,"jujutsucraft:clothes_geto_leggings":1,"minecraft:porkchop":4,"minecraft:glass_bottle":2,"minecraft:netherite_helmet":2,"minecraft:netherite_chestplate":3,"minecraft:book":2,"minecraft:coal":11,"jujutsucraft:gavel":2,"minecraft:mutton":1,"jujutsucraft:sukuna_perfect_spawn_egg":1,"minecraft:potion":1,"gravestone:obituary":4,"jujutsucraft:sukuna_finger":2,"jujutsucraft:sword_of_extermination":3,"minecraft:bone":25,"jujutsucraft:hiten":1,"jujutsucraft:uniform_normal_leggings":1,"jujutsucraft:supreme_martial_solution":2,"jujutsucraft:sword_miwa_kasumi":1,"minecraft:wheat":7,"jujutsucraft:clothes_miguel_boots":1,"jujutsucraft:clothes_sukuna_fushiguro_chestplate":1,"minecraft:rotten_flesh":4,"minecraft:pumpkin_seeds":3,"jujutsucraft:uniform_normal_chestplate":1,"minecraft:flint_and_steel":1,"jujutsucraft:mahito_hand_2":2,"jujutsucraft:item_master_physical_gifted":1,"minecraft:beetroot_seeds":2,"jujutsucraft:clothes_reggie_star_chestplate":1,"minecraft:beef":5,"jujutsucraft:sukuna_fushiguro_spawn_egg":1,"jujutsucraft:uniform_normal_boots":1,"jujutsucraft:mahoraga_wheel_helmet":2,"jujutsucraft:clothes_hakari_kinji_chestplate":1,"jujutsucraft:sukuna_spawn_egg":1},"minecraft:killed":{"jujutsucraft:mimiko":3,"jujutsucraft:cursed_spirit_grade_32":20,"jujutsucraft:transfigured_human_3":6,"jujutsucraft:cursed_spirit_grade_21":4,"jujutsucraft:inumaki_toge":2,"jujutsucraft:cursed_spirit_grade_31":16,"jujutsucraft:cursed_spirit_grade_33":64,"jujutsucraft:reggie_star":2,"jujutsucraft:stevenson_screen":2,"jujutsucraft:ishigori_ryu":1,"jujutsucraft:daido_hagane":1,"jujutsucraft:nue":1,"jujutsucraft:nanako":1,"jujutsucraft:cursed_spirit_grade_11":4,"jujutsucraft:zenin_naobito":1,"jujutsucraft:doll_1":17,"jujutsucraft:zenin_naoya":2,"jujutsucraft:cursed_spirit_grade_24":3,"jujutsucraft:cursed_spirit_grade_12":7,"jujutsucraft:miguel":2,"jujutsucraft:fushiguro_megumi_shibuya":2,"jujutsucraft:cursed_spirit_grade_37":5,"jujutsucraft:cursed_spirit_grade_35":7,"jujutsucraft:yoshino_junpei":6,"jujutsucraft:rika_2":1,"jujutsucraft:cursed_spirit_grade_318":83,"jujutsucraft:cursed_spirit_grade_316":11,"jujutsucraft:cursed_spirit_grade_26":9,"jujutsucraft:geto_suguru":2,"jujutsucraft:cursed_spirit_grade_22":5,"jujutsucraft:kumiya_juzo":5,"jujutsucraft:cursed_spirit_grade_03":3,"jujutsucraft:zenin_naoya_cursed_spirit_1":5,"jujutsucraft:miwa_kasumi":8,"jujutsucraft:cursed_spirit_grade_04":1,"jujutsucraft:cursed_spirit_grade_05":2,"jujutsucraft:cursed_spirit_grade_39":76,"jujutsucraft:shigemo_haruta":1,"jujutsucraft:okkotsu_yuta":1,"jujutsucraft:cursed_spirit_grade_312":12,"jujutsucraft:cursed_spirit_grade_313":16,"jujutsucraft:larue":2,"minecraft:bee":2,"jujutsucraft:entity_unlimited_void":1,"jujutsucraft:flame_arrow":1,"jujutsucraft:cursed_spirit_grade_15":8,"jujutsucraft:kechizu":2,"jujutsucraft:cursed_spirit_grade_19":5,"jujutsucraft:cursed_spirit_grade_16":5,"jujutsucraft:fushiguro_toji":3,"jujutsucraft:gojo_satoru_school_days":1,"jujutsucraft:panda_normal":6,"jujutsucraft:rozetsu_shikigami":3,"jujutsucraft:cursed_spirit_grade_08":3,"jujutsucraft:cursed_spirit_grade_23":11,"jujutsucraft:zenin_ogi":1,"jujutsucraft:eso":1,"jujutsucraft:cursed_spirit_grade_317":34,"jujutsucraft:cursed_spirit_grade_38":24,"jujutsucraft:cursed_spirit_grade_34":128,"jujutsucraft:kurusu_hana":1,"jujutsucraft:transfigured_human_1":9,"jujutsucraft:nobara_kugisaki":4,"jujutsucraft:higuruma_hiromi":5,"jujutsucraft:miyo_rokujushi":3,"jujutsucraft:cursed_spirit_grade_27":6,"jujutsucraft:mei_mei":3,"jujutsucraft:hazenoki":1,"jujutsucraft:zenin_naoya_cursed_spirit_2":4,"jujutsucraft:okkotsu_yuta_culling_game":1,"jujutsucraft:kusakabe_yatsuya":1,"jujutsucraft:dagon_2":1,"jujutsucraft:uraume":3,"jujutsucraft:eight_handled_swrod_divergent_sila_divine_general_mahoraga":2,"jujutsucraft:cursed_spirit_grade_210":15,"jujutsucraft:zenin_chojuro":4,"jujutsucraft:dagon_1":1,"jujutsucraft:max_elephant":1,"jujutsucraft:jujutsu_sorcerer":5,"jujutsucraft:truck":1,"jujutsucraft:nishimiya_momo":6,"jujutsucraft:itadori_yuji_shinjuku":2,"jujutsucraft:awasaka_jiro":4,"jujutsucraft:zenin_jinichi":1,"minecraft:bat":143,"jujutsucraft:zenin_maki":3,"jujutsucraft:hakari_kinji":1,"jujutsucraft:curse_user_1":7,"jujutsucraft:cursed_spirit_grade_211":9,"jujutsucraft:curse_user":10,"jujutsucraft:mechamaru":1,"jujutsucraft:itadori_yuji":4,"jujutsucraft:yaga_masamichi":3,"jujutsucraft:zenin_naoya_cursed_spirit_3":3,"jujutsucraft:panda_gorilla":6,"jujutsucraft:cursed_spirit_grade_29":12,"jujutsucraft:cursed_spirit_grade_28":7,"jujutsucraft:rozetsu":1,"jujutsucraft:cursed_spirit_grade_314":50,"jujutsucraft:entity_scissors":1,"jujutsucraft:cursed_spirit_grade_14":10,"jujutsucraft:cursed_spirit_grade_311":27,"jujutsucraft:cursed_spirit_grade_310":26,"jujutsucraft:negi_toshihisa":2,"jujutsucraft:cursed_spirit_grade_13":5,"jujutsucraft:cursed_spirit_grade_18":7,"jujutsucraft:cursed_spirit_grade_17":5,"jujutsucraft:cursed_spirit_grade_36":65,"jujutsucraft:todo_aoi":6,"jujutsucraft:gojo_satoru":2,"jujutsucraft:sukuna":1,"jujutsucraft:zenin_maki_culling_game":2,"jujutsucraft:cursed_spirit_grade_25":2,"jujutsucraft:moon_dregs":6,"jujutsucraft:cursed_spirit_grade_110":3,"jujutsucraft:cursed_spirit_grade_315":63,"jujutsucraft:cursed_spirit_grade_212":9,"jujutsucraft:hoshi_kirara":1,"jujutsucraft:cursed_spirit_grade_319":29,"jujutsucraft:cursed_spirit_grade_02":1,"jujutsucraft:geto_suguru_curse_user":3,"jujutsucraft:takaba_fumihiko":4,"jujutsucraft:cursed_spirit_grade_06":1,"jujutsucraft:kamo_noritoshi":4,"jujutsucraft:q":8,"jujutsucraft:fushiguro_megumi":3},"minecraft:picked_up":{"minecraft:wheat":7,"minecraft:potion":5,"minecraft:enchanted_book":2,"gravestone:obituary":3,"jujutsucraft:clothes_zenin_boots":2,"minecraft:string":10,"minecraft:compass":1,"jujutsucraft:clothes_hakari_kinji_helmet":1,"minecraft:bucket":1,"minecraft:beef":10,"jujutsucraft:supreme_martial_solution":2,"jujutsucraft:sword_of_extermination":5,"minecraft:enchanted_golden_apple":216,"minecraft:acacia_log":7,"minecraft:porkchop":7,"jujutsucraft:gavel":4,"minecraft:redstone":2,"jujutsucraft:clothes_geto_helmet":1,"jujutsucraft:clothes_fushiguro_toji_leggings":3,"minecraft:cactus":14,"minecraft:rotten_flesh":7,"minecraft:beetroot_seeds":2,"minecraft:saddle":1,"minecraft:netherite_chestplate":3,"jujutsucraft:mahito_hand_2":2,"minecraft:mutton":2,"minecraft:cobblestone":1,"jujutsucraft:mahoraga_body_helmet":2,"jujutsucraft:mahoraga_wheel_helmet":4,"jujutsucraft:sukuna_finger":4,"jujutsucraft:clothes_reggie_star_chestplate":1,"jujutsucraft:item_master_physical_gifted":1,"jujutsucraft:clothes_geto_leggings":1,"jujutsucraft:inverted_spear_of_heaven":1,"minecraft:map":1,"minecraft:paper":1,"minecraft:bone":33,"jujutsucraft:split_soul_katana":1,"jujutsucraft:clothes_miguel_boots":2,"minecraft:iron_ingot":1,"minecraft:glass_bottle":1,"jujutsucraft:sword_miwa_kasumi":1,"jujutsucraft:sukuna_body_chestplate":2,"minecraft:acacia_sapling":1,"minecraft:book":2,"jujutsucraft:sukuna_spawn_egg":1,"jujutsucraft:cursed_spirit_armoury_chestplate":1,"minecraft:spruce_log":1,"jujutsucraft:hiten":3,"minecraft:pumpkin_seeds":3,"minecraft:netherite_helmet":3,"jujutsucraft:sukuna_fushiguro_spawn_egg":2,"minecraft:granite":1,"jujutsucraft:clothes_sukuna_fushiguro_chestplate":2,"minecraft:bread":3,"minecraft:emerald":3,"minecraft:coal":11},"minecraft:broken":{"minecraft:netherite_leggings":2,"minecraft:netherite_boots":2},"minecraft:mined":{"gravestone:gravestone":6,"minecraft:acacia_log":7,"minecraft:spruce_leaves":6,"minecraft:fire":5,"minecraft:acacia_leaves":3,"minecraft:spruce_log":1},"minecraft:custom":{"minecraft:interact_with_anvil":1,"minecraft:mob_kills":1308,"minecraft:damage_dealt_resisted":620832,"minecraft:time_since_death":1515,"minecraft:damage_resisted":107280,"minecraft:climb_one_cm":506,"minecraft:sprint_one_cm":618536,"minecraft:walk_one_cm":460223,"minecraft:drop":55,"minecraft:play_time":110474,"minecraft:deaths":12,"minecraft:sneak_time":635,"minecraft:jump":1736,"minecraft:walk_on_water_one_cm":1040,"minecraft:total_world_time":110474,"minecraft:time_since_rest":1542,"minecraft:damage_taken":17106,"minecraft:damage_absorbed":10866,"minecraft:damage_dealt":15065,"minecraft:fly_one_cm":1925249,"minecraft:player_kills":11,"minecraft:crouch_one_cm":185,"minecraft:fall_one_cm":84668},"minecraft:used":{"minecraft:netherite_sword":103,"minecraft:flint_and_steel":6,"jujutsucraft:fushiguro_megumi_shibuya_spawn_egg":1,"jujutsucraft:sukuna_finger":26,"minecraft:anvil":1,"jujutsucraft:clothes_fushiguro_toji_leggings":2,"jujutsucraft:mahoraga_body_helmet":2,"minecraft:granite":1,"jujutsucraft:clothes_miguel_boots":6,"jujutsucraft:clothes_zenin_boots":7,"jujutsucraft:clothes_sukuna_fushiguro_chestplate":2,"minecraft:netherite_boots":1,"minecraft:netherite_pickaxe":3,"minecraft:enchanted_golden_apple":87,"minecraft:netherite_chestplate":1,"jujutsucraft:uniform_normal_boots":1,"jujutsucraft:eight_handled_swrod_divergent_sila_divine_general_mahoraga_spawn_egg":2,"minecraft:netherite_leggings":1,"minecraft:tnt":64,"minecraft:netherite_helmet":1,"jujutsucraft:uniform_normal_chestplate":1,"jujutsucraft:sword_of_extermination":13,"minecraft:potion":7,"jujutsucraft:uniform_normal_leggings":1,"jujutsucraft:sukuna_body_chestplate":1,"jujutsucraft:sukuna_spawn_egg":1,"jujutsucraft:mahoraga_wheel_helmet":4}},"DataVersion":3465}