{"stats":{"minecraft:killed_by":{"jujutsucraft:cursed_spirit_grade_36":1,"minecraft:player":2,"jujutsucraft:cursed_spirit_grade_05":1,"jujutsucraft:cursed_spirit_grade_317":1},"minecraft:dropped":{"jujutsucraft:uniform_normal_leggings":1,"jujutsucraft:sword_miwa_kasumi":1,"jujutsucraft:sword_black":1,"jujutsucraft:uniform_normal_chestplate":1,"minecraft:stick":2,"minecraft:oak_sapling":1,"minecraft:stone_bricks":3,"jujutsucraft:uniform_normal_boots":1,"minecraft:stone_brick_stairs":1},"minecraft:crafted":{"minecraft:oak_planks":28,"minecraft:crafting_table":1,"minecraft:stone_axe":1,"minecraft:stick":4,"minecraft:stone_pickaxe":1,"minecraft:oak_button":1},"minecraft:killed":{"jujutsucraft:cursed_spirit_grade_32":2,"jujutsucraft:cursed_spirit_grade_33":4,"minecraft:salmon":11,"jujutsucraft:cursed_spirit_grade_318":2,"jujutsucraft:cursed_spirit_grade_316":1,"minecraft:squid":1,"jujutsucraft:cursed_spirit_grade_313":1,"jujutsucraft:cursed_spirit_grade_310":1,"jujutsucraft:cursed_spirit_grade_36":2,"jujutsucraft:cursed_spirit_grade_315":2,"jujutsucraft:cursed_spirit_grade_34":1,"jujutsucraft:cursed_spirit_grade_319":3},"minecraft:mined":{"minecraft:podzol":3,"minecraft:brewing_stand":1,"minecraft:crafting_table":1,"minecraft:grass_block":8,"minecraft:white_stained_glass_pane":2,"minecraft:spruce_leaves":2,"minecraft:spawner":2,"minecraft:furnace":1,"minecraft:iron_ore":2,"minecraft:spruce_log":13,"minecraft:oak_log":7,"minecraft:dirt":4,"minecraft:cobweb":1,"minecraft:stone":5,"minecraft:oak_leaves":1},"minecraft:custom":{"minecraft:inspect_dropper":2,"minecraft:mob_kills":31,"minecraft:interact_with_crafting_table":4,"minecraft:damage_dealt_resisted":1896,"minecraft:leave_game":13,"minecraft:time_since_death":214,"minecraft:climb_one_cm":718,"minecraft:time_since_rest":1,"minecraft:sprint_one_cm":86031,"minecraft:damage_taken":3466,"minecraft:walk_one_cm":107353,"minecraft:drop":11,"minecraft:damage_dealt":84,"minecraft:swim_one_cm":21918,"minecraft:fly_one_cm":179836,"minecraft:player_kills":2,"minecraft:open_chest":2,"minecraft:crouch_one_cm":87,"minecraft:play_time":32188,"minecraft:deaths":7,"minecraft:sneak_time":53,"minecraft:walk_under_water_one_cm":5976,"tombstone:tomb_raiding":1,"minecraft:jump":521,"minecraft:walk_on_water_one_cm":11710,"minecraft:total_world_time":32188,"minecraft:fall_one_cm":18559},"minecraft:used":{"jujutsucraft:sword_black":1,"minecraft:stone_pickaxe":13,"jujutsucraft:uniform_normal_boots":1,"minecraft:dirt":14,"minecraft:crafting_table":1,"jujutsucraft:clothes_fushiguro_toji_leggings":1,"jujutsucraft:clothes_zenin_boots":1,"minecraft:oak_button":1,"jujutsucraft:clothes_sukuna_fushiguro_chestplate":1,"minecraft:stone_bricks":1,"minecraft:stone_axe":15,"minecraft:cobblestone":9,"tombstone:gift":4},"minecraft:picked_up":{"minecraft:crafting_table":1,"minecraft:stone_brick_stairs":1,"minecraft:oak_log":7,"minecraft:brewing_stand":1,"minecraft:dirt":15,"minecraft:stone_bricks":4,"jujutsucraft:sword_black":1,"minecraft:furnace":1,"minecraft:raw_iron":2,"minecraft:spruce_log":13,"minecraft:oak_sapling":1,"minecraft:cobblestone":21}},"DataVersion":3465}