{"stats":{"minecraft:killed_by":{"jujutsucraft:cursed_spirit_grade_24":2,"jujutsucraft:cursed_spirit_grade_05":8,"jujutsucraft:curse_user_1":1,"jujutsucraft:miguel":1,"jujutsucraft:sukuna":1,"jujutsucraft:cursed_spirit_grade_23":1,"jujutsucraft:nishimiya_momo":1,"jujutsucraft:uraume":2,"jujutsucraft:yorozu":1,"jujutsucraft:q":1,"jujutsucraft:cursed_spirit_grade_317":1,"jujutsucraft:cursed_spirit_grade_29":1,"jujutsucraft:cursed_spirit_grade_32":1,"jujutsucraft:yaga_masamichi":1,"jujutsucraft:choso":1,"jujutsucraft:cursed_spirit_grade_36":1,"jujutsucraft:cursed_spirit_grade_15":1,"jujutsucraft:cursed_spirit_grade_39":1,"minecraft:player":9,"jujutsucraft:kenjaku":2,"jujutsucraft:cursed_spirit_grade_12":2,"jujutsucraft:uro_takako":1,"jujutsucraft:cursed_spirit_grade_110":1,"jujutsucraft:yoshino_junpei":1,"jujutsucraft:cursed_spirit_grade_19":1,"jujutsucraft:kusakabe_yatsuya":1,"jujutsucraft:zenin_maki":1,"jujutsucraft:sukuna_fushiguro":1,"jujutsucraft:kurusu_hana":1,"jujutsucraft:inumaki_toge":1,"jujutsucraft:itadori_yuji_shibuya":4},"minecraft:used":{"minecraft:moss_block":1,"minecraft:iron_shovel":85,"minecraft:polished_blackstone":1,"minecraft:ladder":5,"jujutsucraft:slaughter_demon":11,"minecraft:shield":38,"jujutsucraft:sukuna_finger":1,"jujutsucraft:clothes_fushiguro_toji_leggings":2,"minecraft:acacia_sapling":2,"jujutsucraft:clothes_zenin_boots":3,"minecraft:cyan_terracotta":16,"minecraft:grass_block":2,"jujutsucraft:clothes_sukuna_fushiguro_chestplate":1,"jujutsucraft:sword_kusakabe":9,"minecraft:stone_bricks":27,"minecraft:snow":2,"minecraft:sweet_berries":1,"minecraft:furnace":1,"minecraft:egg":2,"minecraft:mossy_stone_bricks":4,"minecraft:spruce_door":2,"minecraft:stone_pickaxe":101,"minecraft:oak_planks":18,"minecraft:blue_bed":2,"minecraft:golden_apple":2,"minecraft:sand":3,"minecraft:light_gray_terracotta":3,"minecraft:crossbow":1,"minecraft:deepslate_tiles":1,"minecraft:stone_button":1,"tombstone:grave_key":2,"minecraft:oak_pressure_plate":1,"minecraft:gravel":1,"jujutsucraft:uniform_normal_leggings":1,"minecraft:andesite":16,"minecraft:smooth_stone_slab":1,"minecraft:coarse_dirt":8,"minecraft:spruce_planks":50,"minecraft:torch":92,"minecraft:dirt":292,"minecraft:cobblestone_wall":2,"minecraft:diamond_helmet":2,"minecraft:granite":15,"minecraft:birch_door":2,"minecraft:dark_oak_planks":28,"tombstone:gift":4,"jujutsucraft:sword_black":106,"minecraft:water_bucket":1,"jujutsucraft:insect_armor_leggings":1,"jujutsucraft:uniform_itadori_chestplate":3,"jujutsucraft:uniform_normal_boots":2,"minecraft:cracked_stone_bricks":2,"minecraft:polished_blackstone_bricks":1,"jujutsucraft:cursed_spirit_armoury_chestplate":2,"tombstone:scroll_of_feather_fall":5,"minecraft:crafting_table":7,"minecraft:spruce_log":1,"minecraft:iron_pickaxe":319,"minecraft:oak_button":1,"tombstone:magic_scroll":1,"minecraft:spruce_sapling":3,"minecraft:stone_axe":52,"minecraft:cobblestone":159,"minecraft:bucket":1},"minecraft:killed":{"jujutsucraft:mimiko":4,"jujutsucraft:cursed_spirit_grade_32":29,"jujutsucraft:inumaki_toge":4,"jujutsucraft:cursed_spirit_grade_31":6,"jujutsucraft:cursed_spirit_grade_33":61,"jujutsucraft:cursed_spirit_grade_11":1,"jujutsucraft:doll_1":1,"jujutsucraft:cursed_spirit_grade_12":4,"jujutsucraft:miguel":1,"jujutsucraft:cursed_spirit_grade_37":2,"jujutsucraft:cursed_spirit_grade_35":3,"jujutsucraft:cursed_spirit_grade_39":45,"minecraft:fox":2,"minecraft:chicken":2,"jujutsucraft:cursed_spirit_grade_19":1,"jujutsucraft:cursed_spirit_grade_16":2,"jujutsucraft:cursed_spirit_grade_38":8,"jujutsucraft:cursed_spirit_grade_34":52,"jujutsucraft:nobara_kugisaki":5,"jujutsucraft:kusakabe_yatsuya":1,"minecraft:wolf":1,"minecraft:pig":2,"jujutsucraft:zenin_chojuro":1,"jujutsucraft:nishimiya_momo":1,"minecraft:salmon":81,"jujutsucraft:awasaka_jiro":2,"minecraft:iron_golem":1,"jujutsucraft:choso":1,"jujutsucraft:curse_user_1":21,"jujutsucraft:cursed_spirit_grade_211":3,"jujutsucraft:itadori_yuji":6,"minecraft:sheep":2,"jujutsucraft:panda_gorilla":1,"jujutsucraft:cursed_spirit_grade_29":4,"jujutsucraft:cursed_spirit_grade_28":2,"minecraft:trader_llama":2,"minecraft:pillager":1,"jujutsucraft:cursed_spirit_grade_314":39,"jujutsucraft:cursed_spirit_grade_17":3,"jujutsucraft:todo_aoi":1,"jujutsucraft:cursed_spirit_grade_110":1,"jujutsucraft:cursed_spirit_grade_315":28,"jujutsucraft:cursed_spirit_grade_212":2,"jujutsucraft:cursed_spirit_grade_06":1,"jujutsucraft:ice_spear":1,"minecraft:cow":3,"jujutsucraft:entity_tornado":2,"jujutsucraft:transfigured_human_3":3,"jujutsucraft:nanako":4,"jujutsucraft:charles_bernard":2,"jujutsucraft:liquid_metal":1,"jujutsucraft:cursed_spirit_grade_24":3,"jujutsucraft:yoshino_junpei":7,"jujutsucraft:cursed_spirit_grade_318":11,"jujutsucraft:cursed_spirit_grade_316":14,"jujutsucraft:cursed_spirit_grade_22":2,"jujutsucraft:kumiya_juzo":2,"jujutsucraft:transfigured_human_2":1,"jujutsucraft:cursed_spirit_grade_01":1,"jujutsucraft:fox_fire":3,"jujutsucraft:shigemo_haruta":7,"jujutsucraft:cursed_spirit_grade_312":4,"jujutsucraft:cursed_spirit_grade_313":8,"jujutsucraft:rozetsu_shikigami":2,"jujutsucraft:cursed_spirit_grade_23":2,"jujutsucraft:itadori_yuji_shibuya":1,"jujutsucraft:cursed_spirit_grade_317":33,"jujutsucraft:transfigured_human_1":1,"jujutsucraft:kukuru":3,"jujutsucraft:jujutsu_sorcerer":4,"minecraft:bat":27,"jujutsucraft:zenin_maki":2,"jujutsucraft:curse_user":3,"jujutsucraft:mechamaru":1,"minecraft:squid":46,"jujutsucraft:entity_scissors":25,"jujutsucraft:cursed_spirit_grade_311":16,"jujutsucraft:cursed_spirit_grade_310":20,"jujutsucraft:negi_toshihisa":6,"jujutsucraft:slicing_exorcism":1,"jujutsucraft:cursed_spirit_grade_36":31,"jujutsucraft:moon_dregs":1,"jujutsucraft:cursed_spirit_grade_319":20,"minecraft:villager":5,"jujutsucraft:kamo_noritoshi":2,"jujutsucraft:q":7,"jujutsucraft:fushiguro_megumi":1},"minecraft:picked_up":{"minecraft:birch_door":12,"minecraft:wheat":8,"jujutsucraft:slaughter_demon":1,"minecraft:flower_pot":32,"minecraft:anvil":1,"jujutsucraft:uniform_normal_boots":2,"minecraft:lead":4,"minecraft:enchanted_book":5,"minecraft:stone_brick_stairs":1,"minecraft:brewing_stand":1,"minecraft:string":111,"minecraft:smooth_stone_slab":6,"minecraft:iron_leggings":1,"minecraft:deepslate_tiles":3,"minecraft:bucket":2,"minecraft:spruce_planks":3,"jujutsucraft:sword_black":5,"minecraft:cobblestone_slab":4,"minecraft:iron_pickaxe":1,"minecraft:furnace":2,"minecraft:stick":6,"minecraft:jungle_door":12,"minecraft:torch":148,"minecraft:acacia_log":2,"minecraft:porkchop":1,"minecraft:diorite":24,"minecraft:brown_carpet":11,"jujutsucraft:uniform_q_leggings":2,"minecraft:cactus":30,"minecraft:rotten_flesh":14,"minecraft:cyan_terracotta":17,"minecraft:iron_bars":4,"minecraft:cod":27,"minecraft:cobblestone":190,"minecraft:enchanting_table":2,"jujutsucraft:recommendation_1":1,"minecraft:iron_door":1,"minecraft:water_bucket":2,"minecraft:andesite":16,"minecraft:flint":1,"jujutsucraft:bullet_ball":4,"minecraft:dirt":354,"minecraft:lantern":4,"minecraft:name_tag":2,"jujutsucraft:pendant_todo_aoi":1,"minecraft:bone":23,"minecraft:wheat_seeds":12,"jujutsucraft:uniform_itadori_chestplate":1,"minecraft:mossy_stone_bricks":4,"minecraft:moss_block":3,"minecraft:oak_planks":5,"minecraft:oak_pressure_plate":1,"minecraft:sand":3,"minecraft:ink_sac":38,"minecraft:grass_block":3,"minecraft:spectral_arrow":2,"minecraft:barrel":1,"minecraft:mossy_cobblestone":2,"minecraft:light_gray_concrete":6,"minecraft:light_gray_terracotta":10,"minecraft:diamond":19,"minecraft:spruce_boat":1,"minecraft:crossbow":1,"minecraft:granite":15,"minecraft:bone_meal":1,"minecraft:golden_apple":3,"minecraft:spruce_sign":9,"minecraft:emerald":12,"minecraft:bread":11,"minecraft:oak_sapling":3,"minecraft:spruce_leaves":1,"minecraft:fishing_rod":1,"minecraft:crafting_table":5,"minecraft:coarse_dirt":10,"minecraft:ladder":33,"minecraft:brown_mushroom":30,"jujutsucraft:clothes_zenin_boots":2,"minecraft:acacia_door":1,"minecraft:snow":2,"minecraft:item_frame":6,"minecraft:cracked_stone_bricks":6,"minecraft:detector_rail":6,"minecraft:beef":7,"minecraft:sugar_cane":6,"minecraft:egg":2,"minecraft:raw_iron":12,"minecraft:polished_blackstone_bricks":1,"minecraft:stone_button":13,"minecraft:redstone":1,"minecraft:iron_horse_armor":2,"minecraft:dark_oak_planks":2,"jujutsucraft:clothes_fushiguro_toji_leggings":1,"minecraft:beetroot_seeds":1,"minecraft:saddle":2,"minecraft:gold_ingot":5,"minecraft:polished_blackstone":2,"minecraft:mutton":1,"minecraft:rail":25,"minecraft:salmon":30,"minecraft:leather":9,"minecraft:fern":1,"jujutsucraft:sukuna_finger":3,"jujutsucraft:sword_kusakabe":2,"minecraft:oak_log":8,"jujutsucraft:sword_option":1,"minecraft:jungle_button":2,"minecraft:cobblestone_wall":8,"minecraft:gunpowder":6,"jujutsucraft:insect_armor_leggings":1,"minecraft:blue_bed":3,"minecraft:paper":2,"tombstone:gift":1,"jujutsucraft:uniform_normal_leggings":1,"minecraft:cooked_mutton":4,"minecraft:podzol":2,"minecraft:apple":4,"minecraft:stone_bricks":40,"minecraft:kelp":3,"minecraft:iron_ingot":8,"minecraft:acacia_sapling":2,"minecraft:book":24,"minecraft:sweet_berries":1,"minecraft:gravel":2,"minecraft:spruce_sapling":7,"minecraft:spruce_log":24,"minecraft:spruce_door":3,"minecraft:pumpkin_seeds":7,"minecraft:stone_axe":1,"jujutsucraft:item_master_reverse_cursed_technique":1,"minecraft:iron_helmet":1,"jujutsucraft:clothes_sukuna_fushiguro_chestplate":1,"tombstone:magic_scroll":2,"minecraft:coal":43,"minecraft:ender_pearl":3},"minecraft:dropped":{"minecraft:spruce_sign":9,"minecraft:brown_mushroom":30,"minecraft:moss_block":2,"minecraft:porkchop":1,"minecraft:oak_log":1,"minecraft:diamond":8,"minecraft:crossbow":1,"minecraft:lantern":4,"minecraft:leather":9,"jujutsucraft:uniform_q_leggings":2,"minecraft:cracked_stone_bricks":4,"minecraft:saddle":1,"minecraft:rail":25,"minecraft:cod":27,"minecraft:item_frame":6,"minecraft:flint":1,"minecraft:emerald":7,"minecraft:spruce_leaves":1,"minecraft:cyan_terracotta":1,"minecraft:dirt":67,"minecraft:jungle_button":2,"minecraft:stone_button":12,"minecraft:mutton":1,"minecraft:bone_meal":1,"minecraft:iron_pickaxe":1,"minecraft:acacia_door":1,"jujutsucraft:sukuna_finger":2,"minecraft:blue_bed":1,"minecraft:gold_ingot":5,"minecraft:bone":7,"minecraft:gravel":2,"minecraft:stone_axe":1,"minecraft:sugar_cane":6,"minecraft:diamond_block":1,"minecraft:detector_rail":4,"jujutsucraft:sword_miwa_kasumi":1,"minecraft:wheat":8,"tombstone:gift":1,"minecraft:rotten_flesh":14,"minecraft:fern":1,"jujutsucraft:naginata":1,"minecraft:cooked_mutton":4,"minecraft:salmon":30,"minecraft:carrot":7,"minecraft:eye_armor_trim_smithing_template":1,"minecraft:rabbit_hide":1,"minecraft:deepslate_tiles":2,"minecraft:gunpowder":6,"minecraft:beetroot_seeds":1,"minecraft:birch_door":10,"minecraft:ladder":31,"minecraft:iron_bars":4,"minecraft:arrow":1,"minecraft:podzol":2,"minecraft:beef":7,"minecraft:stone_brick_stairs":1,"minecraft:enchanting_table":1,"jujutsucraft:sword_option":1,"minecraft:enchanted_book":8,"minecraft:bread":4,"minecraft:wheat_seeds":10,"minecraft:polished_blackstone":1,"jujutsucraft:sword_black":6,"minecraft:cobblestone":52,"minecraft:iron_helmet":2,"minecraft:lead":4,"minecraft:book":24,"minecraft:spectral_arrow":2,"minecraft:spruce_door":2,"minecraft:acacia_log":2,"minecraft:grass_block":1,"minecraft:coal":2,"minecraft:stick":4,"minecraft:iron_block":1,"minecraft:diorite":24,"minecraft:brewing_stand":2,"minecraft:golden_carrot":30,"minecraft:ink_sac":42,"minecraft:torch":8,"tombstone:grave_key":2,"minecraft:rabbit":2,"minecraft:iron_door":1,"minecraft:jungle_door":12,"minecraft:iron_leggings":1,"minecraft:iron_axe":1,"minecraft:cactus":15,"minecraft:paper":2,"minecraft:string":53,"minecraft:spruce_sapling":3,"minecraft:furnace":1,"minecraft:kelp":2,"jujutsucraft:uniform_normal_leggings":2,"minecraft:coarse_dirt":2,"minecraft:cobblestone_wall":5,"minecraft:light_gray_terracotta":6,"minecraft:smooth_stone_slab":1,"minecraft:raw_iron":10,"minecraft:name_tag":3,"minecraft:light_gray_concrete":6,"minecraft:pumpkin_seeds":7,"jujutsucraft:uniform_normal_chestplate":1,"minecraft:cobblestone_slab":4,"minecraft:flower_pot":32,"minecraft:spruce_planks":26,"minecraft:diamond_pickaxe":1,"jujutsucraft:sword_kusakabe":1,"minecraft:oak_sapling":3,"minecraft:stone_bricks":9,"minecraft:barrel":1,"minecraft:brown_carpet":11,"minecraft:spruce_log":8,"minecraft:stone_pickaxe":1,"jujutsucraft:uniform_normal_boots":3,"jujutsucraft:item_master_reverse_cursed_technique":2},"minecraft:custom":{"minecraft:interact_with_crafting_table":13,"minecraft:open_barrel":1,"minecraft:leave_game":55,"minecraft:time_since_death":79823,"minecraft:damage_resisted":68006,"minecraft:sprint_one_cm":3013356,"minecraft:damage_blocked_by_shield":95,"minecraft:drop":303,"minecraft:talked_to_villager":3,"minecraft:play_time":618182,"minecraft:deaths":57,"tombstone:tomb_raiding":3,"minecraft:jump":10980,"minecraft:walk_on_water_one_cm":112184,"minecraft:interact_with_furnace":7,"tombstone:sneak_grave":1,"minecraft:damage_dealt":29772,"minecraft:player_kills":25,"minecraft:crouch_one_cm":7887,"tombstone:villager_killed":5,"minecraft:inspect_dropper":2,"minecraft:mob_kills":793,"minecraft:damage_dealt_resisted":277211,"minecraft:climb_one_cm":68437,"minecraft:walk_one_cm":2103099,"minecraft:sneak_time":2032,"minecraft:walk_under_water_one_cm":73712,"minecraft:total_world_time":618182,"tombstone:raider_killed":1,"minecraft:time_since_rest":79341,"minecraft:damage_absorbed":81,"minecraft:damage_taken":48317,"tombstone:cast_on_ally":0,"minecraft:swim_one_cm":148889,"minecraft:fly_one_cm":3572620,"minecraft:open_chest":49,"minecraft:fall_one_cm":475057},"minecraft:mined":{"minecraft:dark_oak_planks":2,"minecraft:spruce_planks":3,"minecraft:brewing_stand":1,"minecraft:granite":15,"minecraft:grass_block":82,"minecraft:spawner":19,"minecraft:light_blue_stained_glass":29,"minecraft:polished_blackstone_bricks":2,"minecraft:mossy_cobblestone_slab":1,"minecraft:iron_ore":12,"minecraft:fire":5,"minecraft:anvil":1,"minecraft:enchanting_table":1,"minecraft:iron_bars":4,"minecraft:brown_mushroom":1,"minecraft:cyan_terracotta":12,"minecraft:blue_stained_glass":25,"minecraft:powder_snow":37,"minecraft:light_gray_terracotta":9,"minecraft:white_stained_glass_pane":15,"minecraft:dead_bush":1,"minecraft:glass":12,"minecraft:cobblestone":8,"minecraft:oak_planks":8,"minecraft:iron_door":2,"minecraft:smooth_stone_slab":4,"minecraft:grass":19,"minecraft:oak_log":7,"minecraft:dirt":236,"minecraft:sand":3,"minecraft:oak_leaves":28,"minecraft:light_blue_stained_glass_pane":4,"minecraft:deepslate_tiles":2,"minecraft:diamond_ore":14,"minecraft:blue_stained_glass_pane":3,"minecraft:mossy_cobblestone":3,"minecraft:gray_stained_glass_pane":8,"minecraft:white_stained_glass":18,"minecraft:spruce_leaves":50,"minecraft:moss_block":3,"minecraft:large_fern":20,"minecraft:furnace":2,"minecraft:andesite":16,"minecraft:bookshelf":9,"minecraft:cobblestone_slab":2,"minecraft:vine":4,"minecraft:packed_ice":10,"minecraft:stone":166,"minecraft:podzol":19,"minecraft:acacia_leaves":1,"minecraft:glass_pane":24,"minecraft:crafting_table":5,"minecraft:gray_stained_glass":20,"minecraft:tall_grass":2,"minecraft:diorite":12,"minecraft:blue_bed":2,"minecraft:coarse_dirt":11,"minecraft:cobblestone_wall":5,"minecraft:sweet_berry_bush":1,"minecraft:ice":4,"minecraft:spruce_log":20,"minecraft:coal_ore":32,"minecraft:gravel":2,"minecraft:cobweb":8,"minecraft:cracked_stone_bricks":6,"minecraft:stone_bricks":36,"minecraft:polished_blackstone":1,"minecraft:mossy_stone_bricks":4,"minecraft:fern":17},"minecraft:broken":{"minecraft:diamond_helmet":2,"minecraft:iron_leggings":1,"minecraft:shield":1,"minecraft:iron_pickaxe":1},"minecraft:crafted":{"minecraft:oak_planks":28,"tombstone:grave_key":3,"minecraft:oak_button":1,"minecraft:crafting_table":3,"minecraft:spruce_planks":76,"minecraft:shield":1,"minecraft:stick":52,"minecraft:iron_ingot":11,"minecraft:iron_pickaxe":2,"minecraft:stone_pickaxe":1,"minecraft:dark_oak_planks":28,"minecraft:stone_axe":1,"minecraft:air":0,"minecraft:iron_shovel":1,"minecraft:torch":4}},"DataVersion":3465}