{"stat.drop.minecraft.mutton":7,"stat.leaveGame":17,"stat.useItem.minecraft.bookshelf":24,"stat.craftItem.minecraft.iron_axe":2,"stat.pickup.tombstone.familiar_stone":2,"stat.mineBlock.minecraft.sandstone":64,"stat.pickup.srparasites.parasitecanister":6,"stat.useItem.minecraft.planks":102,"stat.useItem.tombstone.familiar_stone":2,"stat.mineBlock.minecraft.web":35,"stat.drop.dynamictrees.birchseed":1,"stat.pickup.minecraft.porkchop":17,"stat.drop.minecraft.wooden_door":4,"stat.pickup.minecraft.glass":54,"stat.useItem.minecraft.water_bucket":10,"stat.drop.minecraft.iron_sword":3,"stat.drop.travelersbackpack.travelers_backpack":2,"stat.pickup.minecraft.rotten_flesh":69,"stat.pickup.minecraft.sand":138,"stat.craftItem.minecraft.stone_axe":1,"stat.pickup.minecraft.cobblestone_wall":4,"stat.craftItem.spartanshields.shield_basic_diamond":1,"stat.craftItem.minecraft.cobblestone_wall":42,"stat.pickup.dynamictrees.spruceseed":12,"stat.mineBlock.minecraft.sand":85,"stat.pickup.elevatorid.elevator_white":1,"stat.drop.minecraft.sand":3,"stat.drop.minecraft.gold_ingot":14,"stat.drop.spartanweaponry.javelin_iron":1,"stat.drop.dynamictrees.spruceseed":3,"stat.craftItem.spartanshields.shield_basic_wood":3,"stat.useItem.minecraft.iron_pickaxe":1624,"stat.drop.minecraft.diamond":13,"stat.useItem.minecraft.spawn_egg":1,"stat.useItem.dynamictrees.darkoakseed":26,"stat.pickup.minecraft.double_plant":1,"stat.pickup.dynamictrees.darkoakseed":35,"stat.craftItem.minecraft.bed":3,"stat.furnaceInteraction":240,"stat.drop.minecraft.gravel":25,"stat.mineBlock.minecraft.rail":136,"stat.craftItem.spartanweaponry.material":36,"stat.killEntity.ZombieVillager":1,"stat.pickup.srparasites.lurecomponent2":1,"stat.pickup.srparasites.lurecomponent1":6,"stat.useItem.dynamictrees.birchseed":46,"stat.pickup.minecraft.beef":200,"stat.pickup.minecraft.furnace":38,"stat.pickup.spartanshields.shield_basic_diamond":2,"stat.craftItem.travelersbackpack.travelers_backpack":1,"stat.drop.minecraft.fishing_rod":1,"stat.pickup.minecraft.iron_chestplate":1,"stat.useItem.minecraft.stone_stairs":3,"stat.pickup.tombstone.magic_scroll":5,"stat.drop.minecraft.lead":2,"stat.drop.spartanweaponry.boomerang_diamond":2,"stat.killEntity.Horse":13,"stat.pickup.minecraft.stone_stairs":2,"stat.mineBlock.minecraft.fence":2,"stat.useItem.minecraft.flint_and_steel":20,"stat.pickup.srparasites.infestedstain":1,"stat.killEntity.Husk":4,"stat.pickup.srparasites.ada_manducater_drop":2,"stat.pickup.minecraft.emerald":9,"stat.pickup.dynamictrees.oakseed":55,"stat.pickup.ironchest.iron_chest":1,"stat.deaths":50,"stat.pickup.minecraft.egg":4,"stat.playOneMinute":692248,"stat.craftItem.minecraft.item_frame":1,"stat.drop.minecraft.string":2,"stat.craftItem.minecraft.iron_pickaxe":5,"stat.mineBlock.minecraft.brown_mushroom_block":4,"stat.pickup.minecraft.item_frame":7,"stat.drop.minecraft.iron_ingot":45,"stat.mineBlock.minecraft.tallgrass":106,"stat.mineBlock.nocubessrpnests.crateorganicsample":1,"stat.chestOpened":84,"stat.drop.srparasites.lurecomponent1":4,"stat.drop.srparasites.lurecomponent2":1,"stat.craftItem.minecraft.sign":6,"stat.useItem.minecraft.stone":28,"stat.pickup.minecraft.arrow":34,"stat.pickup.minecraft.iron_sword":2,"stat.drop.minecraft.iron_pickaxe":2,"stat.mineBlock.elevatorid.elevator_white":1,"stat.craftItem.minecraft.iron_nugget":256,"stat.useItem.minecraft.experience_bottle":2,"stat.fallOneCm":255211,"stat.drop.minecraft.stone":104,"stat.pickup.minecraft.carrot":187,"stat.crouchOneCm":8264,"stat.pickup.minecraft.rail":140,"stat.mineBlock.minecraft.chest":2,"stat.craftItem.minecraft.chest":8,"stat.craftItem.minecraft.iron_ingot":361,"stat.craftingTableInteraction":186,"stat.pickup.nocubessrparmory.twistedarmorbody":1,"stat.pickup.minecraft.wooden_pickaxe":1,"stat.drop.minecraft.double_plant":1,"stat.useItem.minecraft.furnace":34,"stat.useItem.minecraft.reeds":173,"stat.pickup.minecraft.dye":119,"stat.pickup.minecraft.planks":90,"stat.killEntity.Llama":7,"stat.pickup.minecraft.iron_leggings":2,"stat.pickup.minecraft.wheat_seeds":112,"stat.pickup.minecraft.lead":2,"stat.mineBlock.minecraft.gravel":129,"stat.useItem.minecraft.stone_pickaxe":807,"stat.craftItem.minecraft.iron_leggings":4,"stat.useItem.minecraft.wool":11,"stat.mineBlock.minecraft.dirt":40,"stat.craftItem.spartanweaponry.boomerang_diamond":2,"stat.drop.minecraft.reeds":54,"stat.pickup.minecraft.poisonous_potato":1,"stat.drop.minecraft.stick":15,"stat.drop.minecraft.iron_axe":2,"stat.mineBlock.minecraft.monster_egg":2,"stat.useItem.minecraft.torch":129,"stat.drop.tombstone.crafting_ingredient":2,"stat.pickup.minecraft.iron_nugget":5,"stat.useItem.spartanweaponry.javelin_iron":9,"stat.drop.minecraft.rotten_flesh":27,"stat.craftItem.minecraft.stone_stairs":4,"stat.useItem.minecraft.log":10,"stat.pickup.minecraft.crafting_table":12,"stat.useItem.minecraft.cobblestone":1294,"stat.craftItem.minecraft.crafting_table":14,"stat.useItem.minecraft.gravel":3,"stat.mineBlock.minecraft.double_plant":3,"stat.drop.srparasites.parasitecanister":2,"stat.craftItem.minecraft.boat":2,"stat.useItem.dynamictrees.oakseed":25,"stat.mineBlock.minecraft.emerald_ore":2,"stat.pickup.minecraft.log":245,"stat.drop.minecraft.sign":4,"stat.drop.srparasites.infestedstain":1,"stat.pickup.minecraft.iron_pickaxe":3,"stat.drop.minecraft.iron_ore":74,"stat.craftItem.minecraft.gold_ingot":64,"stat.drop.minecraft.planks":1,"stat.pickup.minecraft.wooden_door":4,"stat.entityKilledBy.Enderman":1,"stat.drop.dynamictrees.oakseed":15,"stat.craftItem.minecraft.bucket":3,"stat.craftItem.minecraft.planks":660,"stat.useItem.minecraft.iron_sword":635,"stat.drop.dynamictrees.darkoakseed":1,"stat.craftItem.minecraft.fishing_rod":1,"stat.pickup.minecraft.book":123,"stat.mineBlock.minecraft.log":5,"stat.craftItem.minecraft.wooden_door":3,"stat.useItem.carryon.entity_item":3,"stat.useItem.minecraft.wooden_door":1,"stat.pickup.nocubessrparmory.twistedarmorhelmet":1,"stat.useItem.roost.chicken":1,"stat.craftItem.minecraft.paper":189,"stat.pickup.minecraft.red_flower":10,"stat.sneakTime":3343,"stat.pickup.tombstone.dust_of_vanishing":2,"stat.pickup.minecraft.wool":106,"stat.mineBlock.minecraft.cobblestone_wall":6,"stat.pickup.nocubessrparmory.twistedarmorboots":1,"stat.pickup.nocubessrpnests.crateorganicsample":1,"stat.useItem.minecraft.baked_potato":21,"stat.pickup.minecraft.stone_slab":10,"stat.pickup.minecraft.yellow_flower":1,"stat.useItem.minecraft.fishing_rod":6,"stat.craftItem.minecraft.enchanting_table":1,"stat.pickup.minecraft.bone":53,"stat.useItem.minecraft.iron_axe":206,"stat.drop.minecraft.stone_shovel":3,"stat.mineBlock.minecraft.cobblestone":383,"stat.pickup.minecraft.stone_pickaxe":1,"stat.pickup.minecraft.flint":11,"stat.mineBlock.minecraft.yellow_flower":2,"stat.craftItem.tombstone.grave_key":9,"stat.mineBlock.srparasites.gore":63,"stat.craftItem.minecraft.wool":4,"stat.useItem.minecraft.diamond_sword":415,"stat.drop.nocubessrpnests.wormtooth":4,"stat.pickup.nocubessrpnests.fleshwormspike":1,"stat.swimOneCm":150530,"stat.climbOneCm":51828,"stat.drop.minecraft.cobblestone":273,"stat.useItem.spartanweaponry.boomerang_diamond":6,"stat.useItem.minecraft.dirt":25,"stat.useItem.minecraft.stone_slab2":140,"stat.craftItem.minecraft.furnace":24,"stat.useItem.minecraft.egg":3,"stat.pickup.minecraft.enchanting_table":2,"stat.craftItem.spartanshields.shield_basic_iron":2,"stat.craftItem.minecraft.iron_boots":3,"stat.craftItem.minecraft.spruce_boat":2,"stat.useItem.minecraft.iron_ore":6,"stat.drop.minecraft.ender_pearl":1,"stat.craftItem.minecraft.stone_pickaxe":11,"stat.craftItem.minecraft.cooked_beef":178,"stat.pickup.minecraft.cobblestone":3127,"stat.useItem.minecraft.stone_shovel":166,"stat.flyOneCm":1832778,"stat.pickup.minecraft.sandstone":137,"stat.drop.minecraft.wheat_seeds":6,"stat.useItem.minecraft.cooked_beef":83,"stat.pickup.minecraft.cactus":3,"stat.pickup.minecraft.redstone":89,"stat.mineBlock.minecraft.iron_ore":334,"stat.craftItem.minecraft.book":42,"stat.timeSinceDeath":5538,"stat.useItem.minecraft.sign":5,"stat.drop.minecraft.spider_eye":1,"stat.pickup.minecraft.mutton":53,"stat.pickup.minecraft.mossy_cobblestone":67,"stat.pickup.travelersbackpack.travelers_backpack":2,"stat.pickup.cgm.basic_ammo":128,"stat.mineBlock.minecraft.enchanting_table":2,"stat.drop.minecraft.dirt":11,"stat.killEntity.Wolf":1,"stat.mineBlock.minecraft.coal_ore":152,"stat.drop.minecraft.wool":16,"stat.killEntity.Creeper":3,"stat.talkedToVillager":67,"stat.mineBlock.minecraft.red_mushroom_block":1,"stat.pickup.minecraft.string":44,"stat.mineBlock.minecraft.ladder":2,"stat.pickup.tombstone.crafting_ingredient":9,"stat.useItem.minecraft.milk_bucket":2,"stat.craftItem.minecraft.stone_slab2":0,"stat.drop.nocubessrpnests.crateorganicsample":1,"stat.killEntity.Squid":2,"stat.pickup.srparasites.beckon_drop":1,"stat.sprintOneCm":1460411,"stat.mineBlock.minecraft.stone_slab":8,"stat.craftItem.minecraft.stick":264,"stat.useItem.tombstone.magic_scroll":2,"stat.useItem.minecraft.stone_slab":20,"stat.useItem.carryon.tile_item":5,"stat.mineBlock.minecraft.diamond_ore":130,"stat.mineBlock.minecraft.crafting_table":10,"tombstone:use_vanishing":1,"stat.useItem.minecraft.diamond_pickaxe":1688,"stat.useItem.minecraft.carrot":138,"stat.entityKilledBy.Creeper":1,"stat.pickup.minecraft.spawn_egg":2,"stat.mineBlock.minecraft.planks":14,"stat.drop":176,"stat.drop.tombstone.grave_key":3,"stat.killEntity.Sheep":51,"stat.pickup.tombstone.grave_key":1,"stat.useItem.minecraft.ladder":56,"stat.craftItem.minecraft.emerald":4,"stat.craftItem.minecraft.diamond_pickaxe":3,"stat.pickup.minecraft.iron_block":128,"stat.killEntity.Zombie":50,"stat.craftItem.minecraft.dye":67,"stat.mineBlock.minecraft.gold_ore":61,"stat.diveOneCm":339079,"stat.drop.minecraft.diamond_pickaxe":3,"stat.pickup.minecraft.wheat":56,"stat.mineBlock.minecraft.mossy_cobblestone":71,"stat.craftItem.minecraft.ladder":66,"stat.pickup.minecraft.sign":4,"stat.drop.minecraft.wooden_pickaxe":1,"stat.pickup.minecraft.gravel":126,"stat.drop.minecraft.cooked_beef":6,"stat.craftItem.minecraft.cooked_porkchop":14,"stat.drop.minecraft.ladder":8,"stat.pickup.minecraft.stone_axe":1,"stat.mineBlock.minecraft.deadbush":1,"stat.pickup.minecraft.diamond_sword":1,"stat.craftItem.minecraft.diamond_sword":1,"stat.craftItem.travelersbackpack.backpack_tank":2,"stat.jump":10657,"stat.useItem.minecraft.sand":16,"stat.pickup.minecraft.fence":2,"stat.pickup.minecraft.coal":161,"stat.useItem.dynamictrees.spruceseed":2,"stat.pickup.minecraft.iron_ingot":32,"stat.useItem.minecraft.stone_axe":131,"stat.drop.minecraft.diamond_sword":1,"stat.pickup.minecraft.gunpowder":6,"stat.pickup.cgm.chain_gun":1,"stat.pickup.minecraft.spider_eye":4,"stat.craftItem.minecraft.torch":28,"stat.pickup.minecraft.dirt":54,"stat.craftItem.minecraft.iron_helmet":3,"stat.pickup.minecraft.experience_bottle":44,"stat.pickup.nocubessrpnests.wormtooth":4,"stat.drop.minecraft.bed":1,"stat.pickup.minecraft.iron_ore":338,"stat.pickup.minecraft.stone_shovel":3,"stat.boatOneCm":543842,"stat.pickup.minecraft.gold_ore":60,"stat.mineBlock.minecraft.lapis_ore":17,"stat.craftItem.minecraft.flint_and_steel":1,"stat.pickup.minecraft.iron_axe":2,"stat.mineBlock.minecraft.glass_pane":6,"stat.mineBlock.minecraft.stone_stairs":2,"stat.damageTaken":23428,"stat.pickup.minecraft.leather":163,"stat.mineBlock.minecraft.torch":77,"stat.mineBlock.minecraft.furnace":38,"stat.mineBlock.minecraft.red_flower":11,"stat.useItem.minecraft.wooden_pickaxe":36,"stat.tradedWithVillager":6,"stat.pickup.srparasites.assimilated_flesh":21,"stat.pickup.minecraft.log2":339,"stat.pickup.minecraft.reeds":686,"stat.pickup.minecraft.bed":2,"tombstone:undead_killed":79,"stat.useItem.tombstone.grave_key":15,"stat.pickup.minecraft.potato":41,"stat.damageDealt":53785,"stat.craftItem.minecraft.glass":14,"stat.sleepInBed":6,"stat.killEntity.Silverfish":1,"stat.mineBlock.nocubessrpnests.fleshwormspike":1,"stat.killEntity.Cow":94,"stat.pickup.minecraft.minecart":1,"stat.useItem.minecraft.crafting_table":2,"stat.useItem.tombstone.dust_of_vanishing":1,"stat.killEntity.Pig":13,"stat.craftItem.minecraft.iron_sword":2,"stat.craftItem.minecraft.stone_slab":12,"stat.craftItem.minecraft.stone_shovel":3,"stat.walkOneCm":1866369,"stat.useItem.minecraft.chest":4,"stat.playerKills":3,"stat.pickup.dynamictrees.birchseed":57,"stat.pickup.minecraft.stick":278,"stat.pickup.minecraft.diamond_pickaxe":3,"stat.useItem.minecraft.spruce_boat":2,"stat.mineBlock.srparasites.canisteractive":2,"stat.drop.minecraft.iron_block":64,"stat.useItem.tombstone.gift":3,"stat.pickup.minecraft.stone":309,"stat.craftItem.minecraft.iron_chestplate":3,"stat.pickup.minecraft.ender_pearl":10,"stat.drop.minecraft.egg":1,"stat.pickup.minecraft.cooked_beef":35,"stat.drop.srparasites.assimilated_flesh":4,"stat.pickup.minecraft.ladder":5,"stat.useItem.minecraft.cactus":1,"stat.killEntity.Skeleton":24,"stat.craftItem.travelersbackpack.sleeping_bag_bottom":1,"stat.craftItem.minecraft.bookshelf":27,"stat.killEntity.Chicken":1,"stat.drop.minecraft.crafting_table":1,"stat.killEntity.Spider":16,"stat.pickup.minecraft.bread":4,"stat.pickup.nocubessrparmory.twistedarmorlegs":1,"stat.mobKills":384,"stat.mineBlock.minecraft.bookshelf":41,"stat.craftItem.minecraft.shears":2,"stat.useItem.minecraft.boat":2,"stat.pickup.minecraft.water_bucket":1,"stat.useItem.minecraft.mossy_cobblestone":32,"stat.useItem.minecraft.cobblestone_wall":7,"stat.pickup.minecraft.diamond":127,"stat.pickup.minecraft.beetroot_seeds":3,"stat.pickup.minecraft.torch":80,"stat.entityKilledBy.Silverfish":1,"stat.mineBlock.srparasites.parasitecanister":10,"stat.mineBlock.minecraft.redstone_ore":23,"stat.drop.minecraft.stone_axe":1,"stat.drop.minecraft.beef":11,"stat.drop.minecraft.shears":1,"stat.mineBlock.minecraft.stone":2642,"stat.useItem.minecraft.sandstone":31}