{"stats":{"minecraft:custom":{"minecraft:interact_with_crafting_table":13,"minecraft:leave_game":37,"minecraft:time_since_death":2476,"minecraft:damage_resisted":33284,"minecraft:sprint_one_cm":1991230,"minecraft:damage_blocked_by_shield":95,"minecraft:drop":170,"minecraft:talked_to_villager":1,"minecraft:play_time":422029,"minecraft:deaths":42,"tombstone:tomb_raiding":2,"minecraft:jump":8086,"minecraft:walk_on_water_one_cm":76581,"minecraft:interact_with_furnace":7,"tombstone:sneak_grave":1,"minecraft:damage_dealt":10510,"minecraft:player_kills":17,"minecraft:crouch_one_cm":7473,"tombstone:villager_killed":5,"minecraft:inspect_dropper":2,"minecraft:mob_kills":522,"minecraft:damage_dealt_resisted":164854,"minecraft:climb_one_cm":50719,"minecraft:walk_one_cm":1507543,"minecraft:sneak_time":1789,"minecraft:walk_under_water_one_cm":52075,"minecraft:total_world_time":422029,"tombstone:raider_killed":1,"minecraft:time_since_rest":2385,"minecraft:damage_taken":35617,"minecraft:damage_absorbed":81,"tombstone:cast_on_ally":0,"minecraft:swim_one_cm":127671,"minecraft:fly_one_cm":2166095,"minecraft:open_chest":39,"minecraft:fall_one_cm":322785},"minecraft:mined":{"minecraft:dark_oak_planks":2,"minecraft:brewing_stand":1,"minecraft:granite":15,"minecraft:grass_block":71,"minecraft:spawner":19,"minecraft:light_blue_stained_glass":27,"minecraft:polished_blackstone_bricks":2,"minecraft:mossy_cobblestone_slab":1,"minecraft:iron_ore":12,"minecraft:anvil":1,"minecraft:enchanting_table":1,"minecraft:iron_bars":4,"minecraft:brown_mushroom":1,"minecraft:cyan_terracotta":12,"minecraft:blue_stained_glass":25,"minecraft:powder_snow":26,"minecraft:light_gray_terracotta":6,"minecraft:white_stained_glass_pane":12,"minecraft:dead_bush":1,"minecraft:glass":5,"minecraft:cobblestone":8,"minecraft:oak_planks":8,"minecraft:iron_door":2,"minecraft:smooth_stone_slab":4,"minecraft:grass":4,"minecraft:oak_log":7,"minecraft:sand":3,"minecraft:dirt":195,"minecraft:oak_leaves":22,"minecraft:deepslate_tiles":2,"minecraft:diamond_ore":14,"minecraft:blue_stained_glass_pane":3,"minecraft:mossy_cobblestone":3,"minecraft:gray_stained_glass_pane":3,"minecraft:white_stained_glass":14,"minecraft:spruce_leaves":44,"minecraft:moss_block":2,"minecraft:large_fern":20,"minecraft:furnace":2,"minecraft:andesite":16,"minecraft:bookshelf":9,"minecraft:cobblestone_slab":2,"minecraft:vine":3,"minecraft:stone":163,"minecraft:podzol":19,"minecraft:glass_pane":15,"minecraft:crafting_table":5,"minecraft:gray_stained_glass":18,"minecraft:diorite":12,"minecraft:coarse_dirt":11,"minecraft:cobblestone_wall":5,"minecraft:sweet_berry_bush":1,"minecraft:ice":1,"minecraft:spruce_log":20,"minecraft:coal_ore":32,"minecraft:gravel":2,"minecraft:cobweb":7,"minecraft:cracked_stone_bricks":6,"minecraft:polished_blackstone":1,"minecraft:stone_bricks":33,"minecraft:mossy_stone_bricks":4,"minecraft:fern":17},"minecraft:broken":{"minecraft:diamond_helmet":1,"minecraft:shield":1,"minecraft:iron_pickaxe":1},"minecraft:dropped":{"minecraft:moss_block":1,"minecraft:brown_mushroom":30,"minecraft:diamond":8,"minecraft:crossbow":1,"minecraft:lantern":2,"jujutsucraft:uniform_q_leggings":2,"minecraft:cracked_stone_bricks":4,"minecraft:spruce_leaves":1,"minecraft:emerald":7,"minecraft:flint":1,"minecraft:dirt":63,"minecraft:stone_button":1,"minecraft:bone_meal":1,"minecraft:blue_bed":1,"minecraft:bone":3,"minecraft:gravel":1,"minecraft:stone_axe":1,"minecraft:diamond_block":1,"jujutsucraft:sword_miwa_kasumi":1,"minecraft:wheat":2,"tombstone:gift":1,"minecraft:rotten_flesh":7,"minecraft:fern":1,"jujutsucraft:naginata":1,"minecraft:salmon":15,"minecraft:carrot":7,"minecraft:eye_armor_trim_smithing_template":1,"minecraft:deepslate_tiles":2,"minecraft:beetroot_seeds":1,"minecraft:birch_door":4,"minecraft:ladder":7,"minecraft:iron_bars":4,"minecraft:arrow":1,"minecraft:beef":1,"minecraft:podzol":2,"minecraft:stone_brick_stairs":1,"minecraft:enchanting_table":1,"jujutsucraft:sword_option":1,"minecraft:enchanted_book":5,"minecraft:wheat_seeds":8,"minecraft:iron_helmet":2,"minecraft:cobblestone":49,"jujutsucraft:sword_black":6,"minecraft:spruce_door":2,"minecraft:acacia_log":2,"minecraft:stick":4,"minecraft:iron_block":1,"minecraft:diorite":24,"minecraft:brewing_stand":2,"minecraft:ink_sac":15,"minecraft:torch":8,"tombstone:grave_key":2,"minecraft:iron_door":1,"minecraft:iron_leggings":1,"minecraft:iron_axe":1,"minecraft:paper":2,"minecraft:string":7,"minecraft:spruce_sapling":3,"minecraft:furnace":1,"jujutsucraft:uniform_normal_leggings":2,"minecraft:coarse_dirt":2,"minecraft:cobblestone_wall":2,"minecraft:light_gray_terracotta":3,"minecraft:raw_iron":10,"minecraft:name_tag":1,"jujutsucraft:uniform_normal_chestplate":1,"minecraft:cobblestone_slab":4,"minecraft:spruce_planks":25,"minecraft:diamond_pickaxe":1,"jujutsucraft:sword_kusakabe":1,"minecraft:oak_sapling":2,"minecraft:stone_bricks":7,"minecraft:stone_pickaxe":1,"jujutsucraft:uniform_normal_boots":2,"jujutsucraft:item_master_reverse_cursed_technique":2},"minecraft:picked_up":{"minecraft:birch_door":4,"minecraft:wheat":2,"jujutsucraft:slaughter_demon":1,"minecraft:anvil":1,"jujutsucraft:uniform_normal_boots":1,"minecraft:enchanted_book":3,"minecraft:stone_brick_stairs":1,"minecraft:brewing_stand":1,"minecraft:string":5,"minecraft:smooth_stone_slab":5,"minecraft:iron_leggings":1,"minecraft:deepslate_tiles":2,"jujutsucraft:sword_black":5,"minecraft:cobblestone_slab":4,"minecraft:iron_pickaxe":1,"minecraft:furnace":2,"minecraft:stick":4,"minecraft:torch":9,"minecraft:acacia_log":2,"minecraft:diorite":24,"jujutsucraft:uniform_q_leggings":2,"minecraft:rotten_flesh":7,"minecraft:cyan_terracotta":15,"minecraft:iron_bars":4,"minecraft:cobblestone":186,"minecraft:enchanting_table":1,"jujutsucraft:recommendation_1":1,"minecraft:iron_door":1,"minecraft:andesite":16,"minecraft:flint":1,"minecraft:dirt":302,"minecraft:lantern":3,"jujutsucraft:pendant_todo_aoi":1,"minecraft:bone":3,"minecraft:wheat_seeds":8,"minecraft:mossy_stone_bricks":4,"minecraft:moss_block":1,"minecraft:oak_planks":5,"minecraft:sand":3,"minecraft:ink_sac":11,"minecraft:grass_block":1,"minecraft:mossy_cobblestone":2,"minecraft:light_gray_terracotta":7,"minecraft:diamond":19,"minecraft:crossbow":1,"minecraft:granite":15,"minecraft:spruce_sign":2,"minecraft:bone_meal":1,"minecraft:golden_apple":1,"minecraft:emerald":11,"minecraft:bread":4,"minecraft:oak_sapling":2,"minecraft:fishing_rod":1,"minecraft:spruce_leaves":1,"minecraft:crafting_table":5,"minecraft:coarse_dirt":10,"minecraft:ladder":12,"minecraft:brown_mushroom":30,"minecraft:snow":2,"minecraft:item_frame":2,"minecraft:cracked_stone_bricks":6,"minecraft:beef":1,"minecraft:egg":1,"minecraft:raw_iron":12,"minecraft:polished_blackstone_bricks":1,"minecraft:stone_button":5,"minecraft:dark_oak_planks":2,"minecraft:beetroot_seeds":1,"minecraft:gold_ingot":5,"minecraft:salmon":15,"minecraft:fern":1,"minecraft:oak_log":7,"jujutsucraft:sword_option":1,"minecraft:cobblestone_wall":5,"minecraft:blue_bed":1,"minecraft:paper":2,"tombstone:gift":1,"jujutsucraft:uniform_normal_leggings":1,"minecraft:cooked_mutton":1,"minecraft:podzol":2,"minecraft:apple":4,"minecraft:stone_bricks":37,"minecraft:iron_ingot":5,"minecraft:book":24,"minecraft:sweet_berries":1,"minecraft:gravel":2,"minecraft:spruce_sapling":7,"minecraft:spruce_log":24,"minecraft:spruce_door":1,"minecraft:stone_axe":1,"minecraft:iron_helmet":1,"jujutsucraft:item_master_reverse_cursed_technique":1,"minecraft:coal":33},"minecraft:crafted":{"minecraft:oak_planks":28,"minecraft:oak_button":1,"minecraft:crafting_table":3,"minecraft:spruce_planks":76,"minecraft:shield":1,"minecraft:stick":52,"minecraft:iron_pickaxe":2,"minecraft:iron_ingot":11,"minecraft:stone_pickaxe":1,"minecraft:dark_oak_planks":28,"minecraft:stone_axe":1,"minecraft:air":0,"minecraft:iron_shovel":1,"minecraft:torch":4},"minecraft:killed_by":{"jujutsucraft:cursed_spirit_grade_24":2,"jujutsucraft:cursed_spirit_grade_05":8,"jujutsucraft:curse_user_1":1,"jujutsucraft:miguel":1,"jujutsucraft:cursed_spirit_grade_23":1,"jujutsucraft:nishimiya_momo":1,"jujutsucraft:uraume":2,"jujutsucraft:q":1,"jujutsucraft:cursed_spirit_grade_317":1,"jujutsucraft:cursed_spirit_grade_29":1,"jujutsucraft:yaga_masamichi":1,"jujutsucraft:choso":1,"jujutsucraft:cursed_spirit_grade_36":1,"jujutsucraft:cursed_spirit_grade_39":1,"minecraft:player":7,"jujutsucraft:cursed_spirit_grade_12":2,"jujutsucraft:yoshino_junpei":1,"jujutsucraft:zenin_maki":1,"jujutsucraft:kurusu_hana":1,"jujutsucraft:inumaki_toge":1,"jujutsucraft:itadori_yuji_shibuya":3},"minecraft:used":{"minecraft:iron_shovel":85,"jujutsucraft:slaughter_demon":2,"minecraft:shield":38,"jujutsucraft:clothes_fushiguro_toji_leggings":2,"jujutsucraft:clothes_zenin_boots":2,"minecraft:cyan_terracotta":15,"minecraft:grass_block":1,"jujutsucraft:clothes_sukuna_fushiguro_chestplate":1,"minecraft:stone_bricks":26,"minecraft:snow":2,"minecraft:sweet_berries":1,"minecraft:furnace":1,"minecraft:egg":1,"minecraft:mossy_stone_bricks":4,"minecraft:stone_pickaxe":101,"minecraft:oak_planks":18,"minecraft:golden_apple":2,"minecraft:sand":3,"minecraft:light_gray_terracotta":3,"minecraft:crossbow":1,"minecraft:stone_button":1,"minecraft:gravel":1,"jujutsucraft:uniform_normal_leggings":1,"minecraft:andesite":16,"minecraft:smooth_stone_slab":1,"minecraft:coarse_dirt":8,"minecraft:spruce_planks":40,"minecraft:torch":1,"minecraft:dirt":244,"minecraft:cobblestone_wall":2,"minecraft:diamond_helmet":1,"minecraft:granite":15,"minecraft:dark_oak_planks":28,"tombstone:gift":4,"jujutsucraft:sword_black":106,"jujutsucraft:uniform_normal_boots":2,"minecraft:polished_blackstone_bricks":1,"minecraft:cracked_stone_bricks":2,"tombstone:scroll_of_feather_fall":5,"minecraft:crafting_table":7,"minecraft:spruce_log":1,"minecraft:oak_button":1,"minecraft:iron_pickaxe":307,"tombstone:magic_scroll":1,"minecraft:spruce_sapling":3,"minecraft:stone_axe":52,"minecraft:cobblestone":158},"minecraft:killed":{"jujutsucraft:mimiko":4,"jujutsucraft:cursed_spirit_grade_32":22,"jujutsucraft:inumaki_toge":1,"jujutsucraft:cursed_spirit_grade_31":5,"jujutsucraft:cursed_spirit_grade_33":51,"jujutsucraft:cursed_spirit_grade_11":1,"jujutsucraft:doll_1":1,"jujutsucraft:cursed_spirit_grade_12":2,"jujutsucraft:miguel":1,"jujutsucraft:cursed_spirit_grade_37":1,"jujutsucraft:cursed_spirit_grade_35":2,"jujutsucraft:cursed_spirit_grade_39":33,"minecraft:fox":2,"jujutsucraft:cursed_spirit_grade_19":1,"jujutsucraft:cursed_spirit_grade_38":7,"jujutsucraft:cursed_spirit_grade_34":37,"jujutsucraft:nobara_kugisaki":2,"minecraft:wolf":1,"minecraft:salmon":43,"jujutsucraft:awasaka_jiro":1,"jujutsucraft:choso":1,"jujutsucraft:curse_user_1":13,"jujutsucraft:cursed_spirit_grade_211":2,"jujutsucraft:itadori_yuji":2,"minecraft:sheep":1,"jujutsucraft:cursed_spirit_grade_29":1,"jujutsucraft:cursed_spirit_grade_28":1,"minecraft:pillager":1,"jujutsucraft:cursed_spirit_grade_314":27,"jujutsucraft:cursed_spirit_grade_17":2,"jujutsucraft:todo_aoi":1,"jujutsucraft:cursed_spirit_grade_110":1,"jujutsucraft:cursed_spirit_grade_315":26,"jujutsucraft:cursed_spirit_grade_212":1,"jujutsucraft:ice_spear":1,"jujutsucraft:cursed_spirit_grade_06":1,"minecraft:cow":1,"jujutsucraft:transfigured_human_3":2,"jujutsucraft:nanako":4,"jujutsucraft:liquid_metal":1,"jujutsucraft:cursed_spirit_grade_24":2,"jujutsucraft:yoshino_junpei":5,"jujutsucraft:cursed_spirit_grade_318":8,"jujutsucraft:cursed_spirit_grade_316":10,"jujutsucraft:shigemo_haruta":5,"jujutsucraft:cursed_spirit_grade_312":2,"jujutsucraft:cursed_spirit_grade_313":4,"jujutsucraft:rozetsu_shikigami":1,"jujutsucraft:cursed_spirit_grade_23":1,"jujutsucraft:itadori_yuji_shibuya":1,"jujutsucraft:cursed_spirit_grade_317":24,"jujutsucraft:kukuru":3,"jujutsucraft:jujutsu_sorcerer":3,"minecraft:bat":2,"jujutsucraft:zenin_maki":1,"jujutsucraft:curse_user":2,"jujutsucraft:mechamaru":1,"minecraft:squid":14,"jujutsucraft:entity_scissors":25,"jujutsucraft:cursed_spirit_grade_311":13,"jujutsucraft:cursed_spirit_grade_310":12,"jujutsucraft:negi_toshihisa":5,"jujutsucraft:slicing_exorcism":1,"jujutsucraft:cursed_spirit_grade_36":29,"jujutsucraft:cursed_spirit_grade_319":18,"minecraft:villager":5,"jujutsucraft:kamo_noritoshi":1,"jujutsucraft:q":6}},"DataVersion":3465}