{"stats":{"minecraft:killed_by":{"minecraft:player":2},"minecraft:dropped":{"jujutsucraft:uniform_normal_leggings":1,"jujutsucraft:sukuna_perfect_spawn_egg":1,"gravestone:obituary":1,"minecraft:book":2,"jujutsucraft:sukuna_fushiguro_spawn_egg":1,"jujutsucraft:uniform_normal_boots":1,"jujutsucraft:uniform_normal_chestplate":1,"minecraft:flint_and_steel":1,"jujutsucraft:sukuna_spawn_egg":1},"minecraft:killed":{"jujutsucraft:cursed_spirit_grade_29":1,"jujutsucraft:cursed_spirit_grade_39":4,"jujutsucraft:cursed_spirit_grade_314":1,"jujutsucraft:cursed_spirit_grade_312":2,"jujutsucraft:cursed_spirit_grade_311":1,"minecraft:bee":2,"jujutsucraft:entity_unlimited_void":1,"jujutsucraft:jujutsu_sorcerer":1,"jujutsucraft:nishimiya_momo":1,"jujutsucraft:cursed_spirit_grade_16":1,"jujutsucraft:cursed_spirit_grade_36":3,"jujutsucraft:todo_aoi":1,"jujutsucraft:gojo_satoru":1,"minecraft:bat":2,"jujutsucraft:cursed_spirit_grade_35":1,"jujutsucraft:cursed_spirit_grade_27":1},"minecraft:picked_up":{"minecraft:book":2,"jujutsucraft:sukuna_spawn_egg":1,"minecraft:acacia_log":7,"jujutsucraft:sukuna_finger":1,"minecraft:spruce_log":1,"jujutsucraft:clothes_fushiguro_toji_leggings":1,"jujutsucraft:sukuna_fushiguro_spawn_egg":2,"jujutsucraft:clothes_sukuna_fushiguro_chestplate":1,"minecraft:enchanted_golden_apple":1,"minecraft:acacia_sapling":1,"minecraft:cobblestone":1},"minecraft:mined":{"minecraft:acacia_leaves":3,"minecraft:fire":5,"minecraft:spruce_log":1,"gravestone:gravestone":2,"minecraft:acacia_log":7,"minecraft:spruce_leaves":6},"minecraft:used":{"jujutsucraft:clothes_zenin_boots":1,"minecraft:netherite_sword":103,"minecraft:flint_and_steel":6,"minecraft:netherite_chestplate":1,"jujutsucraft:uniform_normal_boots":1,"jujutsucraft:clothes_sukuna_fushiguro_chestplate":2,"jujutsucraft:fushiguro_megumi_shibuya_spawn_egg":1,"minecraft:netherite_boots":1,"jujutsucraft:eight_handled_swrod_divergent_sila_divine_general_mahoraga_spawn_egg":1,"jujutsucraft:sukuna_finger":25,"minecraft:anvil":1,"minecraft:potion":4,"minecraft:netherite_leggings":1,"minecraft:tnt":64,"jujutsucraft:uniform_normal_leggings":1,"jujutsucraft:clothes_fushiguro_toji_leggings":2,"minecraft:netherite_pickaxe":3,"minecraft:netherite_helmet":1,"jujutsucraft:sukuna_spawn_egg":1,"minecraft:enchanted_golden_apple":2,"jujutsucraft:uniform_normal_chestplate":1},"minecraft:custom":{"minecraft:time_since_rest":3662,"minecraft:damage_absorbed":3,"minecraft:sprint_one_cm":38697,"minecraft:damage_taken":1563,"minecraft:walk_one_cm":98177,"minecraft:interact_with_anvil":1,"minecraft:mob_kills":25,"minecraft:drop":9,"minecraft:damage_dealt":5650,"minecraft:fly_one_cm":425986,"minecraft:player_kills":1,"minecraft:crouch_one_cm":69,"minecraft:play_time":50474,"minecraft:deaths":6,"minecraft:sneak_time":610,"minecraft:jump":357,"minecraft:damage_dealt_resisted":48338,"minecraft:walk_on_water_one_cm":1040,"minecraft:time_since_death":3629,"minecraft:damage_resisted":26,"minecraft:climb_one_cm":330,"minecraft:total_world_time":50474,"minecraft:fall_one_cm":4472}},"DataVersion":3465}