{"stats":{"minecraft:dropped":{"jujutsucraft:uniform_normal_leggings":1,"jujutsucraft:uniform_normal_boots":1,"jujutsucraft:uniform_normal_chestplate":1},"minecraft:picked_up":{"jujutsucraft:sword_black":1,"minecraft:oak_log":7,"minecraft:cobblestone":17},"minecraft:custom":{"minecraft:open_chest":1,"minecraft:time_since_rest":1206,"minecraft:deaths":1,"minecraft:play_time":6538,"minecraft:inspect_dropper":2,"minecraft:sprint_one_cm":10503,"minecraft:damage_taken":780,"minecraft:walk_one_cm":22403,"minecraft:sneak_time":7,"minecraft:walk_under_water_one_cm":2283,"minecraft:mob_kills":3,"minecraft:drop":3,"minecraft:damage_dealt_resisted":295,"minecraft:jump":66,"minecraft:damage_dealt":18,"minecraft:leave_game":3,"minecraft:time_since_death":1671,"minecraft:walk_on_water_one_cm":35,"minecraft:climb_one_cm":244,"minecraft:total_world_time":6538,"minecraft:interact_with_crafting_table":3,"minecraft:fall_one_cm":1855,"minecraft:fly_one_cm":32384},"minecraft:crafted":{"minecraft:oak_planks":28,"minecraft:stone_axe":1,"minecraft:crafting_table":1,"minecraft:stick":4,"minecraft:stone_pickaxe":1},"minecraft:mined":{"minecraft:oak_log":7,"minecraft:stone":2},"minecraft:killed":{"jujutsucraft:cursed_spirit_grade_36":1,"jujutsucraft:cursed_spirit_grade_32":1,"jujutsucraft:cursed_spirit_grade_33":1},"minecraft:used":{"jujutsucraft:clothes_zenin_boots":1,"minecraft:crafting_table":1,"jujutsucraft:clothes_fushiguro_toji_leggings":1,"minecraft:stone_pickaxe":2,"tombstone:gift":2,"jujutsucraft:uniform_normal_boots":1,"jujutsucraft:clothes_sukuna_fushiguro_chestplate":1}},"DataVersion":3465}