{"stat.pickup.minecraft.bone":8,"stat.useItem.minecraft.iron_axe":3,"stat.leaveGame":6,"stat.drop.minecraft.stone_shovel":2,"stat.mineBlock.minecraft.cobblestone":42,"stat.pickup.minecraft.flint":9,"stat.craftItem.minecraft.iron_axe":1,"stat.mineBlock.srparasites.gore":4,"stat.pickup.tombstone.familiar_stone":1,"stat.drop.nocubessrpnests.wormtooth":4,"stat.pickup.nocubessrpnests.fleshwormspike":1,"stat.pickup.srparasites.parasitecanister":1,"stat.swimOneCm":12297,"stat.climbOneCm":84,"stat.useItem.minecraft.planks":6,"stat.useItem.tombstone.familiar_stone":2,"stat.drop.dynamictrees.birchseed":1,"stat.useItem.minecraft.dirt":16,"stat.useItem.minecraft.stone_slab2":37,"stat.pickup.minecraft.rotten_flesh":12,"stat.craftItem.minecraft.furnace":7,"stat.useItem.minecraft.egg":2,"stat.craftItem.minecraft.stone_axe":1,"stat.craftItem.spartanshields.shield_basic_iron":1,"stat.craftItem.minecraft.iron_boots":1,"stat.craftItem.minecraft.stone_pickaxe":8,"stat.craftItem.minecraft.cooked_beef":59,"stat.pickup.minecraft.cobblestone":744,"stat.useItem.minecraft.stone_shovel":108,"stat.flyOneCm":351647,"stat.pickup.dynamictrees.spruceseed":12,"stat.drop.minecraft.wheat_seeds":1,"stat.useItem.minecraft.cooked_beef":26,"stat.mineBlock.minecraft.iron_ore":101,"stat.drop.dynamictrees.spruceseed":3,"stat.timeSinceDeath":9003,"stat.craftItem.spartanshields.shield_basic_wood":1,"stat.useItem.minecraft.iron_pickaxe":193,"stat.useItem.minecraft.sign":3,"stat.drop.minecraft.spider_eye":1,"stat.furnaceInteraction":77,"stat.drop.minecraft.gravel":22,"stat.drop.minecraft.dirt":2,"stat.pickup.srparasites.lurecomponent2":1,"stat.mineBlock.minecraft.coal_ore":60,"stat.pickup.srparasites.lurecomponent1":2,"stat.killEntity.Creeper":1,"stat.pickup.minecraft.string":4,"stat.pickup.minecraft.beef":69,"stat.pickup.minecraft.furnace":6,"stat.pickup.tombstone.crafting_ingredient":5,"stat.craftItem.minecraft.stone_slab2":0,"stat.sprintOneCm":305120,"stat.useItem.minecraft.stone_stairs":3,"stat.craftItem.minecraft.stick":44,"stat.pickup.tombstone.magic_scroll":1,"stat.useItem.tombstone.magic_scroll":1,"stat.pickup.minecraft.stone_stairs":2,"stat.mineBlock.minecraft.diamond_ore":13,"stat.mineBlock.minecraft.crafting_table":1,"stat.pickup.minecraft.emerald":2,"stat.pickup.dynamictrees.oakseed":19,"stat.entityKilledBy.Creeper":1,"stat.deaths":15,"stat.drop":47,"stat.pickup.minecraft.egg":3,"stat.playOneMinute":139248,"stat.drop.tombstone.grave_key":3,"stat.pickup.tombstone.grave_key":1,"stat.craftItem.minecraft.iron_pickaxe":3,"stat.killEntity.Zombie":13,"stat.mineBlock.minecraft.gold_ore":12,"stat.mineBlock.minecraft.tallgrass":11,"stat.diveOneCm":36409,"stat.chestOpened":7,"stat.drop.srparasites.lurecomponent1":2,"stat.drop.srparasites.lurecomponent2":1,"stat.craftItem.minecraft.sign":3,"stat.pickup.minecraft.sign":4,"stat.useItem.minecraft.stone":20,"stat.drop.minecraft.wooden_pickaxe":1,"stat.pickup.minecraft.gravel":95,"stat.pickup.minecraft.arrow":5,"stat.drop.minecraft.cooked_beef":1,"stat.pickup.minecraft.stone_axe":1,"stat.craftItem.minecraft.iron_nugget":256,"stat.jump":2518,"stat.pickup.minecraft.coal":68,"stat.fallOneCm":57618,"stat.useItem.dynamictrees.spruceseed":2,"stat.pickup.minecraft.iron_ingot":32,"stat.drop.minecraft.stone":29,"stat.useItem.minecraft.stone_axe":131,"stat.pickup.minecraft.gunpowder":2,"stat.crouchOneCm":1484,"stat.pickup.minecraft.spider_eye":2,"stat.craftItem.minecraft.chest":2,"stat.craftItem.minecraft.iron_ingot":107,"stat.pickup.minecraft.dirt":24,"stat.craftItem.minecraft.iron_helmet":1,"stat.pickup.nocubessrpnests.wormtooth":4,"stat.craftingTableInteraction":42,"stat.pickup.minecraft.iron_ore":101,"stat.pickup.minecraft.stone_shovel":1,"stat.pickup.minecraft.gold_ore":12,"stat.mineBlock.minecraft.lapis_ore":4,"stat.pickup.minecraft.wooden_pickaxe":1,"stat.mineBlock.minecraft.stone_stairs":2,"stat.damageTaken":6305,"stat.pickup.minecraft.leather":41,"stat.mineBlock.minecraft.torch":22,"stat.mineBlock.minecraft.furnace":6,"stat.useItem.minecraft.wooden_pickaxe":36,"stat.useItem.minecraft.furnace":4,"stat.pickup.srparasites.assimilated_flesh":3,"stat.pickup.minecraft.dye":24,"stat.pickup.minecraft.planks":14,"stat.killEntity.Llama":5,"tombstone:undead_killed":18,"stat.pickup.minecraft.wheat_seeds":1,"stat.mineBlock.minecraft.gravel":104,"stat.useItem.minecraft.stone_pickaxe":807,"stat.craftItem.minecraft.iron_leggings":2,"stat.damageDealt":12554,"stat.killEntity.Silverfish":1,"stat.mineBlock.nocubessrpnests.fleshwormspike":1,"stat.killEntity.Cow":39,"stat.mineBlock.minecraft.dirt":16,"stat.craftItem.minecraft.iron_sword":1,"stat.craftItem.minecraft.stone_shovel":2,"stat.mineBlock.minecraft.monster_egg":2,"stat.walkOneCm":467495,"stat.useItem.minecraft.torch":14,"stat.useItem.minecraft.chest":1,"stat.playerKills":1,"stat.pickup.dynamictrees.birchseed":1,"stat.pickup.minecraft.stick":39,"stat.drop.tombstone.crafting_ingredient":2,"stat.pickup.minecraft.iron_nugget":5,"stat.drop.minecraft.rotten_flesh":1,"stat.craftItem.minecraft.stone_stairs":4,"stat.useItem.minecraft.log":5,"stat.pickup.minecraft.crafting_table":1,"stat.useItem.minecraft.cobblestone":447,"stat.craftItem.minecraft.crafting_table":1,"stat.useItem.minecraft.gravel":3,"stat.mineBlock.minecraft.double_plant":1,"stat.useItem.dynamictrees.oakseed":3,"stat.mineBlock.minecraft.emerald_ore":2,"stat.pickup.minecraft.log":91,"stat.drop.minecraft.sign":4,"stat.useItem.tombstone.gift":1,"stat.craftItem.minecraft.gold_ingot":12,"stat.pickup.minecraft.stone":129,"stat.craftItem.minecraft.iron_chestplate":1,"stat.drop.minecraft.egg":1,"stat.entityKilledBy.Enderman":1,"stat.pickup.minecraft.cooked_beef":3,"stat.drop.srparasites.assimilated_flesh":1,"stat.killEntity.Skeleton":5,"stat.drop.dynamictrees.oakseed":15,"stat.craftItem.minecraft.planks":124,"stat.useItem.minecraft.iron_sword":101,"stat.killEntity.Spider":4,"stat.mobKills":89,"stat.mineBlock.minecraft.log":5,"stat.pickup.minecraft.diamond":13,"stat.pickup.minecraft.torch":24,"stat.entityKilledBy.Silverfish":1,"stat.sneakTime":548,"stat.drop.minecraft.stone_axe":1,"stat.mineBlock.minecraft.stone":767}