{"stats":{"minecraft:killed_by":{"minecraft:player":1},"minecraft:dropped":{"jujutsucraft:uniform_normal_boots":1,"jujutsucraft:uniform_normal_chestplate":1,"jujutsucraft:uniform_normal_leggings":1},"minecraft:mined":{"gravestone:gravestone":1},"minecraft:used":{"jujutsucraft:uniform_normal_boots":1,"jujutsucraft:uniform_normal_chestplate":1,"jujutsucraft:uniform_normal_leggings":1},"minecraft:custom":{"minecraft:jump":26,"minecraft:time_since_rest":164,"minecraft:deaths":1,"minecraft:damage_taken":288,"minecraft:sprint_one_cm":690,"minecraft:play_time":2474,"minecraft:walk_on_water_one_cm":75,"minecraft:time_since_death":127,"minecraft:walk_one_cm":3114,"minecraft:climb_one_cm":202,"minecraft:total_world_time":2474,"minecraft:drop":3,"minecraft:fall_one_cm":1045,"minecraft:fly_one_cm":1179}},"DataVersion":3465}