{"stats":{"minecraft:killed_by":{"minecraft:player":2},"minecraft:dropped":{"jujutsucraft:uniform_normal_leggings":1,"jujutsucraft:sukuna_perfect_spawn_egg":1,"minecraft:book":2,"jujutsucraft:sukuna_fushiguro_spawn_egg":1,"jujutsucraft:uniform_normal_boots":1,"jujutsucraft:uniform_normal_chestplate":1,"minecraft:flint_and_steel":1,"jujutsucraft:sukuna_spawn_egg":1},"minecraft:killed":{"jujutsucraft:cursed_spirit_grade_314":1,"jujutsucraft:cursed_spirit_grade_312":2,"minecraft:bee":1,"jujutsucraft:entity_unlimited_void":1,"jujutsucraft:jujutsu_sorcerer":1,"minecraft:bat":1,"jujutsucraft:cursed_spirit_grade_35":1},"minecraft:picked_up":{"minecraft:book":2,"jujutsucraft:sukuna_spawn_egg":1,"minecraft:acacia_log":7,"jujutsucraft:sukuna_finger":1,"minecraft:spruce_log":1,"jujutsucraft:clothes_fushiguro_toji_leggings":1,"jujutsucraft:sukuna_fushiguro_spawn_egg":2,"jujutsucraft:clothes_sukuna_fushiguro_chestplate":1,"minecraft:enchanted_golden_apple":1,"minecraft:acacia_sapling":1,"minecraft:cobblestone":1},"minecraft:mined":{"minecraft:acacia_leaves":3,"minecraft:fire":5,"minecraft:spruce_log":1,"gravestone:gravestone":1,"minecraft:acacia_log":7,"minecraft:spruce_leaves":6},"minecraft:used":{"jujutsucraft:clothes_zenin_boots":1,"minecraft:netherite_sword":103,"minecraft:flint_and_steel":6,"jujutsucraft:uniform_normal_boots":1,"jujutsucraft:clothes_sukuna_fushiguro_chestplate":2,"jujutsucraft:fushiguro_megumi_shibuya_spawn_egg":1,"jujutsucraft:eight_handled_swrod_divergent_sila_divine_general_mahoraga_spawn_egg":1,"jujutsucraft:sukuna_finger":25,"minecraft:potion":1,"minecraft:tnt":64,"jujutsucraft:uniform_normal_leggings":1,"jujutsucraft:clothes_fushiguro_toji_leggings":2,"minecraft:netherite_pickaxe":3,"jujutsucraft:sukuna_spawn_egg":1,"jujutsucraft:uniform_normal_chestplate":1},"minecraft:custom":{"minecraft:time_since_rest":18579,"minecraft:sprint_one_cm":18894,"minecraft:damage_taken":1563,"minecraft:walk_one_cm":60524,"minecraft:mob_kills":9,"minecraft:drop":8,"minecraft:damage_dealt":3398,"minecraft:fly_one_cm":320136,"minecraft:crouch_one_cm":69,"minecraft:play_time":38474,"minecraft:deaths":5,"minecraft:sneak_time":567,"minecraft:jump":285,"minecraft:damage_dealt_resisted":24594,"minecraft:walk_on_water_one_cm":1040,"minecraft:time_since_death":18548,"minecraft:climb_one_cm":330,"minecraft:total_world_time":38474,"minecraft:fall_one_cm":3077}},"DataVersion":3465}