{"stat.useItem.minecraft.bow":1,"stat.leaveGame":9,"stat.craftItem.minecraft.iron_axe":1,"stat.mineBlock.minecraft.sandstone":143,"stat.pickup.srparasites.parasitecanister":1,"stat.pickup.minecraft.fishing_rod":1,"stat.useItem.minecraft.planks":5,"stat.useItem.minecraft.water_bucket":31,"stat.pickup.minecraft.rotten_flesh":42,"stat.pickup.minecraft.sand":519,"stat.useItem.minecraft.sandstone_stairs":8,"stat.craftItem.minecraft.stone_axe":2,"stat.killEntity.Enderman":4,"stat.craftItem.minecraft.stone_sword":1,"stat.pickup.dynamictrees.spruceseed":10,"stat.craftItem.minecraft.iron_shovel":1,"stat.useItem.minecraft.ender_pearl":2,"stat.mineBlock.minecraft.sand":521,"stat.pickup.spartanshields.shield_basic_stone":1,"stat.drop.minecraft.sand":5,"stat.craftItem.spartanshields.shield_basic_wood":2,"stat.useItem.minecraft.iron_pickaxe":231,"stat.useItem.minecraft.spawn_egg":1,"stat.craftItem.minecraft.wooden_pickaxe":1,"stat.useItem.minecraft.iron_shovel":502,"stat.craftItem.minecraft.glass_pane":16,"stat.furnaceInteraction":150,"stat.craftItem.spartanweaponry.material":4,"stat.killEntity.ZombieVillager":1,"stat.pickup.srparasites.lurecomponent2":3,"stat.pickup.srparasites.lurecomponent1":14,"stat.pickup.minecraft.beef":136,"stat.pickup.minecraft.furnace":6,"stat.craftItem.travelersbackpack.travelers_backpack":1,"stat.useItem.spartanweaponry.saber_iron":397,"stat.pickup.minecraft.skull":2,"stat.pickup.tombstone.magic_scroll":3,"stat.mineBlock.minecraft.fence":1,"stat.useItem.minecraft.wheat_seeds":14,"stat.killEntity.Husk":2,"stat.useItem.minecraft.lingering_potion":5,"stat.pickup.minecraft.emerald":18,"stat.craftItem.securitycraft.laser_block":1,"stat.pickup.dynamictrees.oakseed":56,"stat.pickup.ironchest.iron_chest":4,"stat.deaths":31,"stat.pickup.minecraft.egg":3,"stat.playOneMinute":395684,"stat.craftItem.minecraft.iron_pickaxe":1,"stat.pickup.minecraft.glass_pane":15,"stat.drop.minecraft.torch":1,"stat.mineBlock.nocubessrpnests.fleshwormteeth":15,"stat.mineBlock.minecraft.tallgrass":27,"stat.craftItem.minecraft.cooked_mutton":3,"stat.pickup.minecraft.cooked_mutton":3,"stat.chestOpened":12,"stat.useItem.minecraft.stone":111,"stat.pickup.minecraft.arrow":21,"stat.pickup.minecraft.wooden_pressure_plate":1,"stat.craftItem.minecraft.coal":9,"stat.drop.minecraft.iron_pickaxe":1,"stat.fallOneCm":188594,"stat.drop.minecraft.stone":46,"stat.crouchOneCm":115633,"stat.craftItem.minecraft.iron_ingot":200,"stat.craftItem.minecraft.chest":1,"stat.craftingTableInteraction":80,"stat.pickup.minecraft.milk_bucket":1,"stat.pickup.minecraft.feather":2,"stat.useItem.minecraft.furnace":4,"stat.pickup.minecraft.dye":55,"stat.pickup.minecraft.planks":200,"stat.pickup.minecraft.iron_leggings":1,"stat.pickup.minecraft.wheat_seeds":24,"stat.mineBlock.minecraft.gravel":53,"stat.useItem.minecraft.stone_pickaxe":1049,"stat.useItem.minecraft.stone_sword":141,"stat.craftItem.minecraft.iron_leggings":1,"stat.mineBlock.minecraft.dirt":17,"stat.mineBlock.minecraft.monster_egg":1,"stat.drop.spartanweaponry.saber_stone":1,"stat.useItem.minecraft.torch":311,"stat.drop.tombstone.crafting_ingredient":4,"stat.craftItem.minecraft.redstone_block":30,"stat.drop.minecraft.rotten_flesh":5,"stat.useItem.ironchest.iron_chest":1,"stat.pickup.minecraft.crafting_table":4,"stat.useItem.minecraft.cobblestone":575,"stat.craftItem.minecraft.crafting_table":4,"stat.mineBlock.minecraft.double_plant":2,"stat.drop.srparasites.parasitecanister":1,"stat.craftItem.minecraft.boat":1,"stat.useItem.dynamictrees.oakseed":6,"stat.mineBlock.minecraft.emerald_ore":10,"stat.pickup.minecraft.log":74,"stat.drop.minecraft.chicken":1,"stat.craftItem.tombstone.dust_of_vanishing":4,"stat.craftItem.spartanweaponry.saber_iron":2,"stat.pickup.minecraft.iron_pickaxe":1,"stat.craftItem.minecraft.gold_ingot":48,"stat.pickup.minecraft.chicken":2,"stat.entityKilledBy.Enderman":1,"stat.mineBlock.nocubessrpnests.fleshwormacid":12,"stat.craftItem.minecraft.bucket":2,"stat.craftItem.minecraft.planks":244,"stat.craftItem.minecraft.fishing_rod":1,"stat.craftItem.minecraft.wooden_door":3,"stat.useItem.minecraft.wooden_door":2,"stat.pickup.minecraft.red_flower":4,"stat.sneakTime":36878,"stat.pickup.minecraft.wool":2,"stat.useItem.minecraft.fishing_rod":25,"stat.pickup.minecraft.bone":26,"stat.useItem.minecraft.iron_axe":6,"stat.drop.minecraft.stone_shovel":1,"stat.mineBlock.minecraft.cobblestone":107,"stat.pickup.minecraft.stone_pickaxe":1,"stat.pickup.minecraft.flint":5,"stat.craftItem.tombstone.grave_key":3,"stat.mineBlock.srparasites.gore":186,"stat.useItem.minecraft.diamond_sword":8,"stat.craftItem.minecraft.wool":2,"stat.pickup.nocubessrpnests.fleshwormspike":1,"stat.swimOneCm":111672,"stat.climbOneCm":1206,"stat.drop.minecraft.cobblestone":66,"stat.useItem.minecraft.dirt":27,"stat.mineBlock.ironchest.iron_chest":2,"stat.useItem.minecraft.stone_slab2":149,"stat.pickup.minecraft.bow":1,"stat.pickup.minecraft.iron_boots":1,"stat.drop.spartanshields.shield_basic_stone":1,"stat.craftItem.minecraft.furnace":4,"stat.useItem.minecraft.egg":4,"stat.craftItem.spartanshields.shield_basic_iron":1,"stat.craftItem.minecraft.iron_boots":2,"stat.pickup.minecraft.anvil":1,"stat.craftItem.minecraft.stone_pickaxe":8,"stat.craftItem.minecraft.cooked_beef":129,"stat.mineBlock.minecraft.obsidian":30,"stat.pickup.minecraft.cobblestone":3505,"stat.useItem.minecraft.stone_shovel":76,"stat.flyOneCm":1156675,"stat.pickup.minecraft.sandstone":128,"stat.drop.minecraft.wheat_seeds":6,"stat.useItem.minecraft.cooked_beef":67,"stat.pickup.minecraft.cactus":8,"stat.pickup.minecraft.redstone":280,"stat.mineBlock.minecraft.iron_ore":207,"stat.timeSinceDeath":14395,"stat.pickup.minecraft.mutton":3,"stat.craftItem.minecraft.iron_block":3,"stat.craftItem.minecraft.stonebrick":56,"stat.pickup.travelersbackpack.travelers_backpack":1,"stat.useItem.minecraft.potato":1,"stat.drop.minecraft.dirt":14,"stat.mineBlock.minecraft.coal_ore":288,"stat.killEntity.Creeper":7,"stat.talkedToVillager":57,"stat.pickup.minecraft.string":15,"stat.pickup.spartanweaponry.material":2,"stat.pickup.tombstone.crafting_ingredient":9,"stat.useItem.spartanweaponry.saber_stone":3,"stat.useItem.minecraft.milk_bucket":3,"stat.entityKilledBy.Skeleton":3,"stat.craftItem.minecraft.stone_slab2":0,"stat.pickup.minecraft.sandstone_stairs":1,"stat.killEntity.Squid":5,"stat.sprintOneCm":1167543,"stat.craftItem.minecraft.stick":128,"stat.useItem.tombstone.magic_scroll":8,"stat.craftItem.minecraft.stone":64,"stat.mineBlock.minecraft.diamond_ore":6,"stat.mineBlock.minecraft.crafting_table":4,"tombstone:use_vanishing":2,"stat.useItem.minecraft.diamond_pickaxe":2011,"stat.drop.tombstone.dust_of_vanishing":2,"stat.mineBlock.minecraft.planks":3,"stat.drop":46,"stat.craftItem.spartanshields.shield_basic_stone":1,"stat.killEntity.Sheep":2,"stat.craftItem.minecraft.emerald":22,"stat.craftItem.minecraft.diamond_pickaxe":2,"stat.killEntity.Zombie":27,"stat.craftItem.minecraft.dye":4,"stat.craftItem.minecraft.sandstone_stairs":8,"stat.mineBlock.minecraft.gold_ore":52,"stat.diveOneCm":43353,"stat.craftItem.minecraft.sandstone":114,"stat.pickup.minecraft.wheat":22,"stat.drop.minecraft.wooden_pickaxe":1,"stat.pickup.minecraft.gravel":200,"stat.drop.minecraft.cooked_beef":45,"stat.mineBlock.minecraft.anvil":1,"stat.pickup.minecraft.stone_axe":1,"stat.mineBlock.minecraft.deadbush":1,"stat.pickup.minecraft.obsidian":33,"stat.craftItem.travelersbackpack.backpack_tank":2,"stat.jump":8302,"stat.useItem.minecraft.sand":16,"stat.pickup.minecraft.coal":354,"stat.pickup.minecraft.iron_helmet":1,"stat.pickup.minecraft.iron_ingot":95,"stat.useItem.minecraft.stone_axe":19,"stat.pickup.minecraft.gunpowder":7,"stat.pickup.minecraft.spider_eye":7,"stat.craftItem.minecraft.torch":296,"stat.pickup.minecraft.dirt":70,"stat.craftItem.minecraft.iron_helmet":2,"stat.pickup.nocubessrpnests.wormtooth":15,"stat.pickup.minecraft.iron_ore":207,"stat.pickup.minecraft.stone_shovel":1,"stat.drop.spartanweaponry.saber_iron":2,"stat.boatOneCm":54977,"stat.pickup.minecraft.gold_ore":52,"stat.mineBlock.minecraft.lapis_ore":13,"stat.damageTaken":12644,"stat.pickup.minecraft.leather":125,"stat.mineBlock.minecraft.furnace":6,"stat.mineBlock.minecraft.torch":16,"stat.mineBlock.minecraft.red_flower":6,"stat.useItem.minecraft.wooden_pickaxe":9,"stat.tradedWithVillager":23,"stat.pickup.srparasites.assimilated_flesh":21,"stat.mineBlock.minecraft.sandstone_stairs":1,"stat.pickup.minecraft.reeds":3,"tombstone:undead_killed":48,"stat.useItem.tombstone.grave_key":3,"stat.pickup.minecraft.potato":8,"stat.damageDealt":34646,"stat.craftItem.minecraft.glass":115,"stat.pickup.spartanweaponry.saber_iron":2,"stat.craftItem.minecraft.anvil":1,"stat.mineBlock.nocubessrpnests.fleshwormspike":1,"stat.killEntity.Silverfish":1,"stat.killEntity.Cow":68,"stat.craftItem.spartanweaponry.saber_stone":1,"stat.craftItem.minecraft.stone_shovel":1,"stat.craftItem.securitycraft.universal_block_reinforcer_lvl1":1,"stat.pickup.minecraft.boat":2,"stat.walkOneCm":842096,"stat.playerKills":1,"stat.drop.minecraft.wheat":11,"stat.pickup.minecraft.stick":42,"stat.pickup.minecraft.diamond_pickaxe":1,"stat.useItem.tombstone.gift":2,"stat.pickup.minecraft.stone":299,"stat.craftItem.minecraft.iron_chestplate":2,"stat.drop.minecraft.potato":4,"stat.pickup.minecraft.cooked_beef":43,"stat.pickup.minecraft.gold_ingot":20,"stat.killEntity.Skeleton":18,"stat.craftItem.travelersbackpack.sleeping_bag_bottom":1,"stat.pickup.dynamictrees.cactusseed":3,"stat.killEntity.Chicken":1,"stat.mineBlock.srparasites.infestremain":27,"stat.killEntity.Spider":13,"stat.craftItem.ironchest.wood_iron_chest_upgrade":2,"stat.mobKills":245,"stat.drop.tombstone.magic_scroll":1,"stat.useItem.minecraft.boat":2,"stat.craftItem.minecraft.lead":2,"stat.pickup.minecraft.diamond":6,"stat.mineBlock.srparasites.parasitecanister":2,"stat.pickup.minecraft.torch":29,"stat.mineBlock.minecraft.redstone_ore":62,"stat.drop.minecraft.stone_axe":2,"stat.drop.minecraft.beef":1,"stat.mineBlock.minecraft.stone":2321,"stat.useItem.minecraft.sandstone":215}