{"stats":{"minecraft:killed_by":{"jujutsucraft:cursed_spirit_grade_311":1,"jujutsucraft:cursed_spirit_grade_39":1,"minecraft:player":6,"jujutsucraft:cursed_spirit_grade_12":1,"jujutsucraft:curse_user":3,"jujutsucraft:cursed_spirit_grade_23":1,"jujutsucraft:nishimiya_momo":1,"jujutsucraft:kumiya_juzo":1,"jujutsucraft:q":1,"jujutsucraft:shigemo_haruta":1},"minecraft:dropped":{"minecraft:porkchop":12,"minecraft:cobblestone":58,"jujutsucraft:sword_black":1,"minecraft:granite":38,"minecraft:spruce_button":64,"minecraft:stick":31,"minecraft:dirt":1,"minecraft:mutton":4,"minecraft:moss_carpet":1,"jujutsucraft:uniform_normal_leggings":1,"minecraft:stone_sword":2,"minecraft:composter":1,"minecraft:oak_planks":16,"jujutsucraft:uniform_normal_chestplate":1,"minecraft:gray_terracotta":3,"minecraft:shield":1,"jujutsucraft:recommendation_1":1,"minecraft:wooden_pickaxe":1,"jujutsucraft:uniform_normal_boots":1},"minecraft:crafted":{"minecraft:oak_planks":120,"minecraft:spruce_button":64,"minecraft:furnace":1,"minecraft:iron_axe":1,"tombstone:grave_key":1,"minecraft:ladder":15,"minecraft:stone_pickaxe":2,"minecraft:chest":1,"minecraft:crafting_table":3,"minecraft:spruce_planks":340,"minecraft:wooden_pickaxe":1,"minecraft:stone_axe":1,"minecraft:air":0,"minecraft:jungle_planks":12,"minecraft:shield":1,"minecraft:stick":88,"minecraft:iron_ingot":3,"minecraft:iron_pickaxe":1,"minecraft:stone_sword":1,"minecraft:torch":56},"minecraft:killed":{"jujutsucraft:cursed_spirit_grade_32":1,"jujutsucraft:transfigured_human_3":1,"jujutsucraft:cursed_spirit_grade_33":17,"jujutsucraft:cursed_spirit_grade_39":4,"jujutsucraft:cursed_spirit_grade_312":1,"jujutsucraft:cursed_spirit_grade_317":5,"jujutsucraft:cursed_spirit_grade_38":3,"jujutsucraft:cursed_spirit_grade_34":2,"minecraft:pig":3,"jujutsucraft:curse_user":1,"minecraft:sheep":4,"jujutsucraft:cursed_spirit_grade_314":4,"jujutsucraft:cursed_spirit_grade_311":4,"jujutsucraft:cursed_spirit_grade_310":2,"jujutsucraft:cursed_spirit_grade_36":3,"jujutsucraft:cursed_spirit_grade_315":2,"jujutsucraft:cursed_spirit_grade_319":1,"jujutsucraft:q":1},"minecraft:mined":{"minecraft:spruce_planks":3,"minecraft:potted_cactus":1,"minecraft:gray_stained_glass_pane":2,"minecraft:granite":23,"minecraft:grass_block":3,"minecraft:jungle_log":3,"minecraft:spruce_leaves":5,"minecraft:composter":2,"minecraft:large_fern":2,"minecraft:furnace":3,"minecraft:iron_ore":3,"minecraft:black_concrete":1,"minecraft:moss_carpet":1,"minecraft:vine":2,"minecraft:stone":208,"minecraft:podzol":3,"minecraft:gray_terracotta":1,"minecraft:glass_pane":8,"minecraft:powder_snow":96,"minecraft:crafting_table":3,"minecraft:gray_stained_glass":5,"minecraft:chest":4,"minecraft:glass":14,"minecraft:cobblestone":9,"minecraft:lapis_ore":5,"minecraft:sugar_cane":1,"minecraft:oak_planks":10,"minecraft:wall_torch":3,"minecraft:spruce_log":86,"minecraft:grass":1,"minecraft:oak_log":34,"minecraft:coal_ore":49,"minecraft:dirt":13,"minecraft:cobweb":1,"minecraft:stone_bricks":10,"minecraft:oak_leaves":11},"minecraft:broken":{"minecraft:stone_pickaxe":2,"minecraft:stone_axe":1},"minecraft:custom":{"minecraft:mob_kills":60,"minecraft:interact_with_crafting_table":17,"minecraft:open_barrel":10,"minecraft:damage_dealt_resisted":4804,"minecraft:leave_game":15,"minecraft:time_since_death":179,"minecraft:climb_one_cm":9863,"minecraft:damage_resisted":1931,"minecraft:sprint_one_cm":520581,"minecraft:walk_one_cm":410562,"minecraft:damage_blocked_by_shield":339,"minecraft:drop":28,"minecraft:talked_to_villager":4,"minecraft:play_time":173148,"minecraft:deaths":27,"minecraft:sneak_time":10533,"minecraft:walk_under_water_one_cm":39205,"minecraft:jump":3335,"minecraft:walk_on_water_one_cm":91363,"minecraft:total_world_time":173148,"minecraft:interact_with_furnace":13,"minecraft:sleep_in_bed":2,"minecraft:time_since_rest":1,"minecraft:damage_taken":14772,"minecraft:damage_dealt":24,"minecraft:swim_one_cm":6642,"minecraft:fly_one_cm":668486,"minecraft:player_kills":3,"minecraft:open_chest":45,"minecraft:crouch_one_cm":30170,"minecraft:fall_one_cm":149349},"minecraft:used":{"minecraft:stone_sword":2,"minecraft:ladder":6,"minecraft:chest":4,"minecraft:spruce_planks":143,"minecraft:shield":10,"minecraft:stone":2,"minecraft:torch":37,"jujutsucraft:clothes_hakari_kinji_helmet":1,"minecraft:dirt":20,"minecraft:jungle_planks":2,"minecraft:iron_axe":17,"minecraft:grass_block":2,"minecraft:stone_bricks":7,"jujutsucraft:clothes_hakari_kinji_leggings":1,"minecraft:oak_sapling":1,"minecraft:furnace":4,"minecraft:podzol":1,"tombstone:gift":3,"jujutsucraft:sword_black":20,"minecraft:stone_pickaxe":264,"minecraft:oak_planks":56,"minecraft:wooden_pickaxe":9,"minecraft:vine":4,"minecraft:crafting_table":5,"minecraft:black_bed":1,"jujutsucraft:clothes_hakari_kinji_chestplate":1,"minecraft:spruce_log":2,"minecraft:iron_pickaxe":58,"jujutsucraft:clothes_hakari_kinji_boots":1,"tombstone:grave_key":1,"minecraft:stone_axe":132,"minecraft:cobblestone":136},"minecraft:picked_up":{"minecraft:crafting_table":3,"minecraft:wheat":4,"minecraft:diamond_horse_armor":1,"minecraft:shield":1,"minecraft:music_disc_cat":1,"minecraft:string":6,"minecraft:moss_carpet":1,"minecraft:spruce_planks":3,"jujutsucraft:sword_black":2,"minecraft:sugar_cane":2,"minecraft:chest":3,"minecraft:furnace":3,"minecraft:stick":3,"minecraft:raw_iron":3,"minecraft:stone":2,"minecraft:composter":1,"minecraft:torch":2,"minecraft:porkchop":12,"minecraft:vine":4,"minecraft:redstone":1,"minecraft:stone_sword":2,"minecraft:rotten_flesh":7,"minecraft:mutton":4,"minecraft:white_wool":3,"minecraft:cobblestone":213,"minecraft:salmon":9,"minecraft:jungle_log":3,"minecraft:oak_log":30,"minecraft:gunpowder":6,"minecraft:lapis_lazuli":36,"minecraft:dirt":21,"minecraft:podzol":1,"minecraft:stone_bricks":10,"minecraft:gray_terracotta":3,"minecraft:iron_ingot":4,"jujutsucraft:sword_miwa_kasumi":1,"minecraft:oak_planks":12,"minecraft:spruce_sapling":1,"minecraft:grass_block":2,"minecraft:spruce_log":85,"minecraft:diamond":3,"minecraft:black_concrete":1,"minecraft:granite":38,"minecraft:golden_apple":1,"minecraft:oak_sapling":1,"minecraft:coal":58}},"DataVersion":3465}