{"stat.walkOneCm":160274,"stat.useItem.minecraft.torch":37,"stat.pickup.minecraft.stick":21,"stat.drop.tombstone.crafting_ingredient":4,"stat.drop.minecraft.wooden_pickaxe":1,"stat.leaveGame":1,"stat.mineBlock.minecraft.cobblestone":9,"stat.pickup.minecraft.crafting_table":2,"stat.drop.minecraft.cooked_beef":3,"stat.useItem.minecraft.cobblestone":193,"stat.craftItem.minecraft.crafting_table":2,"stat.furnaceInteraction":19,"stat.pickup.minecraft.stone_axe":1,"stat.killEntity.ZombieVillager":1,"stat.pickup.srparasites.lurecomponent2":1,"stat.drop.srparasites.parasitecanister":1,"stat.mineBlock.srparasites.gore":20,"stat.mineBlock.minecraft.coal_ore":29,"stat.pickup.srparasites.lurecomponent1":3,"stat.useItem.minecraft.diamond_sword":8,"stat.useItem.dynamictrees.oakseed":5,"stat.craftItem.minecraft.coal":9,"stat.pickup.minecraft.log":56,"stat.pickup.srparasites.parasitecanister":1,"stat.jump":1062,"stat.swimOneCm":11011,"stat.drop.minecraft.chicken":1,"stat.pickup.minecraft.coal":34,"stat.fallOneCm":23283,"stat.pickup.minecraft.beef":17,"stat.useItem.tombstone.gift":1,"stat.pickup.minecraft.furnace":1,"stat.pickup.tombstone.crafting_ingredient":5,"stat.useItem.minecraft.milk_bucket":3,"stat.useItem.minecraft.stone_axe":7,"stat.craftItem.minecraft.stone_slab2":0,"stat.pickup.minecraft.stone":1,"stat.crouchOneCm":8190,"stat.pickup.minecraft.chicken":2,"stat.craftItem.minecraft.torch":48,"stat.pickup.minecraft.dirt":7,"stat.sprintOneCm":183590,"stat.useItem.minecraft.stone_slab2":62,"stat.entityKilledBy.Enderman":1,"stat.craftItem.minecraft.stick":56,"stat.craftingTableInteraction":14,"stat.pickup.minecraft.rotten_flesh":7,"stat.craftItem.minecraft.furnace":1,"stat.pickup.minecraft.milk_bucket":1,"stat.craftItem.minecraft.planks":172,"stat.killEntity.Chicken":1,"stat.useItem.minecraft.egg":3,"stat.craftItem.minecraft.stone_axe":2,"stat.damageTaken":2726,"stat.pickup.minecraft.feather":2,"stat.mineBlock.minecraft.crafting_table":2,"stat.pickup.minecraft.leather":9,"stat.craftItem.minecraft.stone_pickaxe":5,"stat.mineBlock.minecraft.furnace":1,"stat.mineBlock.minecraft.torch":6,"stat.useItem.minecraft.wooden_pickaxe":9,"stat.craftItem.minecraft.cooked_beef":12,"stat.mobKills":30,"stat.pickup.minecraft.cobblestone":401,"stat.pickup.dynamictrees.oakseed":29,"stat.pickup.srparasites.assimilated_flesh":2,"stat.pickup.minecraft.planks":79,"stat.craftItem.minecraft.stone_sword":1,"stat.flyOneCm":163100,"stat.deaths":9,"stat.pickup.dynamictrees.spruceseed":1,"tombstone:undead_killed":5,"stat.pickup.minecraft.wheat_seeds":2,"stat.drop":11,"stat.pickup.minecraft.egg":2,"stat.playOneMinute":50869,"stat.craftItem.spartanshields.shield_basic_stone":1,"stat.drop.minecraft.wheat_seeds":1,"stat.mineBlock.srparasites.parasitecanister":1,"stat.pickup.minecraft.torch":7,"stat.useItem.minecraft.stone_pickaxe":430,"stat.useItem.minecraft.cooked_beef":4,"stat.sneakTime":2459,"stat.useItem.minecraft.stone_sword":78,"stat.damageDealt":3989,"stat.drop.minecraft.stone_axe":2,"stat.killEntity.Zombie":4,"stat.timeSinceDeath":2895,"stat.craftItem.spartanshields.shield_basic_wood":1,"stat.killEntity.Cow":10,"stat.useItem.minecraft.spawn_egg":1,"stat.craftItem.minecraft.wooden_pickaxe":1,"stat.mineBlock.minecraft.stone":394,"stat.mineBlock.minecraft.tallgrass":10,"stat.diveOneCm":6590}