{"stats":{"minecraft:custom":{"minecraft:interact_with_crafting_table":29,"minecraft:open_barrel":11,"minecraft:leave_game":27,"minecraft:time_since_death":10267,"minecraft:damage_resisted":38779,"minecraft:sprint_one_cm":2176252,"minecraft:damage_blocked_by_shield":2762,"minecraft:drop":187,"minecraft:talked_to_villager":17,"minecraft:play_time":508284,"minecraft:deaths":68,"tombstone:tomb_raiding":3,"minecraft:jump":8142,"minecraft:walk_on_water_one_cm":174726,"minecraft:enchant_item":2,"minecraft:interact_with_furnace":30,"minecraft:sleep_in_bed":4,"minecraft:damage_dealt":1111,"minecraft:player_kills":10,"minecraft:crouch_one_cm":62418,"tombstone:villager_killed":3,"minecraft:interact_with_anvil":1,"minecraft:mob_kills":329,"minecraft:damage_dealt_resisted":81852,"minecraft:climb_one_cm":38210,"minecraft:walk_one_cm":1392870,"minecraft:sneak_time":20426,"minecraft:walk_under_water_one_cm":96787,"minecraft:boat_one_cm":1260,"minecraft:total_world_time":508284,"minecraft:time_since_rest":10025,"minecraft:damage_absorbed":200,"minecraft:damage_taken":51790,"tombstone:cast_on_ally":0,"minecraft:swim_one_cm":67961,"minecraft:fly_one_cm":2385316,"minecraft:open_chest":171,"minecraft:fall_one_cm":384134},"minecraft:mined":{"minecraft:spruce_planks":9,"minecraft:cobblestone_stairs":1,"minecraft:potted_cactus":1,"minecraft:granite":25,"minecraft:grass_block":4,"minecraft:jungle_log":3,"minecraft:cracked_polished_blackstone_bricks":1,"minecraft:polished_diorite":12,"minecraft:composter":2,"minecraft:spawner":8,"minecraft:light_blue_stained_glass":3,"minecraft:polished_blackstone_bricks":1,"minecraft:iron_ore":12,"minecraft:pumpkin":14,"minecraft:moss_carpet":1,"minecraft:anvil":2,"minecraft:enchanting_table":3,"minecraft:iron_block":2,"minecraft:gray_terracotta":1,"minecraft:quartz_block":3,"minecraft:cyan_terracotta":1,"minecraft:blue_stained_glass":1,"minecraft:powder_snow":124,"minecraft:torch":1,"minecraft:light_gray_terracotta":3,"minecraft:chest":14,"minecraft:white_stained_glass_pane":2,"minecraft:glass":14,"minecraft:cobblestone":17,"minecraft:oak_planks":11,"minecraft:sugar_cane":1,"minecraft:wall_torch":5,"minecraft:black_bed":4,"minecraft:smooth_stone_slab":2,"minecraft:grass":2,"minecraft:oak_log":34,"minecraft:dirt":28,"minecraft:oak_leaves":15,"minecraft:emerald_block":1,"minecraft:light_blue_stained_glass_pane":4,"minecraft:diamond_ore":6,"minecraft:blue_stained_glass_pane":3,"minecraft:mossy_cobblestone":1,"minecraft:gray_stained_glass_pane":2,"minecraft:white_stained_glass":13,"minecraft:spruce_leaves":10,"minecraft:moss_block":1,"minecraft:large_fern":4,"minecraft:furnace":8,"minecraft:andesite":12,"minecraft:diamond_block":1,"minecraft:black_concrete":1,"minecraft:bookshelf":15,"minecraft:vine":2,"minecraft:rail":1,"ironchest:iron_chest":1,"minecraft:stone":410,"minecraft:podzol":3,"minecraft:glass_pane":13,"minecraft:crafting_table":7,"minecraft:gray_stained_glass":17,"minecraft:lapis_ore":5,"minecraft:blue_bed":1,"minecraft:spruce_stairs":5,"minecraft:sweet_berry_bush":2,"minecraft:spruce_log":93,"minecraft:coal_ore":62,"minecraft:cobweb":3,"minecraft:stone_bricks":29,"minecraft:fern":1},"minecraft:broken":{"minecraft:stone_pickaxe":2,"minecraft:stone_axe":1,"minecraft:shield":2},"minecraft:dropped":{"minecraft:porkchop":12,"jujutsucraft:insect_armor_leggings":2,"minecraft:ender_pearl":4,"minecraft:diamond":1,"minecraft:crafting_table":1,"jujutsucraft:clothes_hakari_kinji_leggings":1,"jujutsucraft:clothes_hakari_kinji_boots":1,"minecraft:iron_horse_armor":2,"minecraft:cod":23,"minecraft:item_frame":1,"minecraft:cyan_terracotta":1,"minecraft:dirt":33,"minecraft:grass":1,"minecraft:packed_ice":1,"minecraft:stone_button":2,"minecraft:mutton":4,"minecraft:snowball":3,"minecraft:white_stained_glass_pane":3,"jujutsucraft:insect_armor_helmet":2,"minecraft:polished_blackstone_bricks":1,"minecraft:iron_pickaxe":1,"minecraft:black_concrete":1,"minecraft:acacia_door":1,"minecraft:white_wool":2,"minecraft:fishing_rod":1,"jujutsucraft:bullet_ball":58,"minecraft:bone":1,"minecraft:gravel":1,"minecraft:stone_axe":1,"minecraft:detector_rail":2,"minecraft:wheat":4,"jujutsucraft:clothes_sukuna_fushiguro_chestplate":1,"minecraft:rotten_flesh":18,"minecraft:oak_planks":16,"minecraft:enchanted_golden_apple":1,"minecraft:cooked_mutton":1,"minecraft:salmon":1,"jujutsucraft:clothes_fushiguro_toji_leggings":1,"minecraft:gunpowder":16,"minecraft:beetroot_seeds":4,"minecraft:melon_seeds":4,"minecraft:birch_door":2,"minecraft:ladder":13,"minecraft:oak_leaves":4,"minecraft:enchanting_table":2,"jujutsucraft:clothes_hakari_kinji_helmet":1,"minecraft:enchanted_book":2,"minecraft:bread":2,"minecraft:vine":4,"minecraft:wheat_seeds":3,"minecraft:mossy_cobblestone":2,"minecraft:bookshelf":1,"minecraft:cobblestone":88,"jujutsucraft:sword_black":10,"minecraft:apple":4,"minecraft:granite":40,"minecraft:spruce_button":64,"minecraft:spruce_door":2,"minecraft:spruce_stairs":1,"minecraft:grass_block":8,"minecraft:golden_apple":2,"minecraft:stick":35,"jujutsucraft:slaughter_demon":1,"jujutsucraft:insect_armor_chestplate":2,"tombstone:grave_key":2,"minecraft:jungle_door":3,"minecraft:iron_leggings":1,"minecraft:iron_axe":2,"minecraft:cactus":18,"minecraft:iron_shovel":2,"minecraft:music_disc_cat":1,"minecraft:spruce_sapling":1,"minecraft:redstone":8,"minecraft:snow_block":3,"minecraft:polished_diorite":11,"minecraft:anvil":4,"minecraft:moss_carpet":1,"minecraft:kelp":2,"jujutsucraft:cursed_spirit_armoury_chestplate":1,"jujutsucraft:uniform_normal_leggings":1,"minecraft:stone_sword":2,"minecraft:cobblestone_wall":1,"minecraft:smooth_stone_slab":2,"minecraft:light_gray_terracotta":2,"minecraft:composter":1,"minecraft:pumpkin_seeds":8,"jujutsucraft:uniform_normal_chestplate":1,"minecraft:potato":6,"minecraft:gray_terracotta":3,"minecraft:spruce_boat":2,"minecraft:stone":3,"minecraft:shield":1,"minecraft:flower_pot":13,"jujutsucraft:recommendation_1":1,"jujutsucraft:sword_kusakabe":1,"minecraft:redstone_torch":2,"jujutsucraft:clothes_zenin_boots":1,"minecraft:spruce_log":4,"minecraft:wooden_pickaxe":1,"jujutsucraft:uniform_normal_boots":2,"jujutsucraft:item_master_reverse_cursed_technique":2,"jujutsucraft:clothes_hakari_kinji_chestplate":1},"minecraft:picked_up":{"minecraft:birch_door":2,"minecraft:wheat":10,"jujutsucraft:clothes_hakari_kinji_boots":1,"minecraft:flower_pot":1,"minecraft:anvil":7,"jujutsucraft:insect_armor_chestplate":1,"jujutsucraft:uniform_normal_boots":1,"minecraft:enchanted_book":8,"tombstone:grave_key":3,"minecraft:brewing_stand":4,"minecraft:music_disc_cat":2,"minecraft:string":136,"minecraft:smooth_stone_slab":4,"minecraft:iron_leggings":1,"jujutsucraft:clothes_hakari_kinji_helmet":3,"minecraft:eye_armor_trim_smithing_template":3,"minecraft:spruce_planks":130,"jujutsucraft:sword_black":11,"minecraft:redstone_torch":2,"minecraft:iron_pickaxe":1,"minecraft:enchanted_golden_apple":1,"minecraft:dark_oak_door":2,"minecraft:furnace":9,"minecraft:stick":52,"minecraft:jungle_door":11,"minecraft:composter":1,"minecraft:torch":12,"minecraft:acacia_log":6,"minecraft:spruce_stairs":8,"minecraft:snow_block":7,"jujutsucraft:sword_okkotsu_yuta":1,"minecraft:porkchop":12,"tombstone:grave_dust":8,"minecraft:vine":10,"minecraft:brown_carpet":2,"minecraft:stone_sword":2,"minecraft:cactus":15,"minecraft:rotten_flesh":66,"minecraft:iron_block":3,"minecraft:cyan_terracotta":2,"minecraft:cod":23,"minecraft:snowball":9,"minecraft:cobblestone":501,"minecraft:enchanting_table":8,"minecraft:andesite":36,"minecraft:jungle_log":3,"minecraft:black_bed":4,"minecraft:potato":13,"jujutsucraft:bullet_ball":60,"tombstone:familiar_receptacle":1,"minecraft:lapis_lazuli":74,"minecraft:dirt":77,"minecraft:name_tag":4,"jujutsucraft:pendant_todo_aoi":1,"minecraft:bone":22,"minecraft:gray_terracotta":3,"minecraft:wheat_seeds":7,"tombstone:scroll_of_reach":1,"minecraft:mossy_stone_bricks":1,"minecraft:diamond_helmet":2,"minecraft:bamboo":2,"minecraft:oak_planks":13,"jujutsucraft:clothes_hakari_kinji_leggings":2,"minecraft:music_disc_13":1,"minecraft:oak_pressure_plate":16,"minecraft:sand":5,"minecraft:ink_sac":38,"minecraft:grass_block":6,"minecraft:diamond_block":1,"minecraft:spectral_arrow":1,"minecraft:mossy_cobblestone":3,"minecraft:light_gray_terracotta":8,"minecraft:diamond":25,"minecraft:spruce_boat":2,"minecraft:black_concrete":2,"minecraft:cracked_polished_blackstone_bricks":1,"minecraft:granite":40,"minecraft:bone_meal":1,"minecraft:golden_apple":6,"minecraft:emerald":31,"minecraft:spruce_sign":1,"minecraft:bread":37,"minecraft:oak_sapling":1,"minecraft:oak_leaves":4,"minecraft:diamond_pickaxe":1,"minecraft:fishing_rod":1,"minecraft:crafting_table":9,"minecraft:allium":2,"minecraft:clay_ball":7,"minecraft:ladder":25,"minecraft:brown_mushroom":3,"minecraft:packed_ice":2,"minecraft:diamond_horse_armor":2,"minecraft:shield":1,"jujutsucraft:clothes_zenin_boots":1,"minecraft:moss_carpet":1,"minecraft:iron_axe":3,"minecraft:acacia_door":2,"minecraft:item_frame":8,"minecraft:iron_shovel":2,"minecraft:cracked_stone_bricks":1,"minecraft:detector_rail":2,"minecraft:poppy":2,"minecraft:sugar_cane":6,"minecraft:chest":16,"minecraft:egg":4,"minecraft:raw_iron":22,"minecraft:stone":4,"ironchest:iron_chest":1,"minecraft:polished_blackstone_bricks":1,"minecraft:stone_button":13,"minecraft:redstone":4,"minecraft:iron_horse_armor":4,"jujutsucraft:insect_armor_helmet":1,"jujutsucraft:clothes_fushiguro_toji_leggings":1,"minecraft:beetroot_seeds":24,"minecraft:saddle":2,"minecraft:gold_ingot":15,"minecraft:mutton":10,"minecraft:rail":28,"minecraft:white_wool":10,"jujutsucraft:mahoraga_wheel_helmet":1,"minecraft:salmon":71,"minecraft:oak_log":30,"jujutsucraft:sword_kusakabe":1,"minecraft:cobblestone_wall":2,"minecraft:gunpowder":23,"minecraft:cobblestone_stairs":1,"jujutsucraft:insect_armor_leggings":1,"tombstone:gift":1,"minecraft:cooked_mutton":1,"minecraft:podzol":1,"jujutsucraft:clothes_hakari_kinji_chestplate":1,"minecraft:apple":4,"minecraft:stone_bricks":52,"minecraft:iron_ingot":34,"jujutsucraft:sword_miwa_kasumi":2,"minecraft:dark_oak_stairs":1,"minecraft:book":78,"minecraft:white_stained_glass_pane":2,"minecraft:emerald_block":2,"minecraft:pumpkin":14,"minecraft:sweet_berries":13,"minecraft:gravel":1,"minecraft:spruce_sapling":3,"jujutsucraft:cursed_spirit_armoury_chestplate":2,"minecraft:spruce_log":96,"minecraft:spruce_door":8,"minecraft:pumpkin_seeds":12,"minecraft:polished_diorite":23,"jujutsucraft:item_master_reverse_cursed_technique":3,"minecraft:iron_helmet":1,"jujutsucraft:clothes_sukuna_fushiguro_chestplate":1,"minecraft:melon_seeds":4,"minecraft:coal":139,"minecraft:ender_pearl":10},"minecraft:killed_by":{"jujutsucraft:itadori_yuji":1,"jujutsucraft:cursed_spirit_grade_05":2,"jujutsucraft:cursed_spirit_grade_23":1,"jujutsucraft:nishimiya_momo":1,"jujutsucraft:uraume":2,"jujutsucraft:zenin_naoya":1,"jujutsucraft:q":1,"jujutsucraft:eight_handled_swrod_divergent_sila_divine_general_mahoraga":1,"jujutsucraft:cursed_spirit_grade_311":1,"jujutsucraft:cursed_spirit_grade_39":1,"minecraft:player":22,"jujutsucraft:cursed_spirit_grade_12":5,"minecraft:iron_golem":1,"jujutsucraft:yoshino_junpei":3,"jujutsucraft:cursed_spirit_grade_315":1,"jujutsucraft:curse_user":3,"jujutsucraft:kumiya_juzo":2,"jujutsucraft:shigemo_haruta":1,"jujutsucraft:itadori_yuji_shibuya":4},"minecraft:crafted":{"minecraft:oak_planks":120,"minecraft:bookshelf":4,"tombstone:grave_key":4,"minecraft:chest":2,"minecraft:crafting_table":3,"minecraft:spruce_planks":432,"minecraft:wooden_pickaxe":1,"minecraft:diamond_pickaxe":1,"minecraft:shield":2,"minecraft:stick":112,"minecraft:iron_ingot":25,"minecraft:iron_pickaxe":1,"minecraft:stone_sword":1,"minecraft:spruce_button":64,"minecraft:furnace":1,"minecraft:iron_axe":1,"minecraft:ladder":15,"minecraft:stone_pickaxe":2,"minecraft:spruce_boat":2,"minecraft:stone_axe":1,"minecraft:air":0,"minecraft:jungle_planks":12,"minecraft:torch":56,"ironchest:iron_chest":1},"minecraft:used":{"jujutsucraft:curse_user_1_spawn_egg":1,"minecraft:ladder":8,"minecraft:chest":11,"minecraft:shield":104,"minecraft:stone":3,"minecraft:farmland":23,"jujutsucraft:jujutsu_sorcerer_spawn_egg":2,"jujutsucraft:cursed_spirit_grade_02_spawn_egg":1,"jujutsucraft:clothes_fushiguro_toji_leggings":1,"minecraft:jungle_planks":2,"minecraft:carrot":12,"ironchest:iron_chest":2,"minecraft:spruce_boat":1,"jujutsucraft:clothes_zenin_boots":1,"minecraft:villager_spawn_egg":3,"minecraft:grass_block":7,"minecraft:iron_helmet":2,"jujutsucraft:clothes_sukuna_fushiguro_chestplate":1,"minecraft:stone_bricks":13,"minecraft:item_frame":2,"minecraft:oak_sapling":1,"minecraft:furnace":10,"minecraft:egg":6,"jujutsucraft:cursed_spirit_grade_12_spawn_egg":1,"minecraft:stone_pickaxe":264,"minecraft:oak_planks":57,"minecraft:ender_pearl":3,"minecraft:wooden_pickaxe":9,"minecraft:blue_bed":1,"jujutsucraft:q_spawn_egg":1,"minecraft:golden_apple":5,"minecraft:light_gray_terracotta":2,"minecraft:black_bed":5,"jujutsucraft:clothes_hakari_kinji_chestplate":10,"jujutsucraft:curse_user_spawn_egg":1,"minecraft:redstone_torch":1,"jujutsucraft:sword_okkotsu_yuta":4,"jujutsucraft:tsukumo_yuki_spawn_egg":1,"minecraft:stone_button":1,"jujutsucraft:clothes_hakari_kinji_boots":3,"tombstone:grave_key":15,"minecraft:oak_pressure_plate":5,"jujutsucraft:shikigami_pterosaur_spawn_egg":1,"jujutsucraft:gojo_satoru_spawn_egg":1,"minecraft:smooth_stone_slab":2,"minecraft:stone_sword":2,"minecraft:enchanting_table":2,"jujutsucraft:cursed_spirit_grade_03_spawn_egg":1,"minecraft:redstone":1,"minecraft:spruce_planks":168,"minecraft:torch":114,"jujutsucraft:clothes_hakari_kinji_helmet":5,"minecraft:dirt":65,"minecraft:anvil":1,"minecraft:spruce_stairs":3,"minecraft:diamond_helmet":2,"minecraft:polished_diorite":7,"minecraft:bookshelf":3,"minecraft:iron_axe":85,"jujutsucraft:clothes_hakari_kinji_leggings":2,"minecraft:podzol":1,"tombstone:gift":5,"minecraft:wheat_seeds":6,"jujutsucraft:sword_black":62,"minecraft:water_bucket":2,"tombstone:scroll_of_reach":1,"minecraft:cobblestone_stairs":1,"minecraft:dirt_path":18,"minecraft:snow_block":1,"jujutsucraft:cursed_spirit_grade_11_spawn_egg":1,"minecraft:iron_golem_spawn_egg":38,"jujutsucraft:uniform_normal_boots":1,"minecraft:mossy_cobblestone":1,"jujutsucraft:cursed_spirit_armoury_chestplate":7,"minecraft:vine":4,"minecraft:oak_slab":5,"minecraft:crafting_table":10,"minecraft:spruce_log":2,"minecraft:diamond_pickaxe":347,"minecraft:iron_pickaxe":58,"minecraft:stone_axe":132,"enchantinginfuser:enchanting_infuser":1,"jujutsucraft:cursed_spirit_grade_05_spawn_egg":1,"minecraft:cobblestone":217},"minecraft:killed":{"jujutsucraft:mimiko":1,"jujutsucraft:cursed_spirit_grade_32":23,"jujutsucraft:cursed_spirit_grade_31":2,"jujutsucraft:cursed_spirit_grade_33":43,"jujutsucraft:cursed_spirit_grade_11":1,"jujutsucraft:cursed_spirit_grade_12":2,"jujutsucraft:cursed_spirit_grade_35":2,"jujutsucraft:cursed_spirit_grade_39":26,"jujutsucraft:cursed_spirit_grade_19":1,"jujutsucraft:cursed_spirit_grade_38":8,"jujutsucraft:cursed_spirit_grade_34":32,"jujutsucraft:hazenoki":1,"minecraft:wolf":1,"minecraft:pig":3,"minecraft:salmon":3,"jujutsucraft:curse_user_1":5,"jujutsucraft:cursed_spirit_grade_211":1,"jujutsucraft:itadori_yuji":1,"minecraft:sheep":7,"jujutsucraft:cursed_spirit_grade_314":17,"jujutsucraft:cursed_spirit_grade_17":1,"jujutsucraft:cursed_spirit_grade_315":9,"jujutsucraft:cursed_spirit_grade_212":1,"jujutsucraft:transfigured_human_3":2,"jujutsucraft:nanako":3,"jujutsucraft:cursed_spirit_grade_318":1,"jujutsucraft:cursed_spirit_grade_316":5,"jujutsucraft:kumiya_juzo":2,"jujutsucraft:transfigured_human_2":2,"jujutsucraft:shikigami_pterosaur":1,"jujutsucraft:shigemo_haruta":3,"jujutsucraft:cursed_spirit_grade_312":5,"takesapillage:clay_golem":1,"jujutsucraft:cursed_spirit_grade_317":26,"minecraft:rabbit":1,"minecraft:bat":5,"jujutsucraft:curse_user":2,"minecraft:squid":3,"jujutsucraft:entity_scissors":5,"jujutsucraft:cursed_spirit_grade_311":11,"jujutsucraft:cursed_spirit_grade_310":8,"jujutsucraft:negi_toshihisa":3,"jujutsucraft:cursed_spirit_grade_36":19,"jujutsucraft:cursed_spirit_grade_25":1,"jujutsucraft:cursed_spirit_grade_319":18,"minecraft:villager":3,"jujutsucraft:q":2}},"DataVersion":3465}