{"stats":{"minecraft:killed_by":{"jujutsucraft:cursed_spirit_grade_311":1,"minecraft:player":5,"jujutsucraft:nishimiya_momo":1,"jujutsucraft:kumiya_juzo":1,"jujutsucraft:shigemo_haruta":1,"jujutsucraft:curse_user":3,"jujutsucraft:cursed_spirit_grade_23":1},"minecraft:dropped":{"minecraft:porkchop":12,"jujutsucraft:uniform_normal_leggings":1,"minecraft:stone_sword":2,"minecraft:cobblestone":58,"jujutsucraft:sword_black":1,"minecraft:oak_planks":16,"minecraft:granite":38,"jujutsucraft:uniform_normal_chestplate":1,"minecraft:dirt":1,"minecraft:gray_terracotta":3,"minecraft:wooden_pickaxe":1,"jujutsucraft:uniform_normal_boots":1},"minecraft:crafted":{"minecraft:oak_planks":120,"minecraft:crafting_table":2,"minecraft:wooden_pickaxe":1,"minecraft:furnace":1,"minecraft:stone_axe":1,"minecraft:jungle_planks":12,"minecraft:shield":1,"minecraft:stick":60,"minecraft:iron_pickaxe":1,"minecraft:stone_pickaxe":2,"minecraft:stone_sword":1,"minecraft:torch":56},"minecraft:killed":{"jujutsucraft:cursed_spirit_grade_32":1,"jujutsucraft:cursed_spirit_grade_33":10,"minecraft:pig":3,"jujutsucraft:curse_user":1,"jujutsucraft:cursed_spirit_grade_39":4,"jujutsucraft:cursed_spirit_grade_312":1,"jujutsucraft:cursed_spirit_grade_314":3,"jujutsucraft:cursed_spirit_grade_311":3,"jujutsucraft:cursed_spirit_grade_310":1,"jujutsucraft:cursed_spirit_grade_36":2,"jujutsucraft:cursed_spirit_grade_317":4,"jujutsucraft:cursed_spirit_grade_315":1,"jujutsucraft:cursed_spirit_grade_38":1,"jujutsucraft:cursed_spirit_grade_34":1,"jujutsucraft:cursed_spirit_grade_319":1},"minecraft:mined":{"minecraft:podzol":3,"minecraft:gray_terracotta":1,"minecraft:glass_pane":4,"minecraft:potted_cactus":1,"minecraft:powder_snow":8,"minecraft:gray_stained_glass_pane":2,"minecraft:crafting_table":2,"minecraft:granite":23,"minecraft:grass_block":3,"minecraft:gray_stained_glass":5,"minecraft:chest":3,"minecraft:jungle_log":3,"minecraft:glass":6,"minecraft:cobblestone":5,"minecraft:lapis_ore":5,"minecraft:sugar_cane":1,"minecraft:oak_planks":4,"minecraft:wall_torch":1,"minecraft:furnace":2,"minecraft:iron_ore":3,"minecraft:grass":1,"minecraft:oak_log":34,"minecraft:coal_ore":33,"minecraft:vine":2,"minecraft:dirt":11,"minecraft:cobweb":1,"minecraft:stone":203,"minecraft:stone_bricks":3,"minecraft:oak_leaves":11},"minecraft:used":{"minecraft:stone_sword":2,"minecraft:stone_pickaxe":264,"minecraft:oak_planks":1,"minecraft:chest":3,"minecraft:wooden_pickaxe":9,"minecraft:stone":2,"minecraft:torch":18,"jujutsucraft:clothes_hakari_kinji_helmet":1,"minecraft:dirt":18,"minecraft:crafting_table":4,"minecraft:jungle_planks":2,"jujutsucraft:clothes_hakari_kinji_chestplate":1,"minecraft:grass_block":2,"minecraft:iron_pickaxe":17,"jujutsucraft:clothes_hakari_kinji_boots":1,"minecraft:stone_bricks":3,"minecraft:stone_axe":36,"jujutsucraft:clothes_hakari_kinji_leggings":1,"minecraft:cobblestone":123,"minecraft:podzol":1,"minecraft:furnace":3,"minecraft:oak_sapling":1,"tombstone:gift":2},"minecraft:custom":{"minecraft:interact_with_furnace":5,"minecraft:mob_kills":37,"minecraft:interact_with_crafting_table":7,"minecraft:open_barrel":10,"minecraft:damage_dealt_resisted":2918,"minecraft:leave_game":12,"minecraft:time_since_death":11564,"minecraft:climb_one_cm":6441,"minecraft:damage_resisted":925,"minecraft:time_since_rest":9165,"minecraft:sprint_one_cm":336036,"minecraft:damage_taken":10661,"minecraft:walk_one_cm":293749,"minecraft:drop":20,"minecraft:damage_dealt":24,"minecraft:swim_one_cm":4800,"minecraft:fly_one_cm":543606,"minecraft:player_kills":3,"minecraft:open_chest":20,"minecraft:crouch_one_cm":16816,"minecraft:play_time":115760,"minecraft:deaths":22,"minecraft:sneak_time":6669,"minecraft:walk_under_water_one_cm":38332,"minecraft:jump":2568,"minecraft:walk_on_water_one_cm":89204,"minecraft:total_world_time":115760,"minecraft:fall_one_cm":103725},"minecraft:broken":{"minecraft:stone_pickaxe":2},"minecraft:picked_up":{"minecraft:wheat":4,"minecraft:crafting_table":2,"minecraft:salmon":9,"minecraft:jungle_log":3,"minecraft:diamond_horse_armor":1,"minecraft:oak_log":30,"minecraft:gunpowder":6,"minecraft:music_disc_cat":1,"minecraft:lapis_lazuli":36,"minecraft:dirt":19,"minecraft:string":6,"minecraft:podzol":1,"minecraft:stone_bricks":3,"minecraft:gray_terracotta":3,"jujutsucraft:sword_black":2,"minecraft:iron_ingot":4,"jujutsucraft:sword_miwa_kasumi":1,"minecraft:sugar_cane":2,"minecraft:chest":2,"minecraft:oak_planks":4,"minecraft:furnace":2,"minecraft:stick":3,"minecraft:raw_iron":3,"minecraft:stone":2,"minecraft:torch":1,"minecraft:porkchop":12,"minecraft:spruce_sapling":1,"minecraft:grass_block":2,"minecraft:redstone":1,"minecraft:stone_sword":2,"minecraft:rotten_flesh":7,"minecraft:granite":38,"minecraft:golden_apple":1,"minecraft:oak_sapling":1,"minecraft:coal":39,"minecraft:cobblestone":204}},"DataVersion":3465}