{"stats":{"minecraft:killed":{"jujutsucraft:cursed_spirit_grade_32":2,"jujutsucraft:transfigured_human_3":1,"jujutsucraft:cursed_spirit_grade_33":23,"jujutsucraft:nanako":1,"jujutsucraft:transfigured_human_2":1,"jujutsucraft:cursed_spirit_grade_39":4,"jujutsucraft:cursed_spirit_grade_312":1,"jujutsucraft:cursed_spirit_grade_317":5,"jujutsucraft:cursed_spirit_grade_38":4,"jujutsucraft:cursed_spirit_grade_34":4,"minecraft:pig":3,"jujutsucraft:curse_user_1":1,"jujutsucraft:curse_user":1,"minecraft:sheep":5,"jujutsucraft:cursed_spirit_grade_314":4,"jujutsucraft:cursed_spirit_grade_311":5,"jujutsucraft:cursed_spirit_grade_310":3,"jujutsucraft:cursed_spirit_grade_36":3,"jujutsucraft:cursed_spirit_grade_315":6,"jujutsucraft:cursed_spirit_grade_319":2,"jujutsucraft:q":1},"minecraft:dropped":{"minecraft:porkchop":12,"minecraft:cobblestone":58,"jujutsucraft:sword_black":3,"minecraft:granite":38,"minecraft:spruce_button":64,"minecraft:stick":31,"minecraft:dirt":1,"minecraft:mutton":4,"minecraft:moss_carpet":1,"jujutsucraft:uniform_normal_leggings":1,"minecraft:stone_sword":2,"minecraft:composter":1,"minecraft:oak_planks":16,"jujutsucraft:uniform_normal_chestplate":1,"minecraft:gray_terracotta":3,"minecraft:shield":1,"jujutsucraft:recommendation_1":1,"minecraft:wooden_pickaxe":1,"jujutsucraft:uniform_normal_boots":1,"jujutsucraft:item_master_reverse_cursed_technique":1},"minecraft:mined":{"minecraft:spruce_planks":5,"minecraft:blue_stained_glass_pane":2,"minecraft:potted_cactus":1,"minecraft:gray_stained_glass_pane":2,"minecraft:granite":23,"minecraft:grass_block":4,"minecraft:jungle_log":3,"minecraft:spruce_leaves":8,"minecraft:composter":2,"minecraft:spawner":2,"minecraft:large_fern":2,"minecraft:furnace":3,"minecraft:iron_ore":6,"minecraft:black_concrete":1,"minecraft:moss_carpet":1,"minecraft:enchanting_table":1,"minecraft:bookshelf":3,"minecraft:vine":2,"minecraft:stone":230,"minecraft:podzol":3,"minecraft:gray_terracotta":1,"minecraft:glass_pane":8,"minecraft:cyan_terracotta":1,"minecraft:powder_snow":122,"minecraft:crafting_table":4,"minecraft:gray_stained_glass":7,"minecraft:chest":6,"minecraft:glass":14,"minecraft:cobblestone":13,"minecraft:lapis_ore":5,"minecraft:sugar_cane":1,"minecraft:oak_planks":10,"minecraft:wall_torch":3,"minecraft:spruce_log":86,"minecraft:grass":1,"minecraft:oak_log":34,"minecraft:coal_ore":53,"minecraft:dirt":15,"minecraft:cobweb":1,"minecraft:stone_bricks":10,"minecraft:oak_leaves":11},"minecraft:picked_up":{"minecraft:crafting_table":4,"minecraft:wheat":4,"minecraft:diamond_horse_armor":1,"minecraft:shield":1,"minecraft:music_disc_cat":1,"minecraft:string":6,"minecraft:moss_carpet":1,"minecraft:spruce_planks":3,"jujutsucraft:sword_black":4,"minecraft:sugar_cane":2,"minecraft:chest":4,"minecraft:furnace":4,"minecraft:stick":4,"minecraft:raw_iron":16,"minecraft:stone":2,"minecraft:composter":1,"minecraft:torch":2,"minecraft:porkchop":12,"minecraft:vine":4,"minecraft:redstone":1,"minecraft:stone_sword":2,"minecraft:rotten_flesh":7,"minecraft:cyan_terracotta":1,"minecraft:mutton":6,"minecraft:white_wool":4,"minecraft:cobblestone":237,"minecraft:enchanting_table":1,"minecraft:salmon":9,"minecraft:jungle_log":3,"minecraft:oak_log":30,"minecraft:gunpowder":6,"minecraft:lapis_lazuli":36,"minecraft:dirt":24,"minecraft:podzol":1,"minecraft:stone_bricks":10,"minecraft:gray_terracotta":3,"minecraft:iron_ingot":4,"jujutsucraft:sword_miwa_kasumi":1,"minecraft:oak_planks":12,"minecraft:book":9,"minecraft:spruce_sapling":1,"minecraft:ink_sac":2,"minecraft:grass_block":2,"minecraft:spruce_log":85,"minecraft:light_gray_terracotta":2,"minecraft:diamond":3,"minecraft:black_concrete":1,"jujutsucraft:item_master_reverse_cursed_technique":1,"minecraft:granite":38,"minecraft:golden_apple":1,"minecraft:oak_sapling":1,"minecraft:coal":62},"minecraft:custom":{"minecraft:mob_kills":82,"minecraft:interact_with_crafting_table":19,"minecraft:open_barrel":10,"minecraft:damage_dealt_resisted":8524,"minecraft:leave_game":21,"minecraft:time_since_death":17648,"minecraft:climb_one_cm":21105,"minecraft:damage_resisted":4146,"minecraft:sprint_one_cm":718624,"minecraft:walk_one_cm":515052,"minecraft:damage_blocked_by_shield":1089,"minecraft:drop":31,"minecraft:talked_to_villager":4,"minecraft:play_time":217276,"minecraft:deaths":37,"minecraft:sneak_time":12196,"minecraft:walk_under_water_one_cm":43252,"minecraft:jump":4100,"minecraft:walk_on_water_one_cm":100500,"minecraft:total_world_time":217276,"minecraft:interact_with_furnace":15,"minecraft:sleep_in_bed":2,"minecraft:time_since_rest":17221,"minecraft:damage_taken":21178,"minecraft:damage_absorbed":40,"minecraft:damage_dealt":164,"minecraft:swim_one_cm":13215,"minecraft:player_kills":4,"minecraft:fly_one_cm":816330,"minecraft:open_chest":69,"minecraft:crouch_one_cm":34326,"minecraft:fall_one_cm":188926},"minecraft:killed_by":{"jujutsucraft:cursed_spirit_grade_311":1,"jujutsucraft:cursed_spirit_grade_39":1,"minecraft:player":7,"jujutsucraft:cursed_spirit_grade_05":2,"jujutsucraft:cursed_spirit_grade_12":5,"jujutsucraft:yoshino_junpei":2,"jujutsucraft:cursed_spirit_grade_315":1,"jujutsucraft:curse_user":3,"jujutsucraft:cursed_spirit_grade_23":1,"jujutsucraft:nishimiya_momo":1,"jujutsucraft:kumiya_juzo":1,"jujutsucraft:q":1,"jujutsucraft:shigemo_haruta":1},"minecraft:crafted":{"minecraft:oak_planks":120,"minecraft:spruce_button":64,"minecraft:furnace":1,"minecraft:iron_axe":1,"tombstone:grave_key":1,"minecraft:ladder":15,"minecraft:stone_pickaxe":2,"minecraft:chest":1,"minecraft:crafting_table":3,"minecraft:spruce_planks":360,"minecraft:wooden_pickaxe":1,"minecraft:stone_axe":1,"minecraft:air":0,"minecraft:jungle_planks":12,"minecraft:diamond_pickaxe":1,"minecraft:shield":1,"minecraft:stick":100,"minecraft:iron_ingot":3,"minecraft:iron_pickaxe":1,"minecraft:stone_sword":1,"minecraft:torch":56},"minecraft:used":{"minecraft:enchanting_table":1,"minecraft:stone_sword":2,"minecraft:ladder":6,"minecraft:chest":6,"minecraft:spruce_planks":143,"minecraft:shield":40,"minecraft:stone":2,"minecraft:torch":53,"jujutsucraft:clothes_hakari_kinji_helmet":2,"minecraft:dirt":23,"minecraft:jungle_planks":2,"minecraft:iron_axe":29,"minecraft:grass_block":2,"minecraft:stone_bricks":7,"jujutsucraft:clothes_hakari_kinji_leggings":1,"minecraft:oak_sapling":1,"minecraft:furnace":5,"minecraft:podzol":1,"tombstone:gift":3,"jujutsucraft:sword_black":33,"minecraft:stone_pickaxe":264,"minecraft:oak_planks":56,"minecraft:wooden_pickaxe":9,"minecraft:golden_apple":1,"minecraft:vine":4,"minecraft:crafting_table":6,"minecraft:light_gray_terracotta":2,"minecraft:black_bed":1,"jujutsucraft:clothes_hakari_kinji_chestplate":2,"minecraft:spruce_log":2,"minecraft:diamond_pickaxe":41,"minecraft:iron_pickaxe":58,"jujutsucraft:clothes_hakari_kinji_boots":1,"tombstone:grave_key":2,"minecraft:stone_axe":132,"minecraft:cobblestone":160},"minecraft:broken":{"minecraft:stone_pickaxe":2,"minecraft:shield":1,"minecraft:stone_axe":1}},"DataVersion":3465}