{"stats":{"minecraft:dropped":{"minecraft:moss_block":1,"jujutsucraft:uniform_normal_leggings":1,"minecraft:smooth_stone_slab":1,"minecraft:wheat":3,"minecraft:prismarine_shard":1,"minecraft:rotten_flesh":5,"jujutsucraft:uniform_normal_chestplate":1,"minecraft:cod":2,"minecraft:melon_seeds":1,"jujutsucraft:uniform_normal_boots":1,"minecraft:string":1,"minecraft:music_disc_cat":1,"minecraft:redstone":4},"minecraft:killed":{"jujutsucraft:mimiko":2,"jujutsucraft:cursed_spirit_grade_32":6,"jujutsucraft:cursed_spirit_grade_31":1,"jujutsucraft:cursed_spirit_grade_33":24,"jujutsucraft:kukuru":3,"jujutsucraft:nanako":2,"jujutsucraft:jujutsu_sorcerer":4,"minecraft:elder_guardian":1,"jujutsucraft:nishimiya_momo":1,"minecraft:salmon":4,"minecraft:bat":22,"jujutsucraft:cursed_spirit_grade_37":1,"jujutsucraft:cursed_spirit_grade_35":1,"jujutsucraft:yoshino_junpei":2,"jujutsucraft:cursed_spirit_grade_318":7,"jujutsucraft:cursed_spirit_grade_211":1,"jujutsucraft:curse_user_1":7,"jujutsucraft:kumiya_juzo":1,"jujutsucraft:curse_user":5,"jujutsucraft:itadori_yuji":1,"jujutsucraft:cursed_spirit_grade_39":5,"minecraft:guardian":23,"jujutsucraft:shigemo_haruta":1,"jujutsucraft:cursed_spirit_grade_313":2,"jujutsucraft:cursed_spirit_grade_312":2,"jujutsucraft:cursed_spirit_grade_314":13,"jujutsucraft:cursed_spirit_grade_311":4,"jujutsucraft:cursed_spirit_grade_310":2,"jujutsucraft:negi_toshihisa":2,"jujutsucraft:cursed_spirit_grade_36":7,"jujutsucraft:rozetsu_shikigami":1,"jujutsucraft:moon_dregs":1,"jujutsucraft:cursed_spirit_grade_317":13,"jujutsucraft:cursed_spirit_grade_315":3,"jujutsucraft:cursed_spirit_grade_38":3,"jujutsucraft:cursed_spirit_grade_34":16,"jujutsucraft:cursed_spirit_grade_319":4,"jujutsucraft:cursed_spirit_grade_27":1,"jujutsucraft:q":3},"minecraft:picked_up":{"minecraft:wheat":3,"minecraft:prismarine_shard":1,"jujutsucraft:uniform_normal_boots":1,"minecraft:cobblestone_wall":1,"minecraft:music_disc_cat":1,"minecraft:string":1,"jujutsucraft:uniform_normal_leggings":1,"minecraft:smooth_stone_slab":3,"minecraft:light_gray_wool":1,"minecraft:moss_block":1,"jujutsucraft:uniform_normal_chestplate":1,"minecraft:redstone":4,"minecraft:rotten_flesh":5,"minecraft:cyan_terracotta":1,"minecraft:gray_wool":1,"minecraft:oak_sapling":1,"minecraft:melon_seeds":1,"minecraft:cod":2,"minecraft:white_wool":4},"minecraft:used":{"jujutsucraft:uniform_normal_boots":1,"minecraft:white_wool":4,"jujutsucraft:sukuna_finger":20,"jujutsucraft:clothes_fushiguro_toji_leggings":3,"minecraft:cobblestone_wall":1,"jujutsucraft:uniform_normal_chestplate":2,"jujutsucraft:clothes_zenin_boots":2,"minecraft:cyan_terracotta":1,"jujutsucraft:clothes_sukuna_fushiguro_chestplate":3,"minecraft:light_gray_wool":1,"jujutsucraft:uniform_normal_leggings":2,"minecraft:oak_sapling":1,"minecraft:smooth_stone_slab":2,"minecraft:gray_wool":1},"minecraft:custom":{"minecraft:interact_with_furnace":2,"minecraft:mob_kills":202,"minecraft:damage_dealt_resisted":39319,"minecraft:leave_game":2,"minecraft:time_since_death":39952,"minecraft:climb_one_cm":2569,"minecraft:damage_resisted":1787,"minecraft:time_since_rest":39952,"minecraft:sprint_one_cm":230346,"minecraft:damage_taken":553,"minecraft:walk_one_cm":218598,"minecraft:drop":15,"minecraft:damage_dealt":828,"minecraft:fly_one_cm":507313,"minecraft:player_kills":1,"minecraft:open_chest":11,"minecraft:crouch_one_cm":854,"minecraft:play_time":39952,"minecraft:sneak_time":179,"minecraft:walk_under_water_one_cm":7338,"minecraft:jump":674,"minecraft:walk_on_water_one_cm":5569,"minecraft:total_world_time":39952,"minecraft:fall_one_cm":53836},"minecraft:mined":{"minecraft:light_blue_stained_glass_pane":6,"minecraft:blue_stained_glass_pane":2,"minecraft:gray_stained_glass_pane":3,"minecraft:gray_stained_glass":3,"minecraft:white_stained_glass_pane":1,"minecraft:moss_block":1,"minecraft:bookshelf":1,"minecraft:oak_leaves":1}},"DataVersion":3465}