{"stat.walkOneCm":119978,"stat.useItem.minecraft.torch":34,"stat.pickup.minecraft.stick":21,"stat.drop.tombstone.crafting_ingredient":4,"stat.drop.minecraft.wooden_pickaxe":1,"stat.leaveGame":1,"stat.mineBlock.minecraft.cobblestone":9,"stat.pickup.minecraft.crafting_table":2,"stat.drop.minecraft.cooked_beef":3,"stat.useItem.minecraft.cobblestone":164,"stat.craftItem.minecraft.crafting_table":1,"stat.furnaceInteraction":19,"stat.pickup.minecraft.stone_axe":1,"stat.killEntity.ZombieVillager":1,"stat.pickup.srparasites.lurecomponent2":1,"stat.drop.srparasites.parasitecanister":1,"stat.mineBlock.srparasites.gore":20,"stat.pickup.srparasites.lurecomponent1":3,"stat.useItem.minecraft.diamond_sword":8,"stat.useItem.dynamictrees.oakseed":5,"stat.craftItem.minecraft.coal":9,"stat.pickup.minecraft.log":56,"stat.pickup.srparasites.parasitecanister":1,"stat.jump":759,"stat.swimOneCm":9482,"stat.drop.minecraft.chicken":1,"stat.pickup.minecraft.coal":3,"stat.fallOneCm":14270,"stat.pickup.minecraft.beef":9,"stat.useItem.tombstone.gift":1,"stat.pickup.minecraft.furnace":1,"stat.pickup.tombstone.crafting_ingredient":5,"stat.useItem.minecraft.milk_bucket":3,"stat.useItem.minecraft.stone_axe":5,"stat.craftItem.minecraft.stone_slab2":0,"stat.crouchOneCm":7737,"stat.pickup.minecraft.chicken":2,"stat.craftItem.minecraft.torch":40,"stat.pickup.minecraft.dirt":7,"stat.sprintOneCm":137563,"stat.useItem.minecraft.stone_slab2":59,"stat.entityKilledBy.Enderman":1,"stat.craftItem.minecraft.stick":56,"stat.craftingTableInteraction":12,"stat.pickup.minecraft.rotten_flesh":2,"stat.craftItem.minecraft.furnace":1,"stat.pickup.minecraft.milk_bucket":1,"stat.craftItem.minecraft.planks":136,"stat.killEntity.Chicken":1,"stat.useItem.minecraft.egg":3,"stat.craftItem.minecraft.stone_axe":2,"stat.damageTaken":2152,"stat.pickup.minecraft.feather":2,"stat.mineBlock.minecraft.crafting_table":2,"stat.pickup.minecraft.leather":5,"stat.craftItem.minecraft.stone_pickaxe":2,"stat.mineBlock.minecraft.furnace":1,"stat.mineBlock.minecraft.torch":5,"stat.useItem.minecraft.wooden_pickaxe":9,"stat.craftItem.minecraft.cooked_beef":12,"stat.mobKills":23,"stat.pickup.minecraft.cobblestone":215,"stat.pickup.dynamictrees.oakseed":27,"stat.pickup.srparasites.assimilated_flesh":2,"stat.pickup.minecraft.planks":47,"stat.craftItem.minecraft.stone_sword":1,"stat.flyOneCm":111397,"stat.deaths":8,"stat.pickup.dynamictrees.spruceseed":1,"tombstone:undead_killed":3,"stat.pickup.minecraft.wheat_seeds":2,"stat.drop":11,"stat.pickup.minecraft.egg":2,"stat.playOneMinute":38269,"stat.craftItem.spartanshields.shield_basic_stone":1,"stat.drop.minecraft.wheat_seeds":1,"stat.mineBlock.srparasites.parasitecanister":1,"stat.pickup.minecraft.torch":6,"stat.useItem.minecraft.stone_pickaxe":217,"stat.useItem.minecraft.cooked_beef":3,"stat.sneakTime":2095,"stat.useItem.minecraft.stone_sword":56,"stat.damageDealt":3043,"stat.drop.minecraft.stone_axe":2,"stat.killEntity.Zombie":2,"stat.timeSinceDeath":11139,"stat.craftItem.spartanshields.shield_basic_wood":1,"stat.killEntity.Cow":5,"stat.useItem.minecraft.spawn_egg":1,"stat.craftItem.minecraft.wooden_pickaxe":1,"stat.mineBlock.minecraft.stone":208,"stat.mineBlock.minecraft.tallgrass":6,"stat.diveOneCm":6318}