{"stat.pickup.minecraft.bone":1,"stat.leaveGame":5,"stat.mineBlock.minecraft.cobblestone":27,"stat.pickup.minecraft.flint":2,"stat.craftItem.minecraft.iron_axe":1,"stat.mineBlock.srparasites.gore":26,"stat.useItem.minecraft.diamond_sword":8,"stat.pickup.srparasites.parasitecanister":1,"stat.swimOneCm":22501,"stat.useItem.minecraft.planks":1,"stat.climbOneCm":152,"stat.drop.minecraft.cobblestone":2,"stat.useItem.minecraft.stone_slab2":86,"stat.pickup.minecraft.rotten_flesh":7,"stat.drop.spartanshields.shield_basic_stone":1,"stat.pickup.minecraft.sand":47,"stat.craftItem.minecraft.furnace":4,"stat.useItem.minecraft.egg":3,"stat.craftItem.minecraft.stone_axe":2,"stat.craftItem.spartanshields.shield_basic_iron":1,"stat.craftItem.minecraft.iron_boots":1,"stat.craftItem.minecraft.stone_pickaxe":8,"stat.craftItem.minecraft.cooked_beef":57,"stat.pickup.minecraft.cobblestone":1072,"stat.useItem.minecraft.stone_shovel":76,"stat.craftItem.minecraft.stone_sword":1,"stat.flyOneCm":322178,"stat.pickup.dynamictrees.spruceseed":1,"stat.craftItem.minecraft.iron_shovel":1,"stat.mineBlock.minecraft.sand":47,"stat.pickup.spartanshields.shield_basic_stone":1,"stat.drop.minecraft.wheat_seeds":1,"stat.useItem.minecraft.cooked_beef":14,"stat.pickup.minecraft.redstone":39,"stat.mineBlock.minecraft.iron_ore":67,"stat.timeSinceDeath":68901,"stat.craftItem.spartanshields.shield_basic_wood":2,"stat.useItem.minecraft.iron_pickaxe":231,"stat.useItem.minecraft.spawn_egg":1,"stat.craftItem.minecraft.wooden_pickaxe":1,"stat.pickup.minecraft.mutton":3,"stat.furnaceInteraction":55,"stat.craftItem.spartanweaponry.material":4,"stat.killEntity.ZombieVillager":1,"stat.pickup.srparasites.lurecomponent2":1,"stat.mineBlock.minecraft.coal_ore":62,"stat.pickup.srparasites.lurecomponent1":6,"stat.killEntity.Creeper":3,"stat.pickup.minecraft.string":1,"stat.pickup.minecraft.beef":85,"stat.pickup.minecraft.furnace":2,"stat.pickup.tombstone.crafting_ingredient":5,"stat.useItem.spartanweaponry.saber_stone":3,"stat.useItem.minecraft.milk_bucket":3,"stat.craftItem.minecraft.stone_slab2":0,"stat.sprintOneCm":378215,"stat.useItem.spartanweaponry.saber_iron":26,"stat.craftItem.minecraft.stick":72,"stat.mineBlock.minecraft.diamond_ore":6,"stat.mineBlock.minecraft.crafting_table":4,"stat.pickup.minecraft.emerald":4,"stat.pickup.dynamictrees.oakseed":31,"stat.deaths":10,"stat.drop":18,"stat.pickup.minecraft.egg":2,"stat.playOneMinute":120491,"stat.craftItem.spartanshields.shield_basic_stone":1,"stat.killEntity.Sheep":2,"stat.craftItem.minecraft.iron_pickaxe":1,"stat.craftItem.minecraft.diamond_pickaxe":1,"stat.killEntity.Zombie":4,"stat.mineBlock.minecraft.gold_ore":5,"stat.mineBlock.minecraft.tallgrass":11,"stat.craftItem.minecraft.cooked_mutton":3,"stat.diveOneCm":7269,"stat.chestOpened":10,"stat.useItem.minecraft.stone":18,"stat.drop.minecraft.wooden_pickaxe":1,"stat.pickup.minecraft.gravel":20,"stat.drop.minecraft.cooked_beef":3,"stat.pickup.minecraft.stone_axe":1,"stat.craftItem.minecraft.coal":9,"stat.drop.minecraft.iron_pickaxe":1,"stat.jump":2531,"stat.pickup.minecraft.coal":68,"stat.fallOneCm":51135,"stat.pickup.minecraft.iron_ingot":10,"stat.drop.minecraft.stone":11,"stat.useItem.minecraft.stone_axe":19,"stat.pickup.minecraft.gunpowder":4,"stat.crouchOneCm":21892,"stat.craftItem.minecraft.torch":108,"stat.craftItem.minecraft.iron_ingot":37,"stat.pickup.minecraft.dirt":22,"stat.craftItem.minecraft.iron_helmet":1,"stat.craftingTableInteraction":45,"stat.pickup.minecraft.iron_ore":67,"stat.pickup.minecraft.milk_bucket":1,"stat.drop.spartanweaponry.saber_iron":1,"stat.pickup.minecraft.gold_ore":5,"stat.mineBlock.minecraft.lapis_ore":8,"stat.pickup.minecraft.feather":2,"stat.damageTaken":3436,"stat.pickup.minecraft.leather":42,"stat.mineBlock.minecraft.furnace":2,"stat.mineBlock.minecraft.torch":9,"stat.useItem.minecraft.wooden_pickaxe":9,"stat.useItem.minecraft.furnace":1,"stat.pickup.srparasites.assimilated_flesh":7,"stat.pickup.minecraft.dye":43,"stat.pickup.minecraft.planks":79,"stat.pickup.minecraft.iron_leggings":1,"tombstone:undead_killed":7,"stat.pickup.minecraft.wheat_seeds":2,"stat.mineBlock.minecraft.gravel":16,"stat.useItem.minecraft.stone_pickaxe":1049,"stat.useItem.minecraft.stone_sword":141,"stat.damageDealt":9397,"stat.pickup.spartanweaponry.saber_iron":1,"stat.killEntity.Cow":43,"stat.mineBlock.minecraft.dirt":15,"stat.craftItem.spartanweaponry.saber_stone":1,"stat.craftItem.minecraft.stone_shovel":1,"stat.drop.spartanweaponry.saber_stone":1,"stat.walkOneCm":285338,"stat.useItem.minecraft.torch":114,"stat.pickup.minecraft.stick":21,"stat.drop.tombstone.crafting_ingredient":4,"stat.craftItem.minecraft.redstone_block":1,"stat.pickup.minecraft.crafting_table":4,"stat.useItem.minecraft.cobblestone":238,"stat.craftItem.minecraft.crafting_table":2,"stat.drop.srparasites.parasitecanister":1,"stat.useItem.dynamictrees.oakseed":5,"stat.mineBlock.minecraft.emerald_ore":4,"stat.pickup.minecraft.log":56,"stat.drop.minecraft.chicken":1,"stat.craftItem.spartanweaponry.saber_iron":1,"stat.useItem.tombstone.gift":1,"stat.craftItem.minecraft.gold_ingot":5,"stat.pickup.minecraft.stone":51,"stat.craftItem.minecraft.iron_chestplate":1,"stat.pickup.minecraft.chicken":2,"stat.entityKilledBy.Enderman":1,"stat.pickup.minecraft.cooked_beef":1,"stat.killEntity.Skeleton":2,"stat.craftItem.minecraft.bucket":2,"stat.craftItem.minecraft.planks":172,"stat.killEntity.Chicken":1,"stat.killEntity.Spider":1,"stat.mobKills":81,"stat.craftItem.minecraft.wooden_door":3,"stat.useItem.minecraft.wooden_door":2,"stat.pickup.minecraft.diamond":6,"stat.mineBlock.srparasites.parasitecanister":1,"stat.pickup.minecraft.torch":10,"stat.mineBlock.minecraft.redstone_ore":9,"stat.sneakTime":7323,"stat.pickup.minecraft.wool":2,"stat.drop.minecraft.stone_axe":2,"stat.mineBlock.minecraft.stone":1097}