{"stat.leaveGame":6,"stat.craftItem.minecraft.iron_axe":1,"stat.pickup.srparasites.parasitecanister":1,"stat.useItem.minecraft.planks":2,"stat.useItem.minecraft.water_bucket":16,"stat.pickup.minecraft.rotten_flesh":21,"stat.pickup.minecraft.sand":47,"stat.craftItem.minecraft.stone_axe":2,"stat.killEntity.Enderman":2,"stat.craftItem.minecraft.stone_sword":1,"stat.pickup.dynamictrees.spruceseed":5,"stat.craftItem.minecraft.iron_shovel":1,"stat.mineBlock.minecraft.sand":47,"stat.pickup.spartanshields.shield_basic_stone":1,"stat.craftItem.spartanshields.shield_basic_wood":2,"stat.useItem.minecraft.iron_pickaxe":231,"stat.useItem.minecraft.spawn_egg":1,"stat.craftItem.minecraft.wooden_pickaxe":1,"stat.craftItem.minecraft.glass_pane":16,"stat.furnaceInteraction":89,"stat.craftItem.spartanweaponry.material":4,"stat.killEntity.ZombieVillager":1,"stat.pickup.srparasites.lurecomponent2":2,"stat.pickup.srparasites.lurecomponent1":7,"stat.pickup.minecraft.beef":136,"stat.pickup.minecraft.furnace":2,"stat.useItem.spartanweaponry.saber_iron":236,"stat.pickup.tombstone.magic_scroll":3,"stat.pickup.minecraft.emerald":8,"stat.craftItem.securitycraft.laser_block":1,"stat.pickup.dynamictrees.oakseed":37,"stat.deaths":13,"stat.pickup.minecraft.egg":3,"stat.playOneMinute":224006,"stat.craftItem.minecraft.iron_pickaxe":1,"stat.drop.minecraft.torch":1,"stat.mineBlock.nocubessrpnests.fleshwormteeth":15,"stat.mineBlock.minecraft.tallgrass":25,"stat.craftItem.minecraft.cooked_mutton":3,"stat.chestOpened":12,"stat.useItem.minecraft.stone":52,"stat.pickup.minecraft.arrow":9,"stat.craftItem.minecraft.coal":9,"stat.drop.minecraft.iron_pickaxe":1,"stat.fallOneCm":105079,"stat.drop.minecraft.stone":17,"stat.crouchOneCm":38461,"stat.craftItem.minecraft.iron_ingot":88,"stat.craftingTableInteraction":56,"stat.pickup.minecraft.milk_bucket":1,"stat.pickup.minecraft.feather":2,"stat.useItem.minecraft.furnace":1,"stat.pickup.minecraft.dye":43,"stat.pickup.minecraft.planks":81,"stat.pickup.minecraft.iron_leggings":1,"stat.pickup.minecraft.wheat_seeds":5,"stat.mineBlock.minecraft.gravel":16,"stat.useItem.minecraft.stone_pickaxe":1049,"stat.useItem.minecraft.stone_sword":141,"stat.mineBlock.minecraft.dirt":17,"stat.mineBlock.minecraft.monster_egg":1,"stat.drop.spartanweaponry.saber_stone":1,"stat.useItem.minecraft.torch":162,"stat.drop.tombstone.crafting_ingredient":4,"stat.craftItem.minecraft.redstone_block":1,"stat.drop.minecraft.rotten_flesh":5,"stat.pickup.minecraft.crafting_table":4,"stat.useItem.minecraft.cobblestone":343,"stat.craftItem.minecraft.crafting_table":2,"stat.mineBlock.minecraft.double_plant":2,"stat.drop.srparasites.parasitecanister":1,"stat.useItem.dynamictrees.oakseed":6,"stat.mineBlock.minecraft.emerald_ore":8,"stat.pickup.minecraft.log":74,"stat.drop.minecraft.chicken":1,"stat.craftItem.spartanweaponry.saber_iron":1,"stat.craftItem.minecraft.gold_ingot":5,"stat.pickup.minecraft.chicken":2,"stat.entityKilledBy.Enderman":1,"stat.mineBlock.nocubessrpnests.fleshwormacid":12,"stat.craftItem.minecraft.bucket":2,"stat.craftItem.minecraft.planks":244,"stat.craftItem.minecraft.wooden_door":3,"stat.useItem.minecraft.wooden_door":2,"stat.sneakTime":14752,"stat.pickup.minecraft.wool":2,"stat.pickup.minecraft.bone":15,"stat.useItem.minecraft.iron_axe":5,"stat.mineBlock.minecraft.cobblestone":52,"stat.pickup.minecraft.flint":2,"stat.mineBlock.srparasites.gore":111,"stat.useItem.minecraft.diamond_sword":8,"stat.pickup.nocubessrpnests.fleshwormspike":1,"stat.swimOneCm":55484,"stat.climbOneCm":168,"stat.drop.minecraft.cobblestone":2,"stat.useItem.minecraft.dirt":27,"stat.useItem.minecraft.stone_slab2":101,"stat.drop.spartanshields.shield_basic_stone":1,"stat.craftItem.minecraft.furnace":4,"stat.useItem.minecraft.egg":4,"stat.craftItem.spartanshields.shield_basic_iron":1,"stat.craftItem.minecraft.iron_boots":1,"stat.craftItem.minecraft.stone_pickaxe":8,"stat.craftItem.minecraft.cooked_beef":125,"stat.mineBlock.minecraft.obsidian":19,"stat.pickup.minecraft.cobblestone":1431,"stat.useItem.minecraft.stone_shovel":76,"stat.flyOneCm":622145,"stat.drop.minecraft.wheat_seeds":1,"stat.useItem.minecraft.cooked_beef":46,"stat.pickup.minecraft.redstone":214,"stat.mineBlock.minecraft.iron_ore":125,"stat.timeSinceDeath":30319,"stat.pickup.minecraft.mutton":3,"stat.craftItem.minecraft.iron_block":3,"stat.craftItem.minecraft.stonebrick":56,"stat.drop.minecraft.dirt":14,"stat.mineBlock.minecraft.coal_ore":156,"stat.killEntity.Creeper":6,"stat.pickup.minecraft.string":7,"stat.pickup.tombstone.crafting_ingredient":8,"stat.useItem.spartanweaponry.saber_stone":3,"stat.useItem.minecraft.milk_bucket":3,"stat.entityKilledBy.Skeleton":1,"stat.craftItem.minecraft.stone_slab2":0,"stat.sprintOneCm":713333,"stat.craftItem.minecraft.stick":92,"stat.useItem.tombstone.magic_scroll":8,"stat.craftItem.minecraft.stone":64,"stat.mineBlock.minecraft.diamond_ore":6,"stat.mineBlock.minecraft.crafting_table":4,"stat.useItem.minecraft.diamond_pickaxe":697,"stat.mineBlock.minecraft.planks":2,"stat.drop":28,"stat.craftItem.spartanshields.shield_basic_stone":1,"stat.killEntity.Sheep":2,"stat.craftItem.minecraft.diamond_pickaxe":1,"stat.killEntity.Zombie":26,"stat.mineBlock.minecraft.gold_ore":28,"stat.diveOneCm":17103,"stat.drop.minecraft.wooden_pickaxe":1,"stat.pickup.minecraft.gravel":20,"stat.drop.minecraft.cooked_beef":3,"stat.pickup.minecraft.stone_axe":1,"stat.pickup.minecraft.obsidian":19,"stat.jump":4930,"stat.pickup.minecraft.coal":162,"stat.pickup.minecraft.iron_ingot":11,"stat.useItem.minecraft.stone_axe":19,"stat.pickup.minecraft.gunpowder":7,"stat.pickup.minecraft.spider_eye":5,"stat.craftItem.minecraft.torch":216,"stat.pickup.minecraft.dirt":68,"stat.craftItem.minecraft.iron_helmet":1,"stat.pickup.nocubessrpnests.wormtooth":15,"stat.pickup.minecraft.iron_ore":125,"stat.drop.spartanweaponry.saber_iron":1,"stat.pickup.minecraft.gold_ore":28,"stat.mineBlock.minecraft.lapis_ore":13,"stat.damageTaken":6530,"stat.pickup.minecraft.leather":66,"stat.mineBlock.minecraft.furnace":2,"stat.mineBlock.minecraft.torch":9,"stat.useItem.minecraft.wooden_pickaxe":9,"stat.pickup.srparasites.assimilated_flesh":8,"tombstone:undead_killed":41,"stat.damageDealt":23860,"stat.craftItem.minecraft.glass":47,"stat.pickup.spartanweaponry.saber_iron":1,"stat.craftItem.minecraft.anvil":1,"stat.mineBlock.nocubessrpnests.fleshwormspike":1,"stat.killEntity.Silverfish":1,"stat.killEntity.Cow":68,"stat.craftItem.spartanweaponry.saber_stone":1,"stat.craftItem.minecraft.stone_shovel":1,"stat.craftItem.securitycraft.universal_block_reinforcer_lvl1":1,"stat.walkOneCm":528670,"stat.pickup.minecraft.stick":27,"stat.useItem.tombstone.gift":2,"stat.pickup.minecraft.stone":114,"stat.craftItem.minecraft.iron_chestplate":1,"stat.pickup.minecraft.cooked_beef":1,"stat.killEntity.Skeleton":14,"stat.killEntity.Chicken":1,"stat.mineBlock.srparasites.infestremain":11,"stat.killEntity.Spider":9,"stat.craftItem.ironchest.wood_iron_chest_upgrade":2,"stat.mobKills":177,"stat.drop.tombstone.magic_scroll":1,"stat.pickup.minecraft.diamond":6,"stat.mineBlock.srparasites.parasitecanister":2,"stat.pickup.minecraft.torch":12,"stat.mineBlock.minecraft.redstone_ore":47,"stat.drop.minecraft.stone_axe":2,"stat.drop.minecraft.beef":1,"stat.mineBlock.minecraft.stone":1490}