{"stat.leaveGame":9,"stat.craftItem.minecraft.iron_axe":1,"stat.mineBlock.minecraft.sandstone":27,"stat.pickup.srparasites.parasitecanister":1,"stat.useItem.minecraft.planks":3,"stat.useItem.minecraft.water_bucket":23,"stat.pickup.minecraft.rotten_flesh":41,"stat.pickup.minecraft.sand":352,"stat.craftItem.minecraft.stone_axe":2,"stat.killEntity.Enderman":4,"stat.craftItem.minecraft.stone_sword":1,"stat.pickup.dynamictrees.spruceseed":10,"stat.craftItem.minecraft.iron_shovel":1,"stat.useItem.minecraft.ender_pearl":2,"stat.mineBlock.minecraft.sand":357,"stat.pickup.spartanshields.shield_basic_stone":1,"stat.drop.minecraft.sand":2,"stat.craftItem.spartanshields.shield_basic_wood":2,"stat.useItem.minecraft.iron_pickaxe":231,"stat.useItem.minecraft.spawn_egg":1,"stat.craftItem.minecraft.wooden_pickaxe":1,"stat.useItem.minecraft.iron_shovel":330,"stat.craftItem.minecraft.glass_pane":16,"stat.furnaceInteraction":131,"stat.craftItem.spartanweaponry.material":4,"stat.killEntity.ZombieVillager":1,"stat.pickup.srparasites.lurecomponent2":2,"stat.pickup.srparasites.lurecomponent1":12,"stat.pickup.minecraft.beef":136,"stat.pickup.minecraft.furnace":6,"stat.useItem.spartanweaponry.saber_iron":329,"stat.pickup.minecraft.skull":2,"stat.pickup.tombstone.magic_scroll":3,"stat.mineBlock.minecraft.fence":1,"stat.useItem.minecraft.wheat_seeds":14,"stat.killEntity.Husk":2,"stat.useItem.minecraft.lingering_potion":5,"stat.pickup.minecraft.emerald":18,"stat.craftItem.securitycraft.laser_block":1,"stat.pickup.dynamictrees.oakseed":56,"stat.pickup.ironchest.iron_chest":4,"stat.deaths":28,"stat.pickup.minecraft.egg":3,"stat.playOneMinute":333584,"stat.craftItem.minecraft.iron_pickaxe":1,"stat.pickup.minecraft.glass_pane":15,"stat.drop.minecraft.torch":1,"stat.mineBlock.nocubessrpnests.fleshwormteeth":15,"stat.mineBlock.minecraft.tallgrass":27,"stat.craftItem.minecraft.cooked_mutton":3,"stat.pickup.minecraft.cooked_mutton":3,"stat.chestOpened":12,"stat.useItem.minecraft.stone":62,"stat.pickup.minecraft.arrow":20,"stat.pickup.minecraft.wooden_pressure_plate":1,"stat.craftItem.minecraft.coal":9,"stat.drop.minecraft.iron_pickaxe":1,"stat.fallOneCm":162815,"stat.drop.minecraft.stone":46,"stat.crouchOneCm":59975,"stat.craftItem.minecraft.iron_ingot":189,"stat.craftItem.minecraft.chest":1,"stat.craftingTableInteraction":70,"stat.pickup.minecraft.milk_bucket":1,"stat.pickup.minecraft.feather":2,"stat.useItem.minecraft.furnace":4,"stat.pickup.minecraft.dye":55,"stat.pickup.minecraft.planks":199,"stat.pickup.minecraft.iron_leggings":1,"stat.pickup.minecraft.wheat_seeds":24,"stat.mineBlock.minecraft.gravel":38,"stat.useItem.minecraft.stone_pickaxe":1049,"stat.useItem.minecraft.stone_sword":141,"stat.craftItem.minecraft.iron_leggings":1,"stat.mineBlock.minecraft.dirt":17,"stat.mineBlock.minecraft.monster_egg":1,"stat.drop.spartanweaponry.saber_stone":1,"stat.useItem.minecraft.torch":285,"stat.drop.tombstone.crafting_ingredient":4,"stat.craftItem.minecraft.redstone_block":30,"stat.drop.minecraft.rotten_flesh":5,"stat.useItem.ironchest.iron_chest":1,"stat.pickup.minecraft.crafting_table":4,"stat.useItem.minecraft.cobblestone":466,"stat.craftItem.minecraft.crafting_table":3,"stat.mineBlock.minecraft.double_plant":2,"stat.drop.srparasites.parasitecanister":1,"stat.useItem.dynamictrees.oakseed":6,"stat.mineBlock.minecraft.emerald_ore":10,"stat.pickup.minecraft.log":74,"stat.drop.minecraft.chicken":1,"stat.craftItem.tombstone.dust_of_vanishing":4,"stat.craftItem.spartanweaponry.saber_iron":2,"stat.pickup.minecraft.iron_pickaxe":1,"stat.craftItem.minecraft.gold_ingot":36,"stat.pickup.minecraft.chicken":2,"stat.entityKilledBy.Enderman":1,"stat.mineBlock.nocubessrpnests.fleshwormacid":12,"stat.craftItem.minecraft.bucket":2,"stat.craftItem.minecraft.planks":244,"stat.craftItem.minecraft.wooden_door":3,"stat.useItem.minecraft.wooden_door":2,"stat.pickup.minecraft.red_flower":4,"stat.sneakTime":21086,"stat.pickup.minecraft.wool":2,"stat.pickup.minecraft.bone":25,"stat.useItem.minecraft.iron_axe":6,"stat.drop.minecraft.stone_shovel":1,"stat.mineBlock.minecraft.cobblestone":62,"stat.pickup.minecraft.stone_pickaxe":1,"stat.pickup.minecraft.flint":4,"stat.craftItem.tombstone.grave_key":2,"stat.mineBlock.srparasites.gore":165,"stat.useItem.minecraft.diamond_sword":8,"stat.craftItem.minecraft.wool":2,"stat.pickup.nocubessrpnests.fleshwormspike":1,"stat.swimOneCm":89542,"stat.climbOneCm":1116,"stat.drop.minecraft.cobblestone":66,"stat.useItem.minecraft.dirt":27,"stat.mineBlock.ironchest.iron_chest":2,"stat.useItem.minecraft.stone_slab2":124,"stat.pickup.minecraft.iron_boots":1,"stat.drop.spartanshields.shield_basic_stone":1,"stat.craftItem.minecraft.furnace":4,"stat.useItem.minecraft.egg":4,"stat.craftItem.spartanshields.shield_basic_iron":1,"stat.craftItem.minecraft.iron_boots":2,"stat.pickup.minecraft.anvil":1,"stat.craftItem.minecraft.stone_pickaxe":8,"stat.craftItem.minecraft.cooked_beef":129,"stat.mineBlock.minecraft.obsidian":30,"stat.pickup.minecraft.cobblestone":3125,"stat.useItem.minecraft.stone_shovel":76,"stat.flyOneCm":1039724,"stat.pickup.minecraft.sandstone":24,"stat.drop.minecraft.wheat_seeds":6,"stat.useItem.minecraft.cooked_beef":60,"stat.pickup.minecraft.cactus":5,"stat.pickup.minecraft.redstone":276,"stat.mineBlock.minecraft.iron_ore":189,"stat.timeSinceDeath":26812,"stat.pickup.minecraft.mutton":3,"stat.craftItem.minecraft.iron_block":3,"stat.craftItem.minecraft.stonebrick":56,"stat.useItem.minecraft.potato":1,"stat.drop.minecraft.dirt":14,"stat.mineBlock.minecraft.coal_ore":254,"stat.killEntity.Creeper":7,"stat.talkedToVillager":37,"stat.pickup.minecraft.string":14,"stat.pickup.spartanweaponry.material":2,"stat.pickup.tombstone.crafting_ingredient":8,"stat.useItem.spartanweaponry.saber_stone":3,"stat.useItem.minecraft.milk_bucket":3,"stat.entityKilledBy.Skeleton":3,"stat.craftItem.minecraft.stone_slab2":0,"stat.killEntity.Squid":5,"stat.sprintOneCm":1063287,"stat.craftItem.minecraft.stick":128,"stat.useItem.tombstone.magic_scroll":8,"stat.craftItem.minecraft.stone":64,"stat.mineBlock.minecraft.diamond_ore":6,"stat.mineBlock.minecraft.crafting_table":4,"tombstone:use_vanishing":2,"stat.useItem.minecraft.diamond_pickaxe":1406,"stat.drop.tombstone.dust_of_vanishing":2,"stat.mineBlock.minecraft.planks":2,"stat.drop":43,"stat.craftItem.spartanshields.shield_basic_stone":1,"stat.killEntity.Sheep":2,"stat.craftItem.minecraft.emerald":22,"stat.craftItem.minecraft.diamond_pickaxe":2,"stat.killEntity.Zombie":26,"stat.craftItem.minecraft.dye":4,"stat.mineBlock.minecraft.gold_ore":36,"stat.diveOneCm":41838,"stat.craftItem.minecraft.sandstone":58,"stat.pickup.minecraft.wheat":22,"stat.drop.minecraft.wooden_pickaxe":1,"stat.pickup.minecraft.gravel":186,"stat.drop.minecraft.cooked_beef":45,"stat.mineBlock.minecraft.anvil":1,"stat.pickup.minecraft.stone_axe":1,"stat.mineBlock.minecraft.deadbush":1,"stat.pickup.minecraft.obsidian":33,"stat.jump":7344,"stat.useItem.minecraft.sand":13,"stat.pickup.minecraft.coal":320,"stat.pickup.minecraft.iron_helmet":1,"stat.pickup.minecraft.iron_ingot":95,"stat.useItem.minecraft.stone_axe":19,"stat.pickup.minecraft.gunpowder":7,"stat.pickup.minecraft.spider_eye":7,"stat.craftItem.minecraft.torch":280,"stat.pickup.minecraft.dirt":70,"stat.craftItem.minecraft.iron_helmet":2,"stat.pickup.nocubessrpnests.wormtooth":15,"stat.pickup.minecraft.iron_ore":189,"stat.pickup.minecraft.stone_shovel":1,"stat.drop.spartanweaponry.saber_iron":2,"stat.pickup.minecraft.gold_ore":36,"stat.mineBlock.minecraft.lapis_ore":13,"stat.damageTaken":11173,"stat.pickup.minecraft.leather":125,"stat.mineBlock.minecraft.furnace":6,"stat.mineBlock.minecraft.torch":16,"stat.mineBlock.minecraft.red_flower":6,"stat.useItem.minecraft.wooden_pickaxe":9,"stat.tradedWithVillager":23,"stat.pickup.srparasites.assimilated_flesh":14,"tombstone:undead_killed":46,"stat.useItem.tombstone.grave_key":2,"stat.pickup.minecraft.potato":4,"stat.damageDealt":30226,"stat.craftItem.minecraft.glass":63,"stat.pickup.spartanweaponry.saber_iron":2,"stat.craftItem.minecraft.anvil":1,"stat.mineBlock.nocubessrpnests.fleshwormspike":1,"stat.killEntity.Silverfish":1,"stat.killEntity.Cow":68,"stat.craftItem.spartanweaponry.saber_stone":1,"stat.craftItem.minecraft.stone_shovel":1,"stat.craftItem.securitycraft.universal_block_reinforcer_lvl1":1,"stat.walkOneCm":752976,"stat.playerKills":1,"stat.drop.minecraft.wheat":11,"stat.pickup.minecraft.stick":42,"stat.pickup.minecraft.diamond_pickaxe":1,"stat.useItem.tombstone.gift":2,"stat.pickup.minecraft.stone":228,"stat.craftItem.minecraft.iron_chestplate":2,"stat.drop.minecraft.potato":2,"stat.pickup.minecraft.cooked_beef":43,"stat.pickup.minecraft.gold_ingot":20,"stat.killEntity.Skeleton":17,"stat.craftItem.travelersbackpack.sleeping_bag_bottom":1,"stat.pickup.dynamictrees.cactusseed":2,"stat.killEntity.Chicken":1,"stat.mineBlock.srparasites.infestremain":27,"stat.killEntity.Spider":10,"stat.craftItem.ironchest.wood_iron_chest_upgrade":2,"stat.mobKills":215,"stat.drop.tombstone.magic_scroll":1,"stat.pickup.minecraft.diamond":6,"stat.mineBlock.srparasites.parasitecanister":2,"stat.pickup.minecraft.torch":22,"stat.mineBlock.minecraft.redstone_ore":61,"stat.drop.minecraft.stone_axe":2,"stat.drop.minecraft.beef":1,"stat.mineBlock.minecraft.stone":1949,"stat.useItem.minecraft.sandstone":80}