{"stat.leaveGame":2,"stat.mineBlock.minecraft.cobblestone":14,"stat.pickup.minecraft.flint":2,"stat.mineBlock.srparasites.gore":20,"stat.useItem.minecraft.diamond_sword":8,"stat.pickup.srparasites.parasitecanister":1,"stat.swimOneCm":12443,"stat.useItem.minecraft.planks":1,"stat.drop.minecraft.cobblestone":2,"stat.useItem.minecraft.stone_slab2":76,"stat.pickup.minecraft.rotten_flesh":7,"stat.drop.spartanshields.shield_basic_stone":1,"stat.craftItem.minecraft.furnace":3,"stat.useItem.minecraft.egg":3,"stat.craftItem.minecraft.stone_axe":2,"stat.craftItem.spartanshields.shield_basic_iron":1,"stat.craftItem.minecraft.stone_pickaxe":8,"stat.craftItem.minecraft.cooked_beef":12,"stat.pickup.minecraft.cobblestone":942,"stat.useItem.minecraft.stone_shovel":16,"stat.craftItem.minecraft.stone_sword":1,"stat.flyOneCm":212351,"stat.pickup.dynamictrees.spruceseed":1,"stat.pickup.spartanshields.shield_basic_stone":1,"stat.drop.minecraft.wheat_seeds":1,"stat.useItem.minecraft.cooked_beef":6,"stat.mineBlock.minecraft.iron_ore":20,"stat.timeSinceDeath":33264,"stat.craftItem.spartanshields.shield_basic_wood":2,"stat.useItem.minecraft.iron_pickaxe":22,"stat.useItem.minecraft.spawn_egg":1,"stat.craftItem.minecraft.wooden_pickaxe":1,"stat.furnaceInteraction":26,"stat.killEntity.ZombieVillager":1,"stat.pickup.srparasites.lurecomponent2":1,"stat.mineBlock.minecraft.coal_ore":59,"stat.pickup.srparasites.lurecomponent1":5,"stat.killEntity.Creeper":1,"stat.pickup.minecraft.beef":17,"stat.pickup.minecraft.furnace":2,"stat.pickup.tombstone.crafting_ingredient":5,"stat.useItem.minecraft.milk_bucket":3,"stat.craftItem.minecraft.stone_slab2":0,"stat.sprintOneCm":248507,"stat.craftItem.minecraft.stick":72,"stat.mineBlock.minecraft.diamond_ore":6,"stat.mineBlock.minecraft.crafting_table":4,"stat.pickup.minecraft.emerald":2,"stat.pickup.dynamictrees.oakseed":31,"stat.deaths":10,"stat.drop":15,"stat.pickup.minecraft.egg":2,"stat.playOneMinute":84854,"stat.craftItem.spartanshields.shield_basic_stone":1,"stat.craftItem.minecraft.iron_pickaxe":1,"stat.killEntity.Zombie":4,"stat.mineBlock.minecraft.tallgrass":10,"stat.diveOneCm":6941,"stat.chestOpened":2,"stat.useItem.minecraft.stone":18,"stat.drop.minecraft.wooden_pickaxe":1,"stat.pickup.minecraft.gravel":20,"stat.drop.minecraft.cooked_beef":3,"stat.pickup.minecraft.stone_axe":1,"stat.craftItem.minecraft.coal":9,"stat.jump":1615,"stat.pickup.minecraft.coal":65,"stat.fallOneCm":31158,"stat.drop.minecraft.stone":11,"stat.useItem.minecraft.stone_axe":9,"stat.crouchOneCm":11199,"stat.craftItem.minecraft.torch":80,"stat.craftItem.minecraft.iron_ingot":20,"stat.pickup.minecraft.dirt":7,"stat.craftItem.minecraft.iron_helmet":1,"stat.craftingTableInteraction":29,"stat.pickup.minecraft.iron_ore":20,"stat.pickup.minecraft.milk_bucket":1,"stat.pickup.minecraft.feather":2,"stat.damageTaken":2909,"stat.pickup.minecraft.leather":9,"stat.mineBlock.minecraft.furnace":2,"stat.mineBlock.minecraft.torch":8,"stat.useItem.minecraft.wooden_pickaxe":9,"stat.pickup.srparasites.assimilated_flesh":4,"stat.pickup.minecraft.planks":79,"tombstone:undead_killed":6,"stat.pickup.minecraft.wheat_seeds":2,"stat.mineBlock.minecraft.gravel":16,"stat.useItem.minecraft.stone_pickaxe":1049,"stat.useItem.minecraft.stone_sword":91,"stat.damageDealt":4494,"stat.killEntity.Cow":10,"stat.craftItem.minecraft.stone_shovel":1,"stat.walkOneCm":210780,"stat.useItem.minecraft.torch":76,"stat.pickup.minecraft.stick":21,"stat.drop.tombstone.crafting_ingredient":4,"stat.pickup.minecraft.crafting_table":4,"stat.useItem.minecraft.cobblestone":222,"stat.craftItem.minecraft.crafting_table":2,"stat.drop.srparasites.parasitecanister":1,"stat.useItem.dynamictrees.oakseed":5,"stat.mineBlock.minecraft.emerald_ore":2,"stat.pickup.minecraft.log":56,"stat.drop.minecraft.chicken":1,"stat.useItem.tombstone.gift":1,"stat.pickup.minecraft.stone":50,"stat.craftItem.minecraft.iron_chestplate":1,"stat.pickup.minecraft.chicken":2,"stat.entityKilledBy.Enderman":1,"stat.killEntity.Skeleton":1,"stat.craftItem.minecraft.planks":172,"stat.killEntity.Chicken":1,"stat.mobKills":37,"stat.pickup.minecraft.diamond":6,"stat.mineBlock.srparasites.parasitecanister":1,"stat.pickup.minecraft.torch":9,"stat.sneakTime":3625,"stat.drop.minecraft.stone_axe":2,"stat.mineBlock.minecraft.stone":976}