{"stats":{"minecraft:dropped":{"minecraft:moss_block":1,"jujutsucraft:uniform_normal_leggings":1,"minecraft:smooth_stone_slab":1,"minecraft:wheat":3,"minecraft:prismarine_shard":1,"minecraft:rotten_flesh":5,"minecraft:enchanted_golden_apple":1,"jujutsucraft:uniform_normal_chestplate":1,"minecraft:cod":2,"minecraft:melon_seeds":1,"minecraft:birch_door":1,"minecraft:ladder":6,"gravestone:obituary":1,"jujutsucraft:sukuna_fushiguro_spawn_egg":1,"jujutsucraft:uniform_normal_boots":1,"minecraft:string":1,"minecraft:music_disc_cat":1,"minecraft:redstone":4},"minecraft:killed":{"jujutsucraft:mimiko":2,"jujutsucraft:cursed_spirit_grade_32":8,"jujutsucraft:eight_handled_swrod_divergent_sila_divine_general_mahoraga":1,"jujutsucraft:cursed_spirit_grade_31":1,"jujutsucraft:cursed_spirit_grade_33":35,"jujutsucraft:kukuru":4,"jujutsucraft:nanako":2,"jujutsucraft:jujutsu_sorcerer":4,"minecraft:elder_guardian":1,"jujutsucraft:nishimiya_momo":1,"minecraft:salmon":4,"minecraft:bat":47,"jujutsucraft:cursed_spirit_grade_37":1,"jujutsucraft:cursed_spirit_grade_35":1,"jujutsucraft:yoshino_junpei":2,"jujutsucraft:cursed_spirit_grade_318":8,"jujutsucraft:cursed_spirit_grade_211":2,"jujutsucraft:curse_user_1":11,"jujutsucraft:kumiya_juzo":1,"jujutsucraft:curse_user":7,"jujutsucraft:itadori_yuji":1,"jujutsucraft:cursed_spirit_grade_39":7,"minecraft:guardian":23,"jujutsucraft:shigemo_haruta":1,"jujutsucraft:cursed_spirit_grade_313":2,"jujutsucraft:cursed_spirit_grade_312":2,"jujutsucraft:cursed_spirit_grade_314":16,"jujutsucraft:cursed_spirit_grade_311":5,"jujutsucraft:cursed_spirit_grade_310":2,"jujutsucraft:negi_toshihisa":2,"jujutsucraft:cursed_spirit_grade_36":7,"jujutsucraft:rozetsu_shikigami":1,"jujutsucraft:gojo_satoru":1,"jujutsucraft:moon_dregs":1,"jujutsucraft:cursed_spirit_grade_317":16,"jujutsucraft:cursed_spirit_grade_315":10,"jujutsucraft:cursed_spirit_grade_38":3,"jujutsucraft:cursed_spirit_grade_34":19,"jujutsucraft:cursed_spirit_grade_319":5,"jujutsucraft:cursed_spirit_grade_27":1,"jujutsucraft:q":4},"minecraft:picked_up":{"minecraft:birch_door":1,"minecraft:wheat":4,"minecraft:ladder":6,"minecraft:prismarine_shard":1,"minecraft:water_bucket":1,"jujutsucraft:uniform_normal_boots":1,"jujutsucraft:sukuna_perfect_spawn_egg":1,"gravestone:obituary":1,"minecraft:cobblestone_wall":1,"jujutsucraft:clothes_zenin_boots":1,"minecraft:music_disc_cat":1,"minecraft:string":1,"jujutsucraft:uniform_normal_leggings":1,"minecraft:name_tag":1,"minecraft:smooth_stone_slab":3,"minecraft:bone":6,"minecraft:eye_armor_trim_smithing_template":1,"minecraft:enchanted_golden_apple":1,"minecraft:light_gray_wool":1,"minecraft:moss_block":1,"minecraft:book":1,"minecraft:acacia_log":128,"jujutsucraft:uniform_normal_chestplate":1,"minecraft:redstone":4,"jujutsucraft:fushiguro_megumi_shibuya_spawn_egg":1,"jujutsucraft:clothes_fushiguro_toji_leggings":2,"minecraft:rotten_flesh":8,"jujutsucraft:sukuna_fushiguro_spawn_egg":1,"minecraft:cyan_terracotta":1,"jujutsucraft:clothes_sukuna_fushiguro_chestplate":1,"minecraft:gray_wool":1,"minecraft:golden_horse_armor":1,"minecraft:oak_sapling":1,"minecraft:melon_seeds":1,"jujutsucraft:gojo_satoru_spawn_egg":1,"minecraft:cod":2,"minecraft:white_wool":4},"minecraft:used":{"jujutsucraft:uniform_normal_boots":1,"minecraft:white_wool":4,"jujutsucraft:sukuna_finger":20,"jujutsucraft:clothes_fushiguro_toji_leggings":3,"minecraft:cobblestone_wall":1,"jujutsucraft:uniform_normal_chestplate":2,"jujutsucraft:clothes_zenin_boots":2,"minecraft:cyan_terracotta":1,"jujutsucraft:clothes_sukuna_fushiguro_chestplate":3,"minecraft:light_gray_wool":1,"jujutsucraft:gojo_satoru_spawn_egg":1,"jujutsucraft:uniform_normal_leggings":2,"minecraft:oak_sapling":1,"minecraft:smooth_stone_slab":2,"minecraft:gray_wool":1,"jujutsucraft:sukuna_fushiguro_spawn_egg":1},"minecraft:custom":{"minecraft:interact_with_furnace":2,"minecraft:mob_kills":272,"minecraft:damage_dealt_resisted":53708,"minecraft:leave_game":2,"minecraft:time_since_death":5957,"minecraft:climb_one_cm":2569,"minecraft:damage_resisted":1907,"minecraft:time_since_rest":5993,"minecraft:sprint_one_cm":258545,"minecraft:damage_taken":583,"minecraft:walk_one_cm":259285,"minecraft:drop":20,"minecraft:damage_dealt":1628,"minecraft:fly_one_cm":610489,"minecraft:player_kills":2,"minecraft:open_chest":11,"minecraft:crouch_one_cm":1117,"minecraft:play_time":51952,"minecraft:deaths":1,"minecraft:sneak_time":597,"minecraft:walk_under_water_one_cm":8960,"minecraft:jump":771,"minecraft:walk_on_water_one_cm":6756,"minecraft:total_world_time":51952,"minecraft:fall_one_cm":55983},"minecraft:mined":{"minecraft:light_blue_stained_glass_pane":6,"minecraft:blue_stained_glass_pane":2,"minecraft:gray_stained_glass_pane":3,"minecraft:gray_stained_glass":3,"minecraft:white_stained_glass_pane":1,"minecraft:moss_block":1,"minecraft:fire":8,"minecraft:bookshelf":1,"minecraft:oak_leaves":1}},"DataVersion":3465}