{"stats":{"minecraft:killed_by":{"jujutsucraft:itadori_yuji":1,"jujutsucraft:cursed_spirit_grade_05":2,"jujutsucraft:cursed_spirit_grade_23":1,"jujutsucraft:nishimiya_momo":1,"jujutsucraft:uraume":2,"jujutsucraft:zenin_naoya":1,"jujutsucraft:q":1,"jujutsucraft:eight_handled_swrod_divergent_sila_divine_general_mahoraga":1,"jujutsucraft:cursed_spirit_grade_311":1,"jujutsucraft:cursed_spirit_grade_39":1,"minecraft:player":24,"jujutsucraft:cursed_spirit_grade_12":5,"jujutsucraft:yoshino_junpei":3,"minecraft:iron_golem":1,"jujutsucraft:cursed_spirit_grade_315":1,"jujutsucraft:curse_user":3,"jujutsucraft:sukuna_fushiguro":2,"jujutsucraft:kumiya_juzo":2,"jujutsucraft:shigemo_haruta":1,"jujutsucraft:itadori_yuji_shibuya":4},"minecraft:used":{"jujutsucraft:curse_user_1_spawn_egg":1,"minecraft:polished_blackstone":45,"minecraft:ladder":8,"minecraft:shield":104,"minecraft:chest":12,"minecraft:stone":142,"jujutsucraft:jujutsu_sorcerer_spawn_egg":2,"minecraft:farmland":25,"minecraft:grass":1,"jujutsucraft:cursed_spirit_grade_02_spawn_egg":1,"jujutsucraft:clothes_fushiguro_toji_leggings":1,"minecraft:jungle_planks":2,"minecraft:carrot":12,"ironchest:iron_chest":2,"enchantinginfuser:advanced_enchanting_infuser":1,"jujutsucraft:clothes_zenin_boots":1,"minecraft:spruce_boat":1,"minecraft:villager_spawn_egg":8,"minecraft:grass_block":204,"minecraft:iron_helmet":2,"jujutsucraft:clothes_sukuna_fushiguro_chestplate":1,"minecraft:stone_bricks":16,"minecraft:item_frame":2,"minecraft:bedrock":5,"minecraft:oak_sapling":1,"minecraft:furnace":10,"minecraft:egg":8,"jujutsucraft:cursed_spirit_grade_12_spawn_egg":1,"minecraft:polished_blackstone_stairs":4,"minecraft:cow_spawn_egg":1,"minecraft:stone_pickaxe":264,"minecraft:oak_planks":57,"minecraft:ender_pearl":3,"minecraft:wooden_pickaxe":9,"jujutsucraft:q_spawn_egg":1,"minecraft:blue_bed":1,"minecraft:golden_apple":8,"minecraft:light_gray_terracotta":2,"minecraft:black_bed":5,"jujutsucraft:clothes_hakari_kinji_chestplate":10,"jujutsucraft:sword_okkotsu_yuta":26,"jujutsucraft:curse_user_spawn_egg":1,"minecraft:redstone_torch":1,"minecraft:light_gray_concrete":411,"jujutsucraft:tsukumo_yuki_spawn_egg":1,"minecraft:stone_button":1,"minecraft:deepslate":61,"tombstone:grave_key":15,"jujutsucraft:clothes_hakari_kinji_boots":3,"minecraft:iron_door":1,"minecraft:oak_pressure_plate":5,"jujutsucraft:shikigami_pterosaur_spawn_egg":1,"jujutsucraft:gojo_satoru_spawn_egg":1,"minecraft:smooth_stone_slab":2,"minecraft:oak_boat":3,"minecraft:iron_bars":62,"minecraft:stone_sword":2,"minecraft:enchanting_table":2,"jujutsucraft:cursed_spirit_grade_03_spawn_egg":1,"minecraft:carved_pumpkin":2,"minecraft:redstone":1,"minecraft:spruce_planks":168,"minecraft:torch":829,"jujutsucraft:clothes_hakari_kinji_helmet":5,"minecraft:dirt":67,"minecraft:anvil":1,"minecraft:white_carpet":7,"minecraft:spruce_stairs":3,"minecraft:diamond_helmet":2,"minecraft:polished_diorite":7,"jujutsucraft:cursed_spirit_grade_01_spawn_egg":2,"minecraft:bookshelf":3,"minecraft:iron_block":6,"minecraft:iron_axe":120,"jujutsucraft:clothes_hakari_kinji_leggings":2,"minecraft:tall_grass":1,"minecraft:podzol":1,"tombstone:gift":7,"minecraft:wheat_seeds":8,"jujutsucraft:sword_black":62,"tombstone:scroll_of_reach":1,"minecraft:water_bucket":4,"minecraft:cobblestone_stairs":1,"minecraft:dirt_path":18,"minecraft:snow_block":1,"jujutsucraft:cursed_spirit_grade_11_spawn_egg":1,"minecraft:iron_golem_spawn_egg":169,"jujutsucraft:uniform_normal_boots":1,"jujutsucraft:eight_handled_swrod_divergent_sila_divine_general_mahoraga_spawn_egg":2,"minecraft:mossy_cobblestone":1,"jujutsucraft:cursed_spirit_armoury_chestplate":7,"minecraft:vine":4,"minecraft:oak_slab":5,"minecraft:crafting_table":12,"minecraft:spruce_log":2,"minecraft:book":12,"minecraft:diamond_pickaxe":414,"minecraft:iron_pickaxe":58,"minecraft:pig_spawn_egg":1,"minecraft:stone_axe":132,"enchantinginfuser:enchanting_infuser":1,"jujutsucraft:cursed_spirit_grade_05_spawn_egg":1,"minecraft:cobblestone":244,"minecraft:diamond_leggings":1},"minecraft:killed":{"jujutsucraft:mimiko":2,"jujutsucraft:cursed_spirit_grade_32":28,"jujutsucraft:cursed_spirit_grade_31":6,"jujutsucraft:cursed_spirit_grade_33":54,"jujutsucraft:cursed_spirit_grade_11":1,"jujutsucraft:doll_1":2,"jujutsucraft:cursed_spirit_grade_12":2,"jujutsucraft:cursed_spirit_grade_37":1,"jujutsucraft:cursed_spirit_grade_35":7,"jujutsucraft:cursed_spirit_grade_39":55,"jujutsucraft:cursed_spirit_grade_15":1,"jujutsucraft:cursed_spirit_grade_19":3,"jujutsucraft:cursed_spirit_grade_16":2,"jujutsucraft:fist":1,"jujutsucraft:cursed_spirit_grade_38":10,"jujutsucraft:cursed_spirit_grade_34":44,"jujutsucraft:hazenoki":1,"minecraft:wolf":1,"minecraft:pig":7,"minecraft:salmon":3,"jujutsucraft:zenin_jinichi":1,"minecraft:iron_golem":5,"jujutsucraft:curse_user_1":15,"jujutsucraft:cursed_spirit_grade_211":1,"jujutsucraft:itadori_yuji":1,"minecraft:sheep":7,"jujutsucraft:cursed_spirit_grade_29":1,"jujutsucraft:cursed_spirit_grade_28":1,"minecraft:pillager":1,"jujutsucraft:cursed_spirit_grade_314":25,"jujutsucraft:crow":1,"jujutsucraft:cursed_spirit_grade_18":1,"jujutsucraft:cursed_spirit_grade_17":2,"jujutsucraft:cursed_spirit_grade_110":1,"jujutsucraft:cursed_spirit_grade_315":13,"jujutsucraft:cursed_spirit_grade_212":3,"jujutsucraft:sea_serpent_mini":13,"minecraft:cow":1,"jujutsucraft:transfigured_human_3":2,"jujutsucraft:nanako":4,"jujutsucraft:charles_bernard":1,"jujutsucraft:cursed_spirit_grade_24":1,"jujutsucraft:cursed_spirit_grade_318":3,"jujutsucraft:cursed_spirit_grade_316":7,"jujutsucraft:cursed_spirit_grade_22":3,"jujutsucraft:kumiya_juzo":2,"jujutsucraft:transfigured_human_2":2,"jujutsucraft:cursed_spirit_grade_01":2,"jujutsucraft:shikigami_pterosaur":1,"jujutsucraft:shigemo_haruta":6,"jujutsucraft:cursed_spirit_grade_312":8,"jujutsucraft:cursed_spirit_grade_313":2,"takesapillage:clay_golem":2,"jujutsucraft:sea_serpent":47,"jujutsucraft:eso":1,"jujutsucraft:cursed_spirit_grade_23":2,"jujutsucraft:cursed_spirit_grade_317":35,"jujutsucraft:uraume":1,"minecraft:rabbit":1,"minecraft:bat":6,"jujutsucraft:curse_user":2,"minecraft:squid":3,"jujutsucraft:entity_scissors":40,"jujutsucraft:cursed_spirit_grade_14":2,"jujutsucraft:cursed_spirit_grade_311":12,"jujutsucraft:cursed_spirit_grade_310":13,"jujutsucraft:negi_toshihisa":4,"jujutsucraft:cursed_spirit_grade_36":22,"jujutsucraft:cursed_spirit_grade_25":4,"jujutsucraft:cursed_spirit_grade_319":27,"minecraft:villager":5,"jujutsucraft:q":6},"minecraft:picked_up":{"minecraft:birch_door":2,"minecraft:wheat":23,"jujutsucraft:clothes_hakari_kinji_boots":1,"minecraft:redstone_block":1,"minecraft:anvil":7,"minecraft:flower_pot":1,"jujutsucraft:insect_armor_chestplate":1,"jujutsucraft:uniform_normal_boots":1,"minecraft:enchanted_book":8,"tombstone:grave_key":3,"minecraft:brewing_stand":4,"minecraft:music_disc_cat":2,"minecraft:string":152,"minecraft:smooth_stone_slab":7,"minecraft:iron_leggings":1,"jujutsucraft:clothes_hakari_kinji_helmet":3,"minecraft:beetroot":1,"minecraft:diamond_leggings":1,"jujutsucraft:sword_black":11,"minecraft:spruce_planks":130,"minecraft:eye_armor_trim_smithing_template":3,"minecraft:redstone_torch":2,"minecraft:iron_pickaxe":1,"minecraft:enchanted_golden_apple":1,"minecraft:furnace":9,"minecraft:dark_oak_door":2,"minecraft:stick":52,"minecraft:jungle_door":11,"minecraft:composter":1,"minecraft:torch":84,"minecraft:acacia_log":6,"minecraft:spruce_stairs":8,"minecraft:porkchop":27,"jujutsucraft:sword_okkotsu_yuta":3,"minecraft:snow_block":7,"tombstone:grave_dust":8,"minecraft:vine":10,"minecraft:brown_carpet":2,"minecraft:stone_sword":2,"minecraft:cactus":15,"jujutsucraft:naginata":1,"minecraft:rotten_flesh":68,"minecraft:iron_block":4,"minecraft:cyan_terracotta":2,"minecraft:cod":23,"minecraft:snowball":9,"minecraft:cobblestone":507,"minecraft:enchanting_table":8,"minecraft:iron_door":2,"minecraft:jungle_log":3,"minecraft:andesite":36,"minecraft:black_bed":4,"minecraft:smoker":1,"minecraft:potato":13,"tombstone:familiar_receptacle":1,"jujutsucraft:bullet_ball":60,"minecraft:lapis_lazuli":74,"minecraft:dirt":79,"minecraft:lantern":3,"minecraft:name_tag":4,"jujutsucraft:pendant_todo_aoi":1,"minecraft:bone":32,"minecraft:gray_terracotta":3,"minecraft:wheat_seeds":62,"tombstone:scroll_of_reach":1,"minecraft:mossy_stone_bricks":1,"minecraft:diamond_helmet":2,"minecraft:rabbit":1,"minecraft:bamboo":2,"minecraft:oak_planks":13,"jujutsucraft:clothes_hakari_kinji_leggings":2,"minecraft:diorite_wall":1,"minecraft:music_disc_13":1,"minecraft:oak_pressure_plate":19,"minecraft:sand":5,"minecraft:stripped_spruce_log":1,"minecraft:ink_sac":44,"minecraft:grass_block":8,"minecraft:diamond_block":1,"minecraft:spectral_arrow":1,"minecraft:mossy_cobblestone":3,"minecraft:light_gray_concrete":3,"minecraft:light_gray_terracotta":8,"minecraft:diamond":25,"minecraft:spruce_boat":2,"minecraft:black_concrete":2,"minecraft:lever":1,"minecraft:cracked_polished_blackstone_bricks":1,"jujutsucraft:uniform_q_chestplate":1,"minecraft:granite":40,"minecraft:bone_meal":1,"minecraft:grass":1,"minecraft:golden_apple":6,"minecraft:spruce_sign":1,"minecraft:emerald":32,"minecraft:bread":41,"minecraft:oak_sapling":2,"minecraft:oak_leaves":4,"minecraft:diamond_pickaxe":2,"minecraft:fishing_rod":1,"minecraft:crafting_table":9,"minecraft:allium":24,"minecraft:ladder":25,"minecraft:clay_ball":94,"minecraft:brown_mushroom":3,"minecraft:packed_ice":2,"minecraft:stone_brick_wall":1,"minecraft:diamond_horse_armor":2,"minecraft:shield":1,"jujutsucraft:clothes_zenin_boots":2,"minecraft:cornflower":1,"minecraft:moss_carpet":1,"minecraft:iron_axe":3,"minecraft:acacia_door":2,"minecraft:item_frame":8,"minecraft:white_carpet":7,"minecraft:iron_shovel":2,"minecraft:cracked_stone_bricks":1,"minecraft:detector_rail":2,"minecraft:oak_boat":3,"minecraft:poppy":48,"minecraft:sugar_cane":6,"minecraft:chest":20,"minecraft:egg":6,"minecraft:raw_iron":22,"minecraft:stone":4,"jujutsucraft:sickle":4,"minecraft:oak_door":1,"ironchest:iron_chest":1,"minecraft:polished_blackstone_bricks":1,"minecraft:stone_button":26,"minecraft:carrot":3,"minecraft:redstone":4,"minecraft:iron_horse_armor":4,"minecraft:stone_pressure_plate":2,"jujutsucraft:insect_armor_helmet":1,"jujutsucraft:clothes_fushiguro_toji_leggings":1,"minecraft:diamond_chestplate":1,"minecraft:beetroot_seeds":24,"minecraft:diamond_boots":1,"minecraft:saddle":2,"minecraft:gold_ingot":15,"minecraft:polished_blackstone":14,"minecraft:mutton":10,"minecraft:rail":28,"minecraft:white_wool":10,"minecraft:stripped_oak_log":5,"jujutsucraft:mahoraga_wheel_helmet":1,"minecraft:salmon":71,"minecraft:leather":2,"jujutsucraft:sukuna_finger":2,"jujutsucraft:sword_kusakabe":1,"minecraft:oak_log":30,"minecraft:cobblestone_wall":2,"minecraft:gunpowder":26,"minecraft:cobblestone_stairs":1,"jujutsucraft:insect_armor_leggings":1,"tombstone:gift":1,"minecraft:cooked_mutton":1,"minecraft:podzol":1,"jujutsucraft:clothes_hakari_kinji_chestplate":1,"minecraft:apple":4,"minecraft:stone_bricks":78,"minecraft:iron_ingot":216,"minecraft:stone_pickaxe":1,"minecraft:tall_grass":1,"jujutsucraft:sword_miwa_kasumi":2,"minecraft:acacia_sapling":4,"minecraft:dark_oak_stairs":1,"minecraft:book":147,"minecraft:white_stained_glass_pane":2,"minecraft:emerald_block":2,"minecraft:pumpkin":14,"minecraft:sweet_berries":13,"minecraft:dandelion":2,"minecraft:gravel":1,"minecraft:spruce_sapling":3,"jujutsucraft:cursed_spirit_armoury_chestplate":2,"minecraft:spruce_log":96,"minecraft:spruce_door":8,"minecraft:pumpkin_seeds":12,"minecraft:polished_diorite":23,"jujutsucraft:item_master_reverse_cursed_technique":3,"minecraft:iron_helmet":1,"jujutsucraft:clothes_sukuna_fushiguro_chestplate":2,"minecraft:melon_seeds":4,"minecraft:coal":142,"minecraft:ender_pearl":10},"minecraft:dropped":{"minecraft:porkchop":13,"jujutsucraft:insect_armor_leggings":2,"minecraft:ender_pearl":5,"minecraft:diamond":1,"minecraft:crafting_table":1,"jujutsucraft:clothes_hakari_kinji_leggings":1,"jujutsucraft:clothes_hakari_kinji_boots":1,"jujutsucraft:sickle":2,"minecraft:iron_horse_armor":2,"minecraft:cod":23,"minecraft:item_frame":1,"minecraft:cyan_terracotta":1,"minecraft:dirt":33,"minecraft:grass":1,"minecraft:packed_ice":1,"minecraft:stone_button":4,"minecraft:mutton":4,"minecraft:snowball":3,"minecraft:white_stained_glass_pane":3,"jujutsucraft:insect_armor_helmet":2,"minecraft:polished_blackstone_bricks":1,"minecraft:iron_pickaxe":1,"minecraft:black_concrete":1,"minecraft:acacia_door":1,"minecraft:fishing_rod":1,"minecraft:white_wool":2,"jujutsucraft:bullet_ball":58,"minecraft:bone":1,"minecraft:gravel":1,"minecraft:stone_axe":1,"minecraft:lever":1,"minecraft:detector_rail":2,"minecraft:wheat":5,"jujutsucraft:clothes_sukuna_fushiguro_chestplate":2,"minecraft:rotten_flesh":18,"minecraft:oak_planks":16,"minecraft:enchanted_golden_apple":1,"minecraft:cooked_mutton":1,"minecraft:salmon":1,"jujutsucraft:clothes_fushiguro_toji_leggings":1,"minecraft:gunpowder":19,"minecraft:beetroot_seeds":4,"minecraft:melon_seeds":4,"minecraft:birch_door":2,"minecraft:ladder":13,"minecraft:oak_leaves":4,"minecraft:enchanting_table":2,"jujutsucraft:clothes_hakari_kinji_helmet":1,"minecraft:enchanted_book":2,"minecraft:bread":2,"minecraft:vine":4,"minecraft:wheat_seeds":4,"minecraft:polished_blackstone":13,"minecraft:mossy_cobblestone":2,"minecraft:bookshelf":1,"minecraft:diamond_leggings":1,"minecraft:cobblestone":88,"jujutsucraft:sword_black":10,"minecraft:apple":4,"minecraft:granite":40,"minecraft:spruce_button":64,"minecraft:spruce_door":2,"minecraft:spruce_stairs":1,"minecraft:grass_block":8,"minecraft:golden_apple":3,"minecraft:stick":35,"jujutsucraft:slaughter_demon":1,"minecraft:ink_sac":3,"jujutsucraft:insect_armor_chestplate":2,"minecraft:torch":128,"tombstone:grave_key":2,"minecraft:jungle_door":3,"minecraft:iron_leggings":1,"minecraft:iron_axe":2,"minecraft:cactus":18,"minecraft:iron_shovel":2,"minecraft:music_disc_cat":1,"minecraft:spruce_sapling":1,"minecraft:redstone":8,"minecraft:snow_block":3,"minecraft:polished_diorite":11,"minecraft:anvil":4,"minecraft:moss_carpet":1,"minecraft:kelp":2,"jujutsucraft:cursed_spirit_armoury_chestplate":1,"jujutsucraft:uniform_normal_leggings":1,"minecraft:stone_sword":2,"minecraft:cobblestone_wall":1,"minecraft:smooth_stone_slab":2,"minecraft:light_gray_terracotta":2,"minecraft:composter":1,"jujutsucraft:sword_okkotsu_yuta":2,"minecraft:light_gray_concrete":3,"minecraft:pumpkin_seeds":8,"jujutsucraft:uniform_normal_chestplate":1,"minecraft:potato":6,"minecraft:gray_terracotta":3,"minecraft:spruce_boat":2,"minecraft:stone":3,"minecraft:shield":1,"minecraft:flower_pot":13,"jujutsucraft:recommendation_1":1,"minecraft:allium":15,"minecraft:diamond_chestplate":1,"minecraft:diamond_pickaxe":1,"jujutsucraft:sword_kusakabe":1,"minecraft:oak_sapling":1,"minecraft:redstone_torch":2,"jujutsucraft:clothes_zenin_boots":2,"minecraft:diamond_boots":1,"minecraft:spruce_log":4,"minecraft:stone_pickaxe":1,"minecraft:wooden_pickaxe":1,"jujutsucraft:uniform_normal_boots":2,"jujutsucraft:item_master_reverse_cursed_technique":2,"jujutsucraft:clothes_hakari_kinji_chestplate":1},"minecraft:custom":{"minecraft:interact_with_crafting_table":36,"minecraft:open_barrel":13,"minecraft:leave_game":35,"minecraft:time_since_death":2018,"minecraft:damage_resisted":62258,"minecraft:sprint_one_cm":3982479,"minecraft:damage_blocked_by_shield":2762,"minecraft:drop":218,"minecraft:talked_to_villager":32,"minecraft:play_time":749436,"minecraft:deaths":72,"tombstone:tomb_raiding":3,"minecraft:jump":11727,"minecraft:walk_on_water_one_cm":190005,"minecraft:enchant_item":2,"minecraft:interact_with_furnace":36,"minecraft:sleep_in_bed":9,"minecraft:damage_dealt":1789,"minecraft:player_kills":12,"minecraft:crouch_one_cm":83272,"tombstone:villager_killed":5,"minecraft:interact_with_anvil":1,"minecraft:mob_kills":622,"minecraft:damage_dealt_resisted":189560,"minecraft:climb_one_cm":51512,"minecraft:walk_one_cm":1981392,"minecraft:sneak_time":27397,"minecraft:walk_under_water_one_cm":98184,"minecraft:boat_one_cm":11745,"minecraft:total_world_time":749436,"tombstone:raider_killed":1,"minecraft:pot_flower":3,"minecraft:time_since_rest":1319,"minecraft:damage_absorbed":320,"minecraft:damage_taken":58797,"tombstone:cast_on_ally":0,"minecraft:swim_one_cm":68371,"minecraft:fly_one_cm":4211770,"minecraft:open_chest":189,"minecraft:fall_one_cm":512848},"minecraft:mined":{"minecraft:spruce_planks":9,"minecraft:white_bed":1,"minecraft:cobblestone_stairs":1,"minecraft:potted_cactus":1,"minecraft:granite":25,"minecraft:grass_block":4,"minecraft:jungle_log":3,"minecraft:cracked_polished_blackstone_bricks":1,"minecraft:polished_diorite":12,"minecraft:composter":2,"minecraft:oxeye_daisy":1,"minecraft:spawner":10,"minecraft:light_blue_stained_glass":3,"minecraft:polished_blackstone_bricks":1,"minecraft:iron_ore":12,"minecraft:moss_carpet":1,"minecraft:pumpkin":14,"minecraft:anvil":2,"minecraft:enchanting_table":3,"minecraft:iron_bars":2,"minecraft:light_gray_concrete":3,"minecraft:iron_block":3,"minecraft:gray_terracotta":1,"minecraft:quartz_block":3,"minecraft:cyan_terracotta":2,"minecraft:smoker":1,"minecraft:blue_stained_glass":1,"minecraft:powder_snow":129,"minecraft:light_gray_terracotta":3,"minecraft:torch":31,"minecraft:chest":19,"minecraft:white_stained_glass_pane":2,"minecraft:glass":17,"minecraft:cobblestone":17,"minecraft:oak_planks":11,"minecraft:sugar_cane":1,"minecraft:iron_door":1,"minecraft:wall_torch":8,"minecraft:seagrass":1,"minecraft:wheat":17,"minecraft:black_bed":4,"minecraft:smooth_stone_slab":2,"minecraft:grass":301,"minecraft:oak_log":34,"minecraft:diorite_wall":1,"minecraft:dirt":28,"minecraft:oak_leaves":16,"minecraft:emerald_block":1,"minecraft:light_blue_stained_glass_pane":4,"minecraft:diamond_ore":6,"minecraft:blue_stained_glass_pane":3,"minecraft:mossy_cobblestone":1,"minecraft:gray_stained_glass_pane":2,"minecraft:white_stained_glass":15,"minecraft:spruce_leaves":10,"minecraft:moss_block":1,"minecraft:large_fern":4,"minecraft:furnace":8,"minecraft:andesite":12,"minecraft:black_concrete":1,"minecraft:diamond_block":1,"minecraft:stripped_spruce_log":1,"minecraft:bookshelf":38,"minecraft:vine":2,"minecraft:rail":1,"minecraft:lantern":3,"ironchest:iron_chest":1,"minecraft:stripped_oak_log":5,"minecraft:stone":417,"minecraft:podzol":3,"minecraft:redstone_block":1,"minecraft:glass_pane":13,"minecraft:dandelion":4,"minecraft:crafting_table":7,"minecraft:cornflower":1,"minecraft:gray_stained_glass":17,"minecraft:tall_grass":16,"minecraft:lapis_ore":5,"minecraft:blue_bed":1,"minecraft:spruce_stairs":5,"minecraft:sweet_berry_bush":2,"minecraft:white_carpet":7,"minecraft:spruce_log":93,"minecraft:coal_ore":65,"minecraft:cobweb":20,"minecraft:polished_blackstone":1,"minecraft:stone_bricks":63,"minecraft:fern":1},"minecraft:broken":{"minecraft:iron_boots":1,"minecraft:iron_leggings":1,"minecraft:stone_pickaxe":2,"minecraft:diamond_boots":1,"minecraft:stone_axe":1,"securitycraft:universal_block_reinforcer_lvl1":1,"minecraft:diamond_chestplate":1,"securitycraft:universal_block_reinforcer_lvl2":1,"minecraft:diamond_leggings":1,"minecraft:shield":2},"minecraft:crafted":{"minecraft:oak_planks":140,"minecraft:bookshelf":4,"tombstone:grave_key":5,"minecraft:chest":2,"minecraft:crafting_table":5,"minecraft:spruce_planks":436,"minecraft:wooden_pickaxe":1,"minecraft:diamond_pickaxe":1,"minecraft:shield":2,"minecraft:stick":112,"minecraft:iron_ingot":34,"minecraft:iron_pickaxe":1,"minecraft:iron_block":14,"minecraft:stone_sword":1,"minecraft:spruce_button":64,"minecraft:furnace":1,"minecraft:iron_axe":1,"minecraft:ladder":15,"minecraft:stone_pickaxe":2,"minecraft:spruce_boat":2,"minecraft:stone_axe":1,"minecraft:air":0,"minecraft:jungle_planks":12,"minecraft:oak_boat":2,"securitycraft:door_indestructible_iron_item":1,"minecraft:torch":56,"ironchest:iron_chest":1}},"DataVersion":3465}