{"stats":{"minecraft:killed_by":{"minecraft:player":4},"minecraft:dropped":{"minecraft:bread":7,"minecraft:moss_block":1,"minecraft:golden_horse_armor":1,"minecraft:prismarine_shard":1,"jujutsucraft:clothes_hakari_kinji_boots":1,"jujutsucraft:hakari_kinji_spawn_egg":1,"jujutsucraft:gavel":1,"minecraft:cod":2,"minecraft:emerald":3,"gravestone:obituary":6,"minecraft:gold_nugget":3,"minecraft:paper":2,"minecraft:string":1,"minecraft:fishing_rod":1,"minecraft:music_disc_cat":1,"jujutsucraft:sukuna_finger":2,"minecraft:bone":9,"minecraft:redstone":4,"jujutsucraft:sword_of_extermination":1,"jujutsucraft:uniform_normal_leggings":1,"minecraft:smooth_stone_slab":1,"minecraft:wheat":11,"jujutsucraft:cursed_technique_changer":1,"minecraft:rotten_flesh":15,"minecraft:enchanted_golden_apple":1,"jujutsucraft:uniform_normal_chestplate":1,"jujutsucraft:recommendation_1":5,"jujutsucraft:sword_ogi":1,"minecraft:melon_seeds":1,"minecraft:birch_door":1,"minecraft:ladder":6,"jujutsucraft:clothes_miguel_helmet":1,"jujutsucraft:sukuna_fushiguro_spawn_egg":2,"jujutsucraft:uniform_normal_boots":1,"jujutsucraft:scissors":1,"minecraft:iron_ingot":1},"minecraft:killed":{"jujutsucraft:mimiko":5,"jujutsucraft:cursed_spirit_grade_32":10,"jujutsucraft:transfigured_human_3":1,"jujutsucraft:reggie_star":1,"jujutsucraft:dhruv_lakdawalla":1,"jujutsucraft:inumaki_toge":1,"jujutsucraft:cursed_spirit_grade_31":1,"jujutsucraft:cursed_spirit_grade_33":51,"jujutsucraft:nanako":3,"jujutsucraft:cursed_spirit_grade_11":3,"jujutsucraft:zenin_naobito":1,"jujutsucraft:cursed_spirit_grade_12":2,"jujutsucraft:fushiguro_megumi_shibuya":1,"jujutsucraft:cursed_spirit_grade_37":1,"jujutsucraft:cursed_spirit_grade_35":5,"jujutsucraft:yoshino_junpei":6,"jujutsucraft:shikigami_heterocephalus_glaber":1,"jujutsucraft:cursed_spirit_grade_318":43,"jujutsucraft:cursed_spirit_grade_26":1,"jujutsucraft:cursed_spirit_grade_316":4,"jujutsucraft:kumiya_juzo":3,"jujutsucraft:cursed_spirit_grade_22":1,"jujutsucraft:cursed_spirit_grade_03":2,"jujutsucraft:shikigami_pterosaur":4,"jujutsucraft:miwa_kasumi":1,"jujutsucraft:cursed_spirit_grade_39":11,"minecraft:guardian":23,"jujutsucraft:shigemo_haruta":1,"jujutsucraft:cursed_spirit_grade_312":5,"jujutsucraft:cursed_spirit_grade_313":10,"jujutsucraft:cursed_spirit_grade_15":2,"jujutsucraft:toad":1,"jujutsucraft:cursed_spirit_grade_16":4,"jujutsucraft:rozetsu_shikigami":1,"jujutsucraft:cursed_spirit_grade_08":2,"jujutsucraft:cursed_spirit_grade_23":2,"jujutsucraft:zenin_ogi":1,"jujutsucraft:cursed_spirit_grade_317":34,"jujutsucraft:cursed_spirit_grade_38":12,"jujutsucraft:cursed_spirit_grade_34":28,"jujutsucraft:transfigured_human_1":2,"jujutsucraft:kurusu_hana":1,"jujutsucraft:higuruma_hiromi":1,"jujutsucraft:cursed_spirit_grade_27":3,"jujutsucraft:kusakabe_yatsuya":1,"jujutsucraft:cursed_spirit_grade_210":3,"jujutsucraft:eight_handled_swrod_divergent_sila_divine_general_mahoraga":2,"minecraft:pig":1,"jujutsucraft:kukuru":4,"jujutsucraft:jujutsu_sorcerer":4,"minecraft:elder_guardian":1,"jujutsucraft:nishimiya_momo":1,"minecraft:salmon":4,"jujutsucraft:awasaka_jiro":1,"jujutsucraft:zenin_jinichi":2,"minecraft:bat":87,"jujutsucraft:zenin_maki":1,"jujutsucraft:hakari_kinji":2,"jujutsucraft:curse_user_1":15,"jujutsucraft:merged_beast_agito":1,"jujutsucraft:cursed_spirit_grade_211":8,"jujutsucraft:curse_user":10,"jujutsucraft:itadori_yuji":3,"minecraft:squid":2,"minecraft:sheep":3,"jujutsucraft:cursed_spirit_grade_29":2,"jujutsucraft:cursed_spirit_grade_28":3,"jujutsucraft:cursed_spirit_grade_314":30,"jujutsucraft:cursed_spirit_grade_14":3,"jujutsucraft:cursed_spirit_grade_311":10,"jujutsucraft:cursed_spirit_grade_310":12,"jujutsucraft:negi_toshihisa":4,"jujutsucraft:cursed_spirit_grade_18":3,"jujutsucraft:miguel_dancer":2,"jujutsucraft:cursed_spirit_grade_17":3,"jujutsucraft:cursed_spirit_grade_36":16,"jujutsucraft:gojo_satoru":1,"jujutsucraft:sukuna":1,"jujutsucraft:cursed_spirit_grade_25":2,"jujutsucraft:cursed_spirit_grade_110":1,"jujutsucraft:moon_dregs":4,"jujutsucraft:kashimo_hajime":1,"jujutsucraft:cursed_spirit_grade_315":29,"jujutsucraft:cursed_spirit_grade_212":2,"jujutsucraft:cursed_spirit_grade_319":20,"jujutsucraft:hoshi_kirara":1,"jujutsucraft:geto_suguru_curse_user":2,"jujutsucraft:q":6,"jujutsucraft:fushiguro_megumi":2},"minecraft:picked_up":{"minecraft:birch_door":1,"minecraft:fishing_rod":1,"jujutsucraft:clothes_miguel_helmet":1,"minecraft:iron_chestplate":1,"minecraft:wheat":19,"minecraft:ladder":6,"minecraft:prismarine_shard":1,"jujutsucraft:uniform_normal_boots":1,"minecraft:enchanted_book":1,"jujutsucraft:cursed_technique_changer":1,"minecraft:diamond_horse_armor":1,"jujutsucraft:sukuna_perfect_spawn_egg":1,"gravestone:obituary":2,"jujutsucraft:clothes_zenin_boots":3,"minecraft:music_disc_cat":1,"minecraft:string":11,"minecraft:smooth_stone_slab":3,"jujutsucraft:sword_ogi":1,"minecraft:gold_nugget":3,"minecraft:eye_armor_trim_smithing_template":1,"jujutsucraft:supreme_martial_solution":1,"minecraft:light_gray_wool":1,"minecraft:enchanted_golden_apple":1,"minecraft:acacia_log":128,"minecraft:redstone":4,"minecraft:iron_horse_armor":1,"minecraft:cactus":14,"jujutsucraft:clothes_fushiguro_toji_leggings":4,"minecraft:rotten_flesh":22,"minecraft:beetroot_seeds":2,"minecraft:cyan_terracotta":1,"minecraft:netherite_chestplate":1,"minecraft:white_wool":4,"minecraft:cod":2,"jujutsucraft:gojo_satoru_spawn_egg":1,"minecraft:rail":2,"jujutsucraft:recommendation_1":5,"jujutsucraft:mahoraga_wheel_helmet":2,"minecraft:water_bucket":1,"minecraft:andesite":1,"jujutsucraft:hakari_kinji_spawn_egg":1,"jujutsucraft:sukuna_finger":2,"minecraft:cobblestone_wall":1,"minecraft:gunpowder":1,"jujutsucraft:scissors":1,"minecraft:paper":2,"jujutsucraft:uniform_normal_leggings":1,"minecraft:name_tag":1,"minecraft:bone":31,"minecraft:iron_ingot":3,"minecraft:moss_block":1,"minecraft:book":1,"minecraft:music_disc_13":1,"minecraft:gravel":16,"jujutsucraft:uniform_normal_chestplate":1,"jujutsucraft:hiten":1,"jujutsucraft:fushiguro_megumi_shibuya_spawn_egg":1,"minecraft:pumpkin_seeds":3,"jujutsucraft:sukuna_fushiguro_spawn_egg":2,"minecraft:gray_wool":1,"jujutsucraft:clothes_sukuna_fushiguro_chestplate":3,"minecraft:emerald":3,"minecraft:golden_horse_armor":2,"minecraft:bread":6,"minecraft:oak_sapling":1,"minecraft:melon_seeds":1,"minecraft:coal":16,"minecraft:ender_pearl":1},"minecraft:used":{"jujutsucraft:hakari_kinji_spawn_egg":1,"jujutsucraft:sukuna_finger":21,"jujutsucraft:clothes_fushiguro_toji_leggings":6,"jujutsucraft:clothes_todo_aoi_leggings":2,"minecraft:cobblestone_wall":1,"jujutsucraft:clothes_zenin_boots":4,"minecraft:cyan_terracotta":1,"jujutsucraft:clothes_sukuna_fushiguro_chestplate":6,"minecraft:light_gray_wool":1,"minecraft:oak_sapling":1,"minecraft:enchanted_golden_apple":2,"jujutsucraft:uniform_normal_boots":1,"minecraft:white_wool":4,"jujutsucraft:clothes_zenin_2_leggings":1,"jujutsucraft:uniform_normal_chestplate":2,"jujutsucraft:gojo_satoru_spawn_egg":2,"jujutsucraft:uniform_normal_leggings":2,"minecraft:smooth_stone_slab":2,"minecraft:gray_wool":1,"jujutsucraft:mahoraga_wheel_helmet":3,"jujutsucraft:sukuna_fushiguro_spawn_egg":2},"minecraft:custom":{"minecraft:mob_kills":613,"minecraft:damage_dealt_resisted":324963,"minecraft:leave_game":2,"minecraft:time_since_death":6210,"minecraft:damage_resisted":22389,"minecraft:climb_one_cm":3561,"minecraft:sprint_one_cm":759385,"minecraft:walk_one_cm":483315,"minecraft:drop":49,"minecraft:play_time":111952,"minecraft:deaths":8,"minecraft:sneak_time":1950,"minecraft:walk_under_water_one_cm":8960,"minecraft:jump":1230,"minecraft:walk_on_water_one_cm":9265,"minecraft:total_world_time":111952,"minecraft:interact_with_furnace":2,"minecraft:time_since_rest":6253,"minecraft:damage_absorbed":149,"minecraft:damage_taken":5568,"minecraft:damage_dealt":2231,"minecraft:player_kills":3,"minecraft:fly_one_cm":1108866,"minecraft:open_chest":13,"minecraft:crouch_one_cm":5250,"minecraft:fall_one_cm":81494},"minecraft:mined":{"minecraft:light_blue_stained_glass_pane":6,"minecraft:blue_stained_glass_pane":2,"minecraft:gray_stained_glass_pane":3,"minecraft:moss_block":1,"minecraft:fire":8,"minecraft:bookshelf":1,"minecraft:gray_stained_glass":3,"minecraft:white_stained_glass_pane":1,"minecraft:oak_leaves":1}},"DataVersion":3465}