{"stats":{"minecraft:killed_by":{"jujutsucraft:cursed_spirit_grade_311":1,"minecraft:player":2,"jujutsucraft:kumiya_juzo":1,"jujutsucraft:shigemo_haruta":1,"jujutsucraft:curse_user":3,"jujutsucraft:cursed_spirit_grade_23":1},"minecraft:dropped":{"minecraft:porkchop":12,"jujutsucraft:uniform_normal_leggings":1,"minecraft:stone_sword":2,"minecraft:cobblestone":58,"jujutsucraft:sword_black":1,"minecraft:oak_planks":16,"minecraft:granite":38,"jujutsucraft:uniform_normal_chestplate":1,"minecraft:dirt":1,"minecraft:gray_terracotta":3,"minecraft:wooden_pickaxe":1,"jujutsucraft:uniform_normal_boots":1},"minecraft:crafted":{"minecraft:oak_planks":120,"minecraft:crafting_table":2,"minecraft:wooden_pickaxe":1,"minecraft:stone_axe":1,"minecraft:jungle_planks":12,"minecraft:stick":60,"minecraft:stone_pickaxe":2,"minecraft:stone_sword":1,"minecraft:torch":20},"minecraft:killed":{"jujutsucraft:cursed_spirit_grade_32":1,"jujutsucraft:cursed_spirit_grade_33":9,"minecraft:pig":3,"jujutsucraft:cursed_spirit_grade_39":2,"jujutsucraft:cursed_spirit_grade_312":1,"jujutsucraft:cursed_spirit_grade_314":2,"jujutsucraft:cursed_spirit_grade_311":2,"jujutsucraft:cursed_spirit_grade_310":1,"jujutsucraft:cursed_spirit_grade_36":1,"jujutsucraft:cursed_spirit_grade_317":2,"jujutsucraft:cursed_spirit_grade_315":1,"jujutsucraft:cursed_spirit_grade_38":1,"jujutsucraft:cursed_spirit_grade_34":1,"jujutsucraft:cursed_spirit_grade_319":1},"minecraft:mined":{"minecraft:gray_terracotta":1,"minecraft:glass_pane":4,"minecraft:potted_cactus":1,"minecraft:crafting_table":2,"minecraft:granite":23,"minecraft:grass_block":3,"minecraft:gray_stained_glass":2,"minecraft:chest":3,"minecraft:jungle_log":3,"minecraft:glass":4,"minecraft:cobblestone":3,"minecraft:lapis_ore":2,"minecraft:oak_planks":4,"minecraft:wall_torch":1,"minecraft:furnace":2,"minecraft:grass":1,"minecraft:oak_log":34,"minecraft:coal_ore":15,"minecraft:vine":2,"minecraft:dirt":6,"minecraft:cobweb":1,"minecraft:stone":185,"minecraft:stone_bricks":3,"minecraft:oak_leaves":11},"minecraft:used":{"minecraft:stone_sword":1,"minecraft:stone_pickaxe":233,"minecraft:oak_planks":1,"minecraft:chest":2,"minecraft:wooden_pickaxe":9,"minecraft:stone":1,"minecraft:torch":18,"jujutsucraft:clothes_hakari_kinji_helmet":1,"minecraft:dirt":9,"minecraft:crafting_table":2,"minecraft:jungle_planks":2,"jujutsucraft:clothes_hakari_kinji_chestplate":1,"jujutsucraft:clothes_hakari_kinji_boots":1,"minecraft:stone_bricks":3,"minecraft:stone_axe":36,"jujutsucraft:clothes_hakari_kinji_leggings":1,"minecraft:cobblestone":46,"minecraft:furnace":2,"minecraft:oak_sapling":1,"tombstone:gift":2},"minecraft:custom":{"minecraft:interact_with_furnace":3,"minecraft:mob_kills":28,"minecraft:interact_with_crafting_table":5,"minecraft:damage_dealt_resisted":2239,"minecraft:leave_game":12,"minecraft:time_since_death":1474,"minecraft:climb_one_cm":5648,"minecraft:damage_resisted":204,"minecraft:time_since_rest":1188,"minecraft:sprint_one_cm":231969,"minecraft:damage_taken":7787,"minecraft:walk_one_cm":208872,"minecraft:drop":20,"minecraft:damage_dealt":24,"minecraft:swim_one_cm":888,"minecraft:fly_one_cm":402976,"minecraft:player_kills":1,"minecraft:open_chest":7,"minecraft:crouch_one_cm":13336,"minecraft:play_time":79760,"minecraft:deaths":17,"minecraft:sneak_time":5044,"minecraft:walk_under_water_one_cm":23326,"minecraft:jump":1570,"minecraft:walk_on_water_one_cm":57661,"minecraft:total_world_time":79760,"minecraft:fall_one_cm":53425},"minecraft:broken":{"minecraft:stone_pickaxe":1},"minecraft:picked_up":{"minecraft:crafting_table":2,"minecraft:salmon":8,"minecraft:jungle_log":3,"minecraft:oak_log":30,"minecraft:lapis_lazuli":14,"minecraft:dirt":10,"minecraft:string":1,"minecraft:stone_bricks":3,"minecraft:gray_terracotta":3,"jujutsucraft:sword_black":1,"minecraft:chest":2,"minecraft:oak_planks":4,"minecraft:furnace":2,"minecraft:stick":1,"minecraft:stone":2,"minecraft:torch":1,"minecraft:porkchop":12,"minecraft:spruce_sapling":1,"minecraft:stone_sword":2,"minecraft:granite":38,"minecraft:oak_sapling":1,"minecraft:coal":20,"minecraft:cobblestone":186}},"DataVersion":3465}