{"stat.useItem.minecraft.bow":1,"stat.leaveGame":12,"stat.craftItem.minecraft.iron_axe":1,"stat.mineBlock.minecraft.sandstone":299,"stat.pickup.srparasites.parasitecanister":3,"stat.pickup.minecraft.fishing_rod":1,"stat.drop.minecraft.skull":1,"stat.useItem.minecraft.planks":5,"stat.drop.tombstone.bone_needle":1,"stat.mineBlock.minecraft.web":6,"stat.useItem.elevatorid.elevator_white":5,"stat.useItem.minecraft.water_bucket":51,"stat.pickup.minecraft.rotten_flesh":49,"stat.pickup.minecraft.sand":561,"stat.useItem.minecraft.sandstone_stairs":16,"stat.useItem.minecraft.activator_rail":1,"stat.craftItem.minecraft.stone_axe":2,"stat.useItem.minecraft.rail":114,"stat.killEntity.Enderman":5,"stat.pickup.minecraft.activator_rail":3,"stat.craftItem.minecraft.stone_sword":1,"stat.pickup.dynamictrees.spruceseed":10,"stat.craftItem.minecraft.iron_shovel":1,"stat.useItem.minecraft.ender_pearl":2,"stat.mineBlock.minecraft.sand":533,"stat.pickup.spartanshields.shield_basic_stone":1,"stat.pickup.elevatorid.elevator_white":1,"tombstone:villager_killed":1,"stat.drop.minecraft.sand":5,"stat.killEntity.Villager":1,"stat.craftItem.spartanshields.shield_basic_wood":2,"stat.useItem.minecraft.iron_pickaxe":231,"stat.useItem.minecraft.spawn_egg":1,"stat.craftItem.minecraft.wooden_pickaxe":1,"stat.useItem.minecraft.iron_shovel":502,"stat.craftItem.minecraft.bed":2,"stat.craftItem.minecraft.glass_pane":16,"stat.drop.minecraft.rail":1,"stat.furnaceInteraction":206,"stat.mineBlock.minecraft.rail":95,"stat.craftItem.spartanweaponry.material":4,"stat.killEntity.ZombieVillager":1,"stat.pickup.srparasites.lurecomponent2":3,"stat.pickup.srparasites.lurecomponent1":14,"stat.drop.minecraft.stone_slab":2,"stat.pickup.minecraft.beef":136,"stat.pickup.minecraft.furnace":6,"stat.craftItem.travelersbackpack.travelers_backpack":2,"stat.drop.waterstrainer.strainer_survivalist":1,"stat.useItem.spartanweaponry.saber_iron":500,"stat.pickup.minecraft.skull":2,"stat.useItem.minecraft.stone_stairs":43,"stat.pickup.tombstone.magic_scroll":4,"stat.pickup.minecraft.stone_stairs":32,"stat.mineBlock.minecraft.fence":1,"stat.useItem.minecraft.wheat_seeds":28,"stat.killEntity.Husk":10,"stat.useItem.minecraft.lingering_potion":5,"stat.pickup.minecraft.emerald":18,"stat.craftItem.securitycraft.laser_block":1,"stat.pickup.dynamictrees.oakseed":66,"stat.pickup.ironchest.iron_chest":4,"stat.deaths":43,"stat.pickup.minecraft.egg":3,"stat.playOneMinute":691175,"stat.drop.minecraft.string":2,"stat.craftItem.minecraft.iron_pickaxe":1,"stat.pickup.minecraft.glass_pane":15,"stat.drop.minecraft.torch":1,"stat.drop.minecraft.iron_ingot":42,"stat.mineBlock.nocubessrpnests.fleshwormteeth":15,"stat.mineBlock.minecraft.tallgrass":31,"stat.craftItem.minecraft.cooked_mutton":3,"stat.pickup.minecraft.cooked_mutton":3,"stat.chestOpened":13,"stat.useItem.minecraft.stone":117,"stat.pickup.minecraft.arrow":26,"stat.pickup.minecraft.wooden_pressure_plate":1,"stat.drop.minecraft.experience_bottle":8,"stat.craftItem.minecraft.coal":9,"stat.drop.minecraft.iron_pickaxe":1,"stat.mineBlock.elevatorid.elevator_white":1,"stat.useItem.minecraft.experience_bottle":2,"stat.fallOneCm":293500,"stat.drop.minecraft.stone":46,"stat.crouchOneCm":259673,"stat.pickup.minecraft.rail":260,"stat.craftItem.minecraft.iron_ingot":309,"stat.craftItem.minecraft.chest":2,"stat.pickup.cgm.assault_rifle":1,"stat.craftingTableInteraction":108,"stat.pickup.minecraft.milk_bucket":1,"stat.pickup.minecraft.feather":2,"stat.useItem.minecraft.furnace":4,"stat.pickup.minecraft.dye":115,"stat.pickup.minecraft.planks":228,"stat.pickup.minecraft.iron_leggings":1,"stat.pickup.minecraft.wheat_seeds":120,"stat.craftItem.waterstrainer.strainer_survivalist_dense":2,"stat.mineBlock.minecraft.gravel":53,"stat.useItem.minecraft.stone_pickaxe":1049,"stat.useItem.minecraft.stone_sword":141,"stat.craftItem.minecraft.iron_leggings":3,"stat.mineBlock.minecraft.dirt":29,"stat.drop.minecraft.reeds":1,"stat.drop.minecraft.iron_axe":1,"stat.mineBlock.minecraft.monster_egg":1,"stat.drop.spartanweaponry.saber_stone":1,"stat.useItem.minecraft.torch":369,"stat.drop.tombstone.crafting_ingredient":4,"stat.craftItem.minecraft.redstone_block":30,"stat.drop.minecraft.rotten_flesh":5,"stat.useItem.ironchest.iron_chest":1,"stat.craftItem.minecraft.stone_stairs":40,"stat.pickup.minecraft.crafting_table":7,"stat.useItem.minecraft.cobblestone":909,"stat.craftItem.minecraft.crafting_table":5,"stat.mineBlock.minecraft.activator_rail":1,"stat.mineBlock.minecraft.double_plant":2,"stat.drop.srparasites.parasitecanister":3,"stat.craftItem.minecraft.boat":3,"stat.useItem.dynamictrees.oakseed":13,"stat.mineBlock.minecraft.emerald_ore":10,"stat.pickup.minecraft.log":82,"stat.drop.minecraft.chicken":1,"stat.craftItem.tombstone.dust_of_vanishing":4,"stat.craftItem.spartanweaponry.saber_iron":2,"stat.pickup.minecraft.iron_pickaxe":1,"stat.craftItem.minecraft.gold_ingot":76,"stat.pickup.minecraft.chicken":2,"stat.entityKilledBy.Enderman":1,"stat.mineBlock.nocubessrpnests.fleshwormacid":12,"stat.drop.dynamictrees.oakseed":2,"stat.craftItem.minecraft.bucket":2,"stat.craftItem.minecraft.planks":376,"stat.craftItem.minecraft.fishing_rod":1,"stat.useItem.minecraft.stonebrick":1,"stat.craftItem.minecraft.wooden_door":3,"stat.useItem.minecraft.wooden_door":2,"stat.pickup.minecraft.red_flower":4,"stat.sneakTime":80359,"stat.pickup.minecraft.wool":2,"stat.pickup.minecraft.stone_slab":7,"stat.useItem.minecraft.fishing_rod":65,"stat.pickup.minecraft.bone":36,"stat.pickup.minecraft.redstone_torch":1,"stat.useItem.minecraft.iron_axe":41,"stat.drop.minecraft.stone_shovel":1,"stat.mineBlock.minecraft.cobblestone":420,"stat.pickup.minecraft.stone_pickaxe":1,"stat.pickup.minecraft.flint":5,"stat.craftItem.tombstone.grave_key":4,"stat.craftItem.waterstrainer.strainer_survivalist":1,"stat.pickup.securitycraft.sentry":2,"stat.mineBlock.srparasites.gore":240,"stat.useItem.minecraft.diamond_sword":8,"stat.craftItem.minecraft.wool":13,"stat.pickup.nocubessrpnests.fleshwormspike":1,"stat.swimOneCm":156046,"stat.climbOneCm":21197,"stat.drop.minecraft.cobblestone":66,"stat.pickup.spartanshields.shield_basic_iron":1,"stat.useItem.minecraft.dirt":27,"stat.mineBlock.ironchest.iron_chest":2,"stat.useItem.minecraft.stone_slab2":205,"stat.pickup.minecraft.bow":1,"stat.pickup.minecraft.iron_boots":1,"stat.drop.spartanshields.shield_basic_stone":1,"stat.craftItem.minecraft.furnace":6,"stat.useItem.minecraft.egg":4,"stat.craftItem.spartanshields.shield_basic_iron":2,"stat.craftItem.minecraft.iron_boots":4,"stat.pickup.minecraft.anvil":1,"stat.drop.minecraft.ender_pearl":1,"stat.craftItem.minecraft.stone_pickaxe":8,"stat.craftItem.minecraft.cooked_beef":129,"stat.mineBlock.minecraft.obsidian":30,"stat.pickup.minecraft.cobblestone":3933,"stat.useItem.minecraft.stone_shovel":76,"stat.flyOneCm":1972817,"stat.useItem.tombstone.scroll_buff":1,"stat.pickup.minecraft.sandstone":290,"stat.drop.minecraft.wheat_seeds":7,"stat.useItem.minecraft.cooked_beef":82,"stat.pickup.minecraft.cactus":8,"stat.pickup.minecraft.redstone":407,"stat.mineBlock.minecraft.iron_ore":323,"stat.timeSinceDeath":18810,"stat.pickup.minecraft.mutton":3,"stat.craftItem.minecraft.iron_block":3,"stat.craftItem.minecraft.stonebrick":120,"stat.pickup.travelersbackpack.travelers_backpack":1,"stat.useItem.minecraft.potato":16,"stat.drop.minecraft.dirt":18,"stat.mineBlock.minecraft.coal_ore":384,"stat.killEntity.Creeper":11,"stat.talkedToVillager":80,"stat.drop.minecraft.spawn_egg":1,"stat.pickup.minecraft.string":64,"stat.pickup.spartanweaponry.material":2,"stat.mineBlock.minecraft.ladder":4,"stat.pickup.tombstone.crafting_ingredient":10,"stat.useItem.spartanweaponry.saber_stone":3,"stat.useItem.minecraft.milk_bucket":3,"stat.entityKilledBy.Skeleton":3,"stat.craftItem.minecraft.stone_slab2":0,"stat.pickup.minecraft.sandstone_stairs":26,"stat.killEntity.Squid":5,"stat.sprintOneCm":1652583,"stat.mineBlock.minecraft.stone_slab":5,"stat.drop.minecraft.leather":64,"stat.craftItem.minecraft.stick":132,"stat.useItem.tombstone.magic_scroll":8,"stat.craftItem.waterstrainer.net":3,"stat.craftItem.minecraft.stone":396,"stat.mineBlock.minecraft.diamond_ore":18,"stat.mineBlock.minecraft.crafting_table":7,"tombstone:use_vanishing":2,"stat.useItem.minecraft.diamond_pickaxe":3056,"stat.drop.tombstone.dust_of_vanishing":2,"stat.craftItem.tombstone.bone_needle":1,"stat.mineBlock.minecraft.planks":31,"stat.drop":79,"stat.craftItem.spartanshields.shield_basic_stone":1,"stat.killEntity.Sheep":2,"stat.drop.tombstone.grave_key":1,"stat.craftItem.minecraft.emerald":22,"stat.craftItem.minecraft.diamond_pickaxe":2,"stat.killEntity.Zombie":30,"stat.craftItem.minecraft.dye":4,"stat.craftItem.minecraft.sandstone_stairs":16,"stat.mineBlock.minecraft.gold_ore":80,"stat.diveOneCm":137596,"stat.drop.minecraft.diamond_pickaxe":3,"stat.craftItem.minecraft.sandstone":114,"stat.pickup.minecraft.wheat":36,"stat.drop.minecraft.wooden_pickaxe":1,"stat.pickup.minecraft.gravel":200,"stat.drop.minecraft.cooked_beef":45,"stat.mineBlock.minecraft.anvil":1,"stat.pickup.minecraft.stone_axe":1,"stat.mineBlock.minecraft.deadbush":1,"stat.pickup.minecraft.obsidian":33,"stat.useItem.securitycraft.sentry":2,"stat.craftItem.travelersbackpack.backpack_tank":4,"stat.drop.minecraft.sandstone":9,"stat.jump":11879,"stat.useItem.minecraft.sand":53,"stat.pickup.minecraft.coal":441,"stat.pickup.minecraft.iron_helmet":1,"stat.pickup.minecraft.iron_ingot":95,"stat.useItem.minecraft.stone_axe":19,"stat.pickup.minecraft.gunpowder":10,"stat.pickup.minecraft.spider_eye":8,"stat.craftItem.minecraft.torch":340,"stat.pickup.minecraft.dirt":82,"stat.craftItem.minecraft.iron_helmet":4,"stat.pickup.nocubessrpnests.wormtooth":15,"stat.pickup.minecraft.iron_ore":323,"stat.pickup.minecraft.stone_shovel":1,"stat.drop.spartanweaponry.saber_iron":2,"stat.boatOneCm":304928,"stat.pickup.minecraft.gold_ore":80,"stat.mineBlock.minecraft.lapis_ore":24,"stat.mineBlock.minecraft.glass_pane":2,"stat.mineBlock.minecraft.stone_stairs":47,"stat.damageTaken":20104,"stat.pickup.minecraft.leather":189,"stat.mineBlock.minecraft.furnace":6,"stat.mineBlock.minecraft.torch":22,"stat.mineBlock.minecraft.red_flower":6,"stat.useItem.minecraft.wooden_pickaxe":9,"stat.tradedWithVillager":23,"stat.pickup.srparasites.assimilated_flesh":24,"stat.mineBlock.minecraft.sandstone_stairs":17,"stat.pickup.minecraft.reeds":4,"stat.pickup.minecraft.bed":2,"tombstone:undead_killed":65,"stat.useItem.tombstone.grave_key":4,"stat.pickup.minecraft.potato":41,"stat.useItem.ironchest.iron_gold_chest_upgrade":2,"stat.damageDealt":41065,"stat.craftItem.minecraft.glass":126,"stat.pickup.spartanweaponry.saber_iron":2,"stat.sleepInBed":3,"stat.craftItem.minecraft.anvil":1,"stat.mineBlock.nocubessrpnests.fleshwormspike":1,"stat.killEntity.Silverfish":1,"stat.killEntity.Cow":68,"stat.pickup.minecraft.minecart":7,"stat.useItem.minecraft.crafting_table":1,"stat.craftItem.spartanweaponry.saber_stone":1,"stat.craftItem.minecraft.stone_shovel":1,"stat.craftItem.securitycraft.universal_block_reinforcer_lvl1":1,"stat.pickup.minecraft.boat":13,"stat.walkOneCm":1183262,"stat.playerKills":2,"stat.drop.minecraft.wheat":11,"stat.pickup.minecraft.stick":49,"stat.pickup.minecraft.diamond_pickaxe":5,"stat.useItem.tombstone.gift":3,"stat.drop.minecraft.iron_chestplate":1,"stat.pickup.minecraft.stone":322,"stat.craftItem.minecraft.iron_chestplate":5,"stat.drop.minecraft.potato":6,"stat.useItem.minecraft.redstone_ore":1,"stat.pickup.minecraft.cooked_beef":43,"stat.pickup.minecraft.ladder":1,"stat.drop.srparasites.assimilated_flesh":1,"stat.pickup.minecraft.gold_ingot":20,"stat.killEntity.Skeleton":24,"stat.craftItem.travelersbackpack.sleeping_bag_bottom":2,"stat.pickup.dynamictrees.cactusseed":3,"stat.killEntity.Chicken":1,"stat.mineBlock.srparasites.infestremain":27,"stat.killEntity.Spider":17,"stat.craftItem.ironchest.wood_iron_chest_upgrade":2,"stat.mobKills":284,"stat.drop.tombstone.magic_scroll":1,"stat.useItem.minecraft.boat":15,"stat.craftItem.minecraft.lead":2,"stat.pickup.minecraft.diamond":18,"stat.mineBlock.srparasites.parasitecanister":5,"stat.pickup.minecraft.torch":42,"stat.mineBlock.minecraft.redstone_ore":74,"stat.drop.minecraft.stone_axe":2,"stat.drop.minecraft.beef":1,"stat.mineBlock.minecraft.stone":2443,"stat.useItem.minecraft.sandstone":247}