{"stats":{"minecraft:custom":{"minecraft:mob_kills":136,"minecraft:interact_with_crafting_table":22,"minecraft:open_barrel":10,"minecraft:damage_dealt_resisted":18646,"minecraft:leave_game":21,"minecraft:time_since_death":1500,"minecraft:climb_one_cm":25537,"minecraft:damage_resisted":8500,"minecraft:sprint_one_cm":1034585,"minecraft:walk_one_cm":743681,"minecraft:damage_blocked_by_shield":2762,"minecraft:drop":45,"minecraft:talked_to_villager":7,"minecraft:play_time":279342,"minecraft:deaths":44,"minecraft:sneak_time":14965,"minecraft:walk_under_water_one_cm":51313,"minecraft:jump":4968,"minecraft:walk_on_water_one_cm":106901,"minecraft:enchant_item":2,"minecraft:total_world_time":279342,"minecraft:interact_with_furnace":19,"minecraft:sleep_in_bed":3,"minecraft:time_since_rest":1199,"minecraft:damage_absorbed":80,"minecraft:damage_taken":27694,"minecraft:damage_dealt":248,"minecraft:player_kills":5,"minecraft:swim_one_cm":17233,"minecraft:fly_one_cm":1028063,"minecraft:open_chest":110,"minecraft:crouch_one_cm":45587,"minecraft:fall_one_cm":242940},"minecraft:mined":{"minecraft:light_blue_stained_glass_pane":4,"minecraft:spruce_planks":5,"minecraft:blue_stained_glass_pane":2,"minecraft:cobblestone_stairs":1,"minecraft:potted_cactus":1,"minecraft:gray_stained_glass_pane":2,"minecraft:granite":23,"minecraft:grass_block":4,"minecraft:jungle_log":3,"minecraft:cracked_polished_blackstone_bricks":1,"minecraft:spruce_leaves":9,"minecraft:composter":2,"minecraft:spawner":6,"minecraft:large_fern":4,"minecraft:furnace":4,"minecraft:iron_ore":6,"minecraft:diamond_block":1,"minecraft:black_concrete":1,"minecraft:moss_carpet":1,"minecraft:pumpkin":14,"minecraft:enchanting_table":2,"minecraft:bookshelf":6,"minecraft:vine":2,"minecraft:iron_block":2,"minecraft:stone":263,"minecraft:podzol":3,"minecraft:gray_terracotta":1,"minecraft:glass_pane":8,"minecraft:quartz_block":3,"minecraft:cyan_terracotta":1,"minecraft:powder_snow":124,"minecraft:blue_stained_glass":1,"minecraft:light_gray_terracotta":2,"minecraft:crafting_table":6,"minecraft:torch":1,"minecraft:gray_stained_glass":13,"minecraft:chest":12,"minecraft:glass":14,"minecraft:cobblestone":15,"minecraft:lapis_ore":5,"minecraft:oak_planks":11,"minecraft:sugar_cane":1,"minecraft:wall_torch":5,"minecraft:spruce_stairs":2,"minecraft:sweet_berry_bush":2,"minecraft:spruce_log":86,"minecraft:black_bed":3,"minecraft:grass":1,"minecraft:oak_log":34,"minecraft:coal_ore":56,"minecraft:dirt":15,"minecraft:cobweb":2,"minecraft:stone_bricks":10,"minecraft:oak_leaves":11,"minecraft:emerald_block":1,"minecraft:fern":1},"minecraft:broken":{"minecraft:stone_pickaxe":2,"minecraft:shield":2,"minecraft:stone_axe":1},"minecraft:dropped":{"minecraft:bread":2,"minecraft:porkchop":12,"minecraft:mossy_cobblestone":2,"minecraft:cobblestone":58,"jujutsucraft:sword_black":3,"minecraft:granite":38,"minecraft:spruce_button":64,"minecraft:spruce_door":2,"minecraft:stick":31,"minecraft:cyan_terracotta":1,"minecraft:dirt":2,"minecraft:mutton":4,"minecraft:snowball":3,"minecraft:black_concrete":1,"minecraft:acacia_door":1,"minecraft:redstone":1,"minecraft:moss_carpet":1,"jujutsucraft:uniform_normal_leggings":1,"minecraft:stone_sword":2,"minecraft:wheat":4,"minecraft:composter":1,"minecraft:rotten_flesh":7,"minecraft:oak_planks":16,"minecraft:salmon":1,"jujutsucraft:uniform_normal_chestplate":1,"minecraft:potato":4,"minecraft:gray_terracotta":3,"minecraft:shield":1,"jujutsucraft:recommendation_1":1,"minecraft:beetroot_seeds":1,"minecraft:wooden_pickaxe":1,"jujutsucraft:uniform_normal_boots":1,"jujutsucraft:item_master_reverse_cursed_technique":1},"minecraft:picked_up":{"minecraft:crafting_table":7,"minecraft:wheat":9,"minecraft:brown_mushroom":2,"minecraft:enchanted_book":1,"minecraft:diamond_horse_armor":2,"minecraft:shield":1,"minecraft:music_disc_cat":2,"minecraft:string":17,"minecraft:moss_carpet":1,"minecraft:acacia_door":1,"minecraft:cracked_stone_bricks":1,"minecraft:spruce_planks":67,"jujutsucraft:sword_black":4,"minecraft:iron_pickaxe":1,"minecraft:sugar_cane":6,"minecraft:chest":13,"minecraft:furnace":5,"minecraft:stick":4,"minecraft:raw_iron":16,"minecraft:stone":2,"minecraft:composter":1,"minecraft:torch":10,"minecraft:spruce_stairs":4,"minecraft:porkchop":12,"tombstone:grave_dust":4,"minecraft:vine":4,"minecraft:redstone":1,"minecraft:stone_sword":2,"minecraft:rotten_flesh":21,"minecraft:beetroot_seeds":1,"minecraft:iron_block":2,"minecraft:cyan_terracotta":2,"minecraft:saddle":1,"minecraft:mutton":10,"minecraft:snowball":3,"minecraft:white_wool":8,"minecraft:cobblestone":272,"minecraft:enchanting_table":3,"minecraft:salmon":30,"minecraft:jungle_log":3,"minecraft:black_bed":3,"minecraft:potato":11,"jujutsucraft:sword_kusakabe":1,"minecraft:oak_log":30,"minecraft:gunpowder":12,"minecraft:cobblestone_stairs":1,"minecraft:lapis_lazuli":74,"minecraft:dirt":25,"tombstone:familiar_receptacle":1,"minecraft:podzol":1,"minecraft:bone":9,"minecraft:stone_bricks":10,"minecraft:gray_terracotta":3,"minecraft:wheat_seeds":3,"minecraft:iron_ingot":4,"jujutsucraft:sword_miwa_kasumi":2,"minecraft:oak_planks":13,"minecraft:book":27,"minecraft:emerald_block":1,"minecraft:pumpkin":14,"minecraft:sweet_berries":13,"minecraft:spruce_sapling":2,"minecraft:ink_sac":6,"minecraft:diamond_block":1,"minecraft:grass_block":2,"minecraft:spruce_log":85,"minecraft:spruce_door":2,"minecraft:mossy_cobblestone":2,"minecraft:light_gray_terracotta":4,"minecraft:diamond":14,"minecraft:black_concrete":2,"minecraft:cracked_polished_blackstone_bricks":1,"jujutsucraft:item_master_reverse_cursed_technique":1,"minecraft:granite":38,"minecraft:golden_apple":1,"minecraft:bread":18,"minecraft:emerald":3,"minecraft:oak_sapling":1,"minecraft:coal":106},"minecraft:killed_by":{"jujutsucraft:itadori_yuji":1,"minecraft:player":8,"jujutsucraft:cursed_spirit_grade_311":1,"jujutsucraft:cursed_spirit_grade_39":1,"jujutsucraft:cursed_spirit_grade_12":5,"jujutsucraft:cursed_spirit_grade_05":2,"minecraft:iron_golem":1,"jujutsucraft:yoshino_junpei":2,"jujutsucraft:cursed_spirit_grade_315":1,"jujutsucraft:curse_user":3,"jujutsucraft:cursed_spirit_grade_23":1,"jujutsucraft:nishimiya_momo":1,"jujutsucraft:kumiya_juzo":1,"jujutsucraft:q":1,"jujutsucraft:shigemo_haruta":1,"jujutsucraft:itadori_yuji_shibuya":4},"minecraft:crafted":{"minecraft:oak_planks":120,"minecraft:spruce_button":64,"minecraft:furnace":1,"minecraft:bookshelf":3,"minecraft:iron_axe":1,"tombstone:grave_key":1,"minecraft:ladder":15,"minecraft:stone_pickaxe":2,"minecraft:chest":1,"minecraft:crafting_table":3,"minecraft:spruce_planks":404,"minecraft:wooden_pickaxe":1,"minecraft:stone_axe":1,"minecraft:air":0,"minecraft:jungle_planks":12,"minecraft:diamond_pickaxe":1,"minecraft:shield":2,"minecraft:stick":112,"minecraft:iron_ingot":16,"minecraft:iron_pickaxe":1,"minecraft:stone_sword":1,"minecraft:torch":56,"ironchest:iron_chest":1},"minecraft:used":{"minecraft:stone_sword":2,"minecraft:enchanting_table":1,"minecraft:ladder":6,"minecraft:chest":7,"minecraft:spruce_planks":145,"minecraft:shield":104,"minecraft:stone":2,"minecraft:torch":59,"jujutsucraft:clothes_hakari_kinji_helmet":2,"minecraft:dirt":23,"minecraft:jungle_planks":2,"ironchest:iron_chest":1,"minecraft:bookshelf":3,"minecraft:iron_axe":57,"minecraft:grass_block":2,"minecraft:stone_bricks":7,"jujutsucraft:clothes_hakari_kinji_leggings":1,"minecraft:oak_sapling":1,"minecraft:furnace":6,"minecraft:podzol":1,"tombstone:gift":3,"jujutsucraft:sword_black":47,"minecraft:cobblestone_stairs":1,"minecraft:stone_pickaxe":264,"minecraft:oak_planks":57,"minecraft:wooden_pickaxe":9,"minecraft:golden_apple":2,"minecraft:vine":4,"minecraft:crafting_table":8,"minecraft:light_gray_terracotta":2,"minecraft:black_bed":4,"jujutsucraft:clothes_hakari_kinji_chestplate":2,"minecraft:spruce_log":2,"minecraft:diamond_pickaxe":99,"minecraft:iron_pickaxe":58,"jujutsucraft:clothes_hakari_kinji_boots":1,"tombstone:grave_key":5,"minecraft:stone_axe":132,"minecraft:cobblestone":168},"minecraft:killed":{"jujutsucraft:cursed_spirit_grade_32":2,"jujutsucraft:transfigured_human_3":1,"jujutsucraft:cursed_spirit_grade_33":34,"jujutsucraft:nanako":1,"jujutsucraft:kumiya_juzo":1,"jujutsucraft:transfigured_human_2":1,"jujutsucraft:cursed_spirit_grade_39":11,"jujutsucraft:cursed_spirit_grade_312":1,"jujutsucraft:cursed_spirit_grade_317":8,"jujutsucraft:cursed_spirit_grade_38":6,"jujutsucraft:cursed_spirit_grade_34":8,"minecraft:pig":3,"minecraft:salmon":1,"jujutsucraft:curse_user_1":4,"jujutsucraft:curse_user":2,"minecraft:sheep":5,"jujutsucraft:cursed_spirit_grade_314":7,"jujutsucraft:cursed_spirit_grade_311":7,"jujutsucraft:cursed_spirit_grade_310":3,"jujutsucraft:cursed_spirit_grade_36":9,"jujutsucraft:cursed_spirit_grade_315":6,"jujutsucraft:cursed_spirit_grade_319":9,"jujutsucraft:q":2}},"DataVersion":3465}