{"stats":{"minecraft:custom":{"minecraft:mob_kills":168,"minecraft:interact_with_crafting_table":23,"minecraft:open_barrel":10,"minecraft:damage_dealt_resisted":22840,"minecraft:leave_game":23,"minecraft:time_since_death":8911,"minecraft:climb_one_cm":27652,"minecraft:damage_resisted":12451,"minecraft:sprint_one_cm":1296473,"minecraft:walk_one_cm":866925,"minecraft:damage_blocked_by_shield":2762,"minecraft:drop":55,"minecraft:talked_to_villager":7,"minecraft:play_time":320820,"minecraft:deaths":55,"minecraft:sneak_time":15448,"minecraft:walk_under_water_one_cm":68189,"tombstone:tomb_raiding":1,"minecraft:jump":5598,"minecraft:walk_on_water_one_cm":123624,"minecraft:enchant_item":2,"minecraft:total_world_time":320820,"minecraft:interact_with_furnace":20,"minecraft:sleep_in_bed":4,"minecraft:time_since_rest":8604,"minecraft:damage_absorbed":80,"minecraft:damage_taken":33560,"minecraft:damage_dealt":411,"minecraft:player_kills":5,"minecraft:swim_one_cm":33676,"minecraft:fly_one_cm":1264268,"minecraft:open_chest":119,"minecraft:crouch_one_cm":46700,"minecraft:fall_one_cm":267934},"minecraft:mined":{"minecraft:light_blue_stained_glass_pane":4,"minecraft:spruce_planks":5,"minecraft:blue_stained_glass_pane":2,"minecraft:mossy_cobblestone":1,"minecraft:cobblestone_stairs":1,"minecraft:potted_cactus":1,"minecraft:gray_stained_glass_pane":2,"minecraft:granite":23,"minecraft:grass_block":4,"minecraft:jungle_log":3,"minecraft:cracked_polished_blackstone_bricks":1,"minecraft:white_stained_glass":4,"minecraft:spruce_leaves":9,"minecraft:composter":2,"minecraft:spawner":6,"minecraft:large_fern":4,"minecraft:furnace":6,"minecraft:iron_ore":6,"minecraft:black_concrete":1,"minecraft:moss_carpet":1,"minecraft:diamond_block":1,"minecraft:pumpkin":14,"minecraft:anvil":2,"minecraft:enchanting_table":2,"minecraft:bookshelf":6,"minecraft:vine":2,"ironchest:iron_chest":1,"minecraft:stone":263,"minecraft:iron_block":2,"minecraft:podzol":3,"minecraft:gray_terracotta":1,"minecraft:glass_pane":11,"minecraft:quartz_block":3,"minecraft:cyan_terracotta":1,"minecraft:powder_snow":124,"minecraft:blue_stained_glass":1,"minecraft:light_gray_terracotta":2,"minecraft:torch":1,"minecraft:crafting_table":7,"minecraft:gray_stained_glass":13,"minecraft:chest":12,"minecraft:glass":14,"minecraft:cobblestone":15,"minecraft:oak_planks":11,"minecraft:lapis_ore":5,"minecraft:sugar_cane":1,"minecraft:blue_bed":1,"minecraft:wall_torch":5,"minecraft:spruce_stairs":2,"minecraft:sweet_berry_bush":2,"minecraft:spruce_log":86,"minecraft:black_bed":4,"minecraft:grass":1,"minecraft:coal_ore":56,"minecraft:oak_log":34,"minecraft:dirt":15,"minecraft:cobweb":3,"minecraft:stone_bricks":11,"minecraft:oak_leaves":11,"minecraft:emerald_block":1,"minecraft:fern":1},"minecraft:broken":{"minecraft:stone_pickaxe":2,"minecraft:shield":2,"minecraft:stone_axe":1},"minecraft:dropped":{"minecraft:bread":2,"minecraft:wheat_seeds":3,"minecraft:porkchop":12,"minecraft:mossy_cobblestone":2,"minecraft:cobblestone":85,"jujutsucraft:sword_black":8,"minecraft:granite":38,"minecraft:spruce_button":64,"minecraft:spruce_door":2,"minecraft:stick":31,"minecraft:cyan_terracotta":1,"minecraft:dirt":2,"minecraft:mutton":4,"minecraft:snowball":3,"minecraft:iron_axe":1,"minecraft:black_concrete":1,"minecraft:acacia_door":1,"minecraft:spruce_sapling":1,"minecraft:redstone":1,"minecraft:moss_carpet":1,"jujutsucraft:uniform_normal_leggings":1,"minecraft:stone_sword":2,"minecraft:wheat":4,"minecraft:composter":1,"minecraft:rotten_flesh":7,"minecraft:oak_planks":16,"minecraft:salmon":1,"jujutsucraft:uniform_normal_chestplate":1,"minecraft:potato":4,"minecraft:gray_terracotta":3,"minecraft:shield":1,"jujutsucraft:recommendation_1":1,"minecraft:beetroot_seeds":1,"minecraft:wooden_pickaxe":1,"jujutsucraft:uniform_normal_boots":2,"jujutsucraft:item_master_reverse_cursed_technique":1},"minecraft:picked_up":{"minecraft:crafting_table":8,"minecraft:anvil":2,"minecraft:wheat":9,"jujutsucraft:clothes_hakari_kinji_boots":1,"minecraft:ladder":6,"jujutsucraft:uniform_normal_boots":1,"minecraft:brown_mushroom":3,"minecraft:enchanted_book":2,"minecraft:diamond_horse_armor":2,"minecraft:brewing_stand":2,"minecraft:shield":1,"jujutsucraft:clothes_zenin_boots":1,"minecraft:music_disc_cat":2,"minecraft:string":19,"minecraft:moss_carpet":1,"minecraft:iron_axe":2,"minecraft:acacia_door":1,"jujutsucraft:clothes_hakari_kinji_helmet":1,"minecraft:cracked_stone_bricks":1,"jujutsucraft:sword_black":10,"minecraft:spruce_planks":89,"minecraft:eye_armor_trim_smithing_template":1,"minecraft:iron_pickaxe":1,"minecraft:sugar_cane":6,"minecraft:chest":13,"minecraft:furnace":7,"minecraft:stick":4,"minecraft:raw_iron":16,"minecraft:stone":2,"minecraft:composter":1,"minecraft:torch":12,"minecraft:acacia_log":4,"minecraft:spruce_stairs":4,"ironchest:iron_chest":1,"minecraft:porkchop":12,"tombstone:grave_dust":5,"minecraft:vine":4,"minecraft:redstone":1,"minecraft:stone_sword":2,"jujutsucraft:clothes_fushiguro_toji_leggings":1,"minecraft:rotten_flesh":21,"minecraft:beetroot_seeds":1,"minecraft:iron_block":3,"minecraft:cyan_terracotta":2,"minecraft:saddle":1,"minecraft:mutton":10,"minecraft:snowball":3,"minecraft:white_wool":8,"minecraft:cobblestone":326,"minecraft:enchanting_table":4,"minecraft:jungle_log":3,"minecraft:salmon":55,"minecraft:black_bed":4,"minecraft:potato":11,"jujutsucraft:sword_kusakabe":1,"minecraft:oak_log":30,"minecraft:gunpowder":12,"minecraft:cobblestone_stairs":1,"minecraft:lapis_lazuli":74,"minecraft:dirt":27,"tombstone:familiar_receptacle":1,"tombstone:gift":1,"minecraft:name_tag":1,"minecraft:podzol":1,"jujutsucraft:clothes_hakari_kinji_chestplate":1,"minecraft:bone":9,"minecraft:stone_bricks":10,"minecraft:gray_terracotta":3,"minecraft:wheat_seeds":3,"minecraft:iron_ingot":4,"jujutsucraft:sword_miwa_kasumi":2,"minecraft:diamond_helmet":1,"minecraft:oak_planks":13,"minecraft:book":51,"jujutsucraft:clothes_hakari_kinji_leggings":1,"minecraft:emerald_block":2,"minecraft:pumpkin":14,"minecraft:sweet_berries":13,"minecraft:spruce_sapling":3,"minecraft:ink_sac":10,"minecraft:spruce_log":85,"minecraft:grass_block":2,"minecraft:diamond_block":1,"minecraft:spruce_door":4,"minecraft:mossy_cobblestone":3,"minecraft:light_gray_terracotta":4,"minecraft:diamond":14,"minecraft:black_concrete":2,"minecraft:cracked_polished_blackstone_bricks":1,"jujutsucraft:item_master_reverse_cursed_technique":1,"minecraft:iron_helmet":1,"minecraft:granite":38,"minecraft:bone_meal":1,"jujutsucraft:clothes_sukuna_fushiguro_chestplate":1,"minecraft:golden_apple":1,"minecraft:emerald":10,"minecraft:bread":18,"minecraft:oak_sapling":1,"minecraft:coal":137,"minecraft:diamond_pickaxe":1},"minecraft:killed_by":{"jujutsucraft:itadori_yuji":1,"jujutsucraft:cursed_spirit_grade_311":1,"jujutsucraft:cursed_spirit_grade_39":1,"minecraft:player":16,"jujutsucraft:cursed_spirit_grade_12":5,"jujutsucraft:cursed_spirit_grade_05":2,"minecraft:iron_golem":1,"jujutsucraft:yoshino_junpei":3,"jujutsucraft:cursed_spirit_grade_315":1,"jujutsucraft:curse_user":3,"jujutsucraft:cursed_spirit_grade_23":1,"jujutsucraft:nishimiya_momo":1,"jujutsucraft:kumiya_juzo":1,"jujutsucraft:uraume":2,"jujutsucraft:q":1,"jujutsucraft:shigemo_haruta":1,"jujutsucraft:itadori_yuji_shibuya":4},"minecraft:crafted":{"minecraft:oak_planks":120,"minecraft:spruce_button":64,"minecraft:furnace":1,"minecraft:bookshelf":3,"minecraft:iron_axe":1,"tombstone:grave_key":1,"minecraft:ladder":15,"minecraft:stone_pickaxe":2,"minecraft:chest":2,"minecraft:crafting_table":3,"minecraft:spruce_planks":404,"minecraft:wooden_pickaxe":1,"minecraft:stone_axe":1,"minecraft:air":0,"minecraft:jungle_planks":12,"minecraft:diamond_pickaxe":1,"minecraft:shield":2,"minecraft:stick":112,"minecraft:iron_ingot":16,"minecraft:iron_pickaxe":1,"minecraft:stone_sword":1,"minecraft:torch":56,"ironchest:iron_chest":1},"minecraft:used":{"minecraft:stone_sword":2,"minecraft:enchanting_table":1,"minecraft:ladder":6,"minecraft:chest":8,"minecraft:spruce_planks":149,"minecraft:shield":104,"minecraft:stone":2,"minecraft:torch":59,"jujutsucraft:clothes_hakari_kinji_helmet":5,"minecraft:dirt":25,"minecraft:jungle_planks":2,"jujutsucraft:clothes_fushiguro_toji_leggings":1,"ironchest:iron_chest":1,"minecraft:diamond_helmet":2,"jujutsucraft:clothes_zenin_boots":1,"minecraft:bookshelf":3,"minecraft:iron_axe":59,"minecraft:grass_block":2,"minecraft:iron_helmet":2,"jujutsucraft:clothes_sukuna_fushiguro_chestplate":1,"minecraft:stone_bricks":7,"jujutsucraft:clothes_hakari_kinji_leggings":2,"minecraft:oak_sapling":1,"minecraft:furnace":6,"minecraft:podzol":1,"tombstone:gift":4,"jujutsucraft:sword_black":53,"minecraft:cobblestone_stairs":1,"minecraft:stone_pickaxe":264,"minecraft:oak_planks":57,"minecraft:wooden_pickaxe":9,"jujutsucraft:uniform_normal_boots":1,"minecraft:golden_apple":2,"minecraft:mossy_cobblestone":1,"minecraft:vine":4,"minecraft:crafting_table":9,"minecraft:light_gray_terracotta":2,"minecraft:black_bed":5,"jujutsucraft:clothes_hakari_kinji_chestplate":3,"minecraft:spruce_log":2,"minecraft:diamond_pickaxe":109,"minecraft:iron_pickaxe":58,"jujutsucraft:clothes_hakari_kinji_boots":3,"tombstone:grave_key":12,"minecraft:stone_axe":132,"minecraft:cobblestone":168},"minecraft:killed":{"jujutsucraft:cursed_spirit_grade_32":4,"jujutsucraft:transfigured_human_3":2,"jujutsucraft:cursed_spirit_grade_33":38,"jujutsucraft:nanako":3,"jujutsucraft:cursed_spirit_grade_35":1,"jujutsucraft:cursed_spirit_grade_316":1,"jujutsucraft:kumiya_juzo":1,"jujutsucraft:transfigured_human_2":2,"jujutsucraft:cursed_spirit_grade_39":17,"jujutsucraft:cursed_spirit_grade_312":2,"jujutsucraft:cursed_spirit_grade_317":9,"jujutsucraft:cursed_spirit_grade_38":6,"jujutsucraft:cursed_spirit_grade_34":8,"minecraft:wolf":1,"minecraft:pig":3,"minecraft:salmon":2,"jujutsucraft:curse_user_1":4,"jujutsucraft:curse_user":2,"minecraft:sheep":5,"jujutsucraft:cursed_spirit_grade_314":8,"jujutsucraft:cursed_spirit_grade_311":7,"jujutsucraft:cursed_spirit_grade_310":4,"jujutsucraft:cursed_spirit_grade_36":13,"jujutsucraft:cursed_spirit_grade_315":7,"jujutsucraft:cursed_spirit_grade_319":11,"jujutsucraft:q":2}},"DataVersion":3465}