{"stats":{"minecraft:dropped":{"minecraft:porkchop":12,"jujutsucraft:uniform_normal_leggings":1,"minecraft:stone_sword":1,"minecraft:cobblestone":58,"jujutsucraft:sword_black":1,"minecraft:oak_planks":16,"minecraft:granite":6,"jujutsucraft:uniform_normal_chestplate":1,"minecraft:dirt":1,"minecraft:gray_terracotta":3,"minecraft:wooden_pickaxe":1,"jujutsucraft:uniform_normal_boots":1},"minecraft:picked_up":{"minecraft:crafting_table":2,"minecraft:jungle_log":3,"minecraft:salmon":8,"minecraft:oak_log":24,"minecraft:lapis_lazuli":14,"minecraft:dirt":8,"minecraft:string":1,"minecraft:stone_bricks":3,"minecraft:gray_terracotta":3,"jujutsucraft:sword_black":1,"minecraft:chest":1,"minecraft:oak_planks":4,"minecraft:furnace":2,"minecraft:stick":1,"minecraft:stone":2,"minecraft:torch":1,"minecraft:porkchop":12,"minecraft:stone_sword":1,"minecraft:granite":22,"minecraft:oak_sapling":1,"minecraft:coal":20,"minecraft:cobblestone":183},"minecraft:broken":{"minecraft:stone_pickaxe":1},"minecraft:custom":{"minecraft:interact_with_furnace":3,"minecraft:mob_kills":23,"minecraft:interact_with_crafting_table":5,"minecraft:damage_dealt_resisted":1553,"minecraft:leave_game":10,"minecraft:time_since_death":2447,"minecraft:climb_one_cm":5291,"minecraft:time_since_rest":2162,"minecraft:sprint_one_cm":189457,"minecraft:damage_taken":6181,"minecraft:walk_one_cm":163236,"minecraft:drop":17,"minecraft:damage_dealt":24,"minecraft:swim_one_cm":888,"minecraft:fly_one_cm":298750,"minecraft:player_kills":1,"minecraft:open_chest":6,"minecraft:crouch_one_cm":11718,"minecraft:play_time":62838,"minecraft:deaths":13,"minecraft:sneak_time":4471,"minecraft:walk_under_water_one_cm":19149,"minecraft:jump":1140,"minecraft:walk_on_water_one_cm":52380,"minecraft:total_world_time":62838,"minecraft:fall_one_cm":33596},"minecraft:killed_by":{"jujutsucraft:cursed_spirit_grade_311":1,"minecraft:player":2,"jujutsucraft:kumiya_juzo":1,"jujutsucraft:curse_user":2,"jujutsucraft:cursed_spirit_grade_23":1},"minecraft:crafted":{"minecraft:oak_planks":96,"minecraft:crafting_table":2,"minecraft:wooden_pickaxe":1,"minecraft:stone_axe":1,"minecraft:jungle_planks":12,"minecraft:stick":60,"minecraft:stone_pickaxe":2,"minecraft:stone_sword":1,"minecraft:torch":20},"minecraft:mined":{"minecraft:gray_terracotta":1,"minecraft:glass_pane":4,"minecraft:potted_cactus":1,"minecraft:crafting_table":2,"minecraft:granite":23,"minecraft:grass_block":2,"minecraft:gray_stained_glass":2,"minecraft:chest":2,"minecraft:jungle_log":3,"minecraft:glass":4,"minecraft:cobblestone":3,"minecraft:lapis_ore":2,"minecraft:oak_planks":4,"minecraft:wall_torch":1,"minecraft:furnace":2,"minecraft:grass":1,"minecraft:oak_log":27,"minecraft:coal_ore":15,"minecraft:vine":2,"minecraft:dirt":5,"minecraft:cobweb":1,"minecraft:stone":182,"minecraft:stone_bricks":3,"minecraft:oak_leaves":10},"minecraft:killed":{"jujutsucraft:cursed_spirit_grade_32":1,"jujutsucraft:cursed_spirit_grade_33":6,"minecraft:pig":3,"jujutsucraft:cursed_spirit_grade_39":2,"jujutsucraft:cursed_spirit_grade_314":1,"jujutsucraft:cursed_spirit_grade_311":2,"jujutsucraft:cursed_spirit_grade_310":1,"jujutsucraft:cursed_spirit_grade_36":1,"jujutsucraft:cursed_spirit_grade_317":2,"jujutsucraft:cursed_spirit_grade_315":1,"jujutsucraft:cursed_spirit_grade_38":1,"jujutsucraft:cursed_spirit_grade_34":1,"jujutsucraft:cursed_spirit_grade_319":1},"minecraft:used":{"minecraft:stone_sword":1,"minecraft:stone_pickaxe":230,"minecraft:oak_planks":1,"minecraft:chest":2,"minecraft:wooden_pickaxe":9,"minecraft:stone":1,"minecraft:torch":17,"jujutsucraft:clothes_hakari_kinji_helmet":1,"minecraft:dirt":7,"minecraft:crafting_table":2,"minecraft:jungle_planks":2,"jujutsucraft:clothes_hakari_kinji_chestplate":1,"jujutsucraft:clothes_hakari_kinji_boots":1,"minecraft:stone_axe":27,"jujutsucraft:clothes_hakari_kinji_leggings":1,"minecraft:cobblestone":20,"minecraft:furnace":2,"minecraft:oak_sapling":1,"tombstone:gift":2}},"DataVersion":3465}