{"stat.leaveGame":8,"stat.craftItem.minecraft.iron_axe":1,"stat.mineBlock.minecraft.sandstone":1,"stat.pickup.srparasites.parasitecanister":1,"stat.useItem.minecraft.planks":3,"stat.useItem.minecraft.water_bucket":20,"stat.pickup.minecraft.rotten_flesh":41,"stat.pickup.minecraft.sand":47,"stat.craftItem.minecraft.stone_axe":2,"stat.killEntity.Enderman":3,"stat.craftItem.minecraft.stone_sword":1,"stat.pickup.dynamictrees.spruceseed":10,"stat.craftItem.minecraft.iron_shovel":1,"stat.mineBlock.minecraft.sand":47,"stat.pickup.spartanshields.shield_basic_stone":1,"stat.craftItem.spartanshields.shield_basic_wood":2,"stat.useItem.minecraft.iron_pickaxe":231,"stat.useItem.minecraft.spawn_egg":1,"stat.craftItem.minecraft.wooden_pickaxe":1,"stat.useItem.minecraft.iron_shovel":21,"stat.craftItem.minecraft.glass_pane":16,"stat.furnaceInteraction":129,"stat.craftItem.spartanweaponry.material":4,"stat.killEntity.ZombieVillager":1,"stat.pickup.srparasites.lurecomponent2":2,"stat.pickup.srparasites.lurecomponent1":10,"stat.pickup.minecraft.beef":136,"stat.pickup.minecraft.furnace":6,"stat.useItem.spartanweaponry.saber_iron":275,"stat.pickup.minecraft.skull":1,"stat.pickup.tombstone.magic_scroll":3,"stat.pickup.minecraft.emerald":10,"stat.craftItem.securitycraft.laser_block":1,"stat.pickup.dynamictrees.oakseed":56,"stat.pickup.ironchest.iron_chest":3,"stat.deaths":22,"stat.pickup.minecraft.egg":3,"stat.playOneMinute":284343,"stat.craftItem.minecraft.iron_pickaxe":1,"stat.pickup.minecraft.glass_pane":15,"stat.drop.minecraft.torch":1,"stat.mineBlock.nocubessrpnests.fleshwormteeth":15,"stat.mineBlock.minecraft.tallgrass":26,"stat.craftItem.minecraft.cooked_mutton":3,"stat.pickup.minecraft.cooked_mutton":3,"stat.chestOpened":12,"stat.useItem.minecraft.stone":62,"stat.pickup.minecraft.arrow":20,"stat.craftItem.minecraft.coal":9,"stat.drop.minecraft.iron_pickaxe":1,"stat.fallOneCm":132462,"stat.drop.minecraft.stone":46,"stat.crouchOneCm":46409,"stat.craftItem.minecraft.iron_ingot":189,"stat.craftingTableInteraction":63,"stat.pickup.minecraft.milk_bucket":1,"stat.pickup.minecraft.feather":2,"stat.useItem.minecraft.furnace":4,"stat.pickup.minecraft.dye":55,"stat.pickup.minecraft.planks":191,"stat.pickup.minecraft.iron_leggings":1,"stat.pickup.minecraft.wheat_seeds":5,"stat.mineBlock.minecraft.gravel":38,"stat.useItem.minecraft.stone_pickaxe":1049,"stat.useItem.minecraft.stone_sword":141,"stat.mineBlock.minecraft.dirt":17,"stat.mineBlock.minecraft.monster_egg":1,"stat.drop.spartanweaponry.saber_stone":1,"stat.useItem.minecraft.torch":212,"stat.drop.tombstone.crafting_ingredient":4,"stat.craftItem.minecraft.redstone_block":30,"stat.drop.minecraft.rotten_flesh":5,"stat.pickup.minecraft.crafting_table":4,"stat.useItem.minecraft.cobblestone":397,"stat.craftItem.minecraft.crafting_table":2,"stat.mineBlock.minecraft.double_plant":2,"stat.drop.srparasites.parasitecanister":1,"stat.useItem.dynamictrees.oakseed":6,"stat.mineBlock.minecraft.emerald_ore":10,"stat.pickup.minecraft.log":74,"stat.drop.minecraft.chicken":1,"stat.craftItem.spartanweaponry.saber_iron":2,"stat.pickup.minecraft.iron_pickaxe":1,"stat.craftItem.minecraft.gold_ingot":36,"stat.pickup.minecraft.chicken":2,"stat.entityKilledBy.Enderman":1,"stat.mineBlock.nocubessrpnests.fleshwormacid":12,"stat.craftItem.minecraft.bucket":2,"stat.craftItem.minecraft.planks":244,"stat.craftItem.minecraft.wooden_door":3,"stat.useItem.minecraft.wooden_door":2,"stat.sneakTime":18356,"stat.pickup.minecraft.wool":2,"stat.pickup.minecraft.bone":25,"stat.useItem.minecraft.iron_axe":5,"stat.mineBlock.minecraft.cobblestone":54,"stat.pickup.minecraft.stone_pickaxe":1,"stat.pickup.minecraft.flint":4,"stat.craftItem.tombstone.grave_key":1,"stat.mineBlock.srparasites.gore":120,"stat.useItem.minecraft.diamond_sword":8,"stat.pickup.nocubessrpnests.fleshwormspike":1,"stat.swimOneCm":75974,"stat.climbOneCm":168,"stat.drop.minecraft.cobblestone":66,"stat.useItem.minecraft.dirt":27,"stat.mineBlock.ironchest.iron_chest":2,"stat.useItem.minecraft.stone_slab2":109,"stat.drop.spartanshields.shield_basic_stone":1,"stat.craftItem.minecraft.furnace":4,"stat.useItem.minecraft.egg":4,"stat.craftItem.spartanshields.shield_basic_iron":1,"stat.craftItem.minecraft.iron_boots":2,"stat.pickup.minecraft.anvil":1,"stat.craftItem.minecraft.stone_pickaxe":8,"stat.craftItem.minecraft.cooked_beef":129,"stat.mineBlock.minecraft.obsidian":30,"stat.pickup.minecraft.cobblestone":3087,"stat.useItem.minecraft.stone_shovel":76,"stat.flyOneCm":795582,"stat.pickup.minecraft.sandstone":1,"stat.drop.minecraft.wheat_seeds":1,"stat.useItem.minecraft.cooked_beef":56,"stat.pickup.minecraft.redstone":276,"stat.mineBlock.minecraft.iron_ore":189,"stat.timeSinceDeath":18790,"stat.pickup.minecraft.mutton":3,"stat.craftItem.minecraft.iron_block":3,"stat.craftItem.minecraft.stonebrick":56,"stat.drop.minecraft.dirt":14,"stat.mineBlock.minecraft.coal_ore":254,"stat.killEntity.Creeper":6,"stat.talkedToVillager":7,"stat.pickup.minecraft.string":7,"stat.pickup.spartanweaponry.material":2,"stat.pickup.tombstone.crafting_ingredient":8,"stat.useItem.spartanweaponry.saber_stone":3,"stat.useItem.minecraft.milk_bucket":3,"stat.entityKilledBy.Skeleton":2,"stat.craftItem.minecraft.stone_slab2":0,"stat.killEntity.Squid":5,"stat.sprintOneCm":899909,"stat.craftItem.minecraft.stick":128,"stat.useItem.tombstone.magic_scroll":8,"stat.craftItem.minecraft.stone":64,"stat.mineBlock.minecraft.diamond_ore":6,"stat.mineBlock.minecraft.crafting_table":4,"stat.useItem.minecraft.diamond_pickaxe":1315,"stat.mineBlock.minecraft.planks":2,"stat.drop":36,"stat.craftItem.spartanshields.shield_basic_stone":1,"stat.killEntity.Sheep":2,"stat.craftItem.minecraft.emerald":6,"stat.craftItem.minecraft.diamond_pickaxe":1,"stat.killEntity.Zombie":26,"stat.mineBlock.minecraft.gold_ore":36,"stat.diveOneCm":31976,"stat.drop.minecraft.wooden_pickaxe":1,"stat.pickup.minecraft.gravel":186,"stat.drop.minecraft.cooked_beef":45,"stat.mineBlock.minecraft.anvil":1,"stat.pickup.minecraft.stone_axe":1,"stat.pickup.minecraft.obsidian":30,"stat.jump":6120,"stat.pickup.minecraft.coal":284,"stat.pickup.minecraft.iron_ingot":36,"stat.useItem.minecraft.stone_axe":19,"stat.pickup.minecraft.gunpowder":7,"stat.pickup.minecraft.spider_eye":7,"stat.craftItem.minecraft.torch":216,"stat.pickup.minecraft.dirt":70,"stat.craftItem.minecraft.iron_helmet":2,"stat.pickup.nocubessrpnests.wormtooth":15,"stat.pickup.minecraft.iron_ore":189,"stat.drop.spartanweaponry.saber_iron":2,"stat.pickup.minecraft.gold_ore":36,"stat.mineBlock.minecraft.lapis_ore":13,"stat.damageTaken":9539,"stat.pickup.minecraft.leather":116,"stat.mineBlock.minecraft.furnace":6,"stat.mineBlock.minecraft.torch":11,"stat.useItem.minecraft.wooden_pickaxe":9,"stat.tradedWithVillager":6,"stat.pickup.srparasites.assimilated_flesh":9,"tombstone:undead_killed":42,"stat.useItem.tombstone.grave_key":2,"stat.damageDealt":26084,"stat.craftItem.minecraft.glass":47,"stat.pickup.spartanweaponry.saber_iron":2,"stat.craftItem.minecraft.anvil":1,"stat.mineBlock.nocubessrpnests.fleshwormspike":1,"stat.killEntity.Silverfish":1,"stat.killEntity.Cow":68,"stat.craftItem.spartanweaponry.saber_stone":1,"stat.craftItem.minecraft.stone_shovel":1,"stat.craftItem.securitycraft.universal_block_reinforcer_lvl1":1,"stat.walkOneCm":644979,"stat.pickup.minecraft.stick":39,"stat.useItem.tombstone.gift":2,"stat.pickup.minecraft.stone":228,"stat.craftItem.minecraft.iron_chestplate":2,"stat.pickup.minecraft.cooked_beef":43,"stat.killEntity.Skeleton":15,"stat.killEntity.Chicken":1,"stat.mineBlock.srparasites.infestremain":26,"stat.killEntity.Spider":9,"stat.craftItem.ironchest.wood_iron_chest_upgrade":2,"stat.mobKills":194,"stat.drop.tombstone.magic_scroll":1,"stat.pickup.minecraft.diamond":6,"stat.mineBlock.srparasites.parasitecanister":2,"stat.pickup.minecraft.torch":15,"stat.mineBlock.minecraft.redstone_ore":61,"stat.drop.minecraft.stone_axe":2,"stat.drop.minecraft.beef":1,"stat.mineBlock.minecraft.stone":1894}